date,ordinal,equity,cash,gross_exposure
2021-01-01,737791.0,100000.0,100000.0,0
2021-01-02,737792.0,100000.0,100000.0,0
2021-01-03,737793.0,100000.0,100000.0,0
2021-01-04,737794.0,100000.0,100000.0,0
2021-01-05,737795.0,100000.0,100000.0,0
2021-01-06,737796.0,100000.0,100000.0,0
2021-01-07,737797.0,100000.0,100000.0,0
2021-01-08,737798.0,100000.0,100000.0,0
2021-01-09,737799.0,100000.0,100000.0,0
2021-01-10,737800.0,100000.0,100000.0,0
2021-01-11,737801.0,100000.0,100000.0,0
2021-01-12,737802.0,100000.0,100000.0,0
2021-01-13,737803.0,100000.0,100000.0,0
2021-01-14,737804.0,100000.0,100000.0,0
2021-01-15,737805.0,100000.0,100000.0,0
2021-01-16,737806.0,100000.0,100000.0,0
2021-01-17,737807.0,100000.0,100000.0,0
2021-01-18,737808.0,100000.0,100000.0,0
2021-01-19,737809.0,100000.0,100000.0,0
2021-01-20,737810.0,100000.0,100000.0,0
2021-01-21,737811.0,100000.0,100000.0,0
2021-01-22,737812.0,100000.0,100000.0,0
2021-01-23,737813.0,100000.0,100000.0,0
2021-01-24,737814.0,100000.0,100000.0,0
2021-01-25,737815.0,100000.0,100000.0,0
2021-01-26,737816.0,100000.0,100000.0,0
2021-01-27,737817.0,100000.0,100000.0,0
2021-01-28,737818.0,100000.0,100000.0,0
2021-01-29,737819.0,100000.0,100000.0,0
2021-01-30,737820.0,100000.0,100000.0,0
2021-01-31,737821.0,100000.0,100000.0,0
2021-02-01,737822.0,100000.0,100000.0,0
2021-02-02,737823.0,100000.0,100000.0,0
2021-02-03,737824.0,100000.0,100000.0,0
2021-02-04,737825.0,100000.0,100000.0,0
2021-02-05,737826.0,100000.0,100000.0,0
2021-02-06,737827.0,100000.0,100000.0,0
2021-02-07,737828.0,100000.0,100000.0,0
2021-02-08,737829.0,100000.0,100000.0,0
2021-02-09,737830.0,100000.0,100000.0,0
2021-02-10,737831.0,100000.0,100000.0,0
2021-02-11,737832.0,100000.0,100000.0,0
2021-02-12,737833.0,100000.0,100000.0,0
2021-02-13,737834.0,100000.0,100000.0,0
2021-02-14,737835.0,100000.0,100000.0,0
2021-02-15,737836.0,100000.0,100000.0,0
2021-02-16,737837.0,100000.0,100000.0,0
2021-02-17,737838.0,100000.0,100000.0,0
2021-02-18,737839.0,100000.0,100000.0,0
2021-02-19,737840.0,100000.0,100000.0,0
2021-02-20,737841.0,100000.0,100000.0,0
2021-02-21,737842.0,100000.0,100000.0,0
2021-02-22,737843.0,100000.0,100000.0,0
2021-02-23,737844.0,100000.0,100000.0,0
2021-02-24,737845.0,100000.0,100000.0,0
2021-02-25,737846.0,100000.0,100000.0,0
2021-02-26,737847.0,100000.0,100000.0,0
2021-02-27,737848.0,100000.0,100000.0,0
2021-02-28,737849.0,100000.0,100000.0,0
2021-03-01,737850.0,100000.0,100000.0,0
2021-03-02,737851.0,100000.0,100000.0,0
2021-03-03,737852.0,100000.0,100000.0,0
2021-03-04,737853.0,100000.0,100000.0,0
2021-03-05,737854.0,100000.0,100000.0,0
2021-03-06,737855.0,100000.0,100000.0,0
2021-03-07,737856.0,100000.0,100000.0,0
2021-03-08,737857.0,100000.0,100000.0,0
2021-03-09,737858.0,100000.0,100000.0,0
2021-03-10,737859.0,100000.0,100000.0,0
2021-03-11,737860.0,100000.0,100000.0,0
2021-03-12,737861.0,100000.0,100000.0,0
2021-03-13,737862.0,100000.0,100000.0,0
2021-03-14,737863.0,100000.0,100000.0,0
2021-03-15,737864.0,100000.0,100000.0,0
2021-03-16,737865.0,100000.0,100000.0,0
2021-03-17,737866.0,100000.0,100000.0,0
2021-03-18,737867.0,100000.0,100000.0,0
2021-03-19,737868.0,100000.0,100000.0,0
2021-03-20,737869.0,100000.0,100000.0,0
2021-03-21,737870.0,100000.0,100000.0,0
2021-03-22,737871.0,100000.0,100000.0,0
2021-03-23,737872.0,100000.0,100000.0,0
2021-03-24,737873.0,100000.0,100000.0,0
2021-03-25,737874.0,100000.0,100000.0,0
2021-03-26,737875.0,100000.0,100000.0,0
2021-03-27,737876.0,100000.0,100000.0,0
2021-03-28,737877.0,100000.0,100000.0,0
2021-03-29,737878.0,100000.0,100000.0,0
2021-03-30,737879.0,100000.0,100000.0,0
2021-03-31,737880.0,100000.0,100000.0,0
2021-04-01,737881.0,100000.0,100000.0,0
2021-04-02,737882.0,100000.0,100000.0,0
2021-04-03,737883.0,100000.0,100000.0,0
2021-04-04,737884.0,100000.0,100000.0,0
2021-04-05,737885.0,100000.0,100000.0,0
2021-04-06,737886.0,100000.0,100000.0,0
2021-04-07,737887.0,100000.0,100000.0,0
2021-04-08,737888.0,100000.0,100000.0,0
2021-04-09,737889.0,100000.0,100000.0,0
2021-04-10,737890.0,100000.0,100000.0,0
2021-04-11,737891.0,100000.0,100000.0,0
2021-04-12,737892.0,100000.0,100000.0,0
2021-04-13,737893.0,100000.0,100000.0,0
2021-04-14,737894.0,100000.0,100000.0,0
2021-04-15,737895.0,100000.0,100000.0,0
2021-04-16,737896.0,100000.0,100000.0,0
2021-04-17,737897.0,100000.0,100000.0,0
2021-04-18,737898.0,100000.0,100000.0,0
2021-04-19,737899.0,100000.0,100000.0,0
2021-04-20,737900.0,100000.0,100000.0,0
2021-04-21,737901.0,100000.0,100000.0,0
2021-04-22,737902.0,100000.0,100000.0,0
2021-04-23,737903.0,100000.0,100000.0,0
2021-04-24,737904.0,100000.0,100000.0,0
2021-04-25,737905.0,100000.0,100000.0,0
2021-04-26,737906.0,100000.0,100000.0,0
2021-04-27,737907.0,100000.0,100000.0,0
2021-04-28,737908.0,100000.0,100000.0,0
2021-04-29,737909.0,100000.0,100000.0,0
2021-04-30,737910.0,100000.0,100000.0,0
2021-05-01,737911.0,100000.0,100000.0,0
2021-05-02,737912.0,100000.0,100000.0,0
2021-05-03,737913.0,100000.0,100000.0,0
2021-05-04,737914.0,100000.0,100000.0,0
2021-05-05,737915.0,100000.0,100000.0,0
2021-05-06,737916.0,100000.0,100000.0,0
2021-05-07,737917.0,100000.0,100000.0,0
2021-05-08,737918.0,100000.0,100000.0,0
2021-05-09,737919.0,100000.0,100000.0,0
2021-05-10,737920.0,100000.0,100000.0,0
2021-05-11,737921.0,100000.0,100000.0,0
2021-05-12,737922.0,100000.0,100000.0,0
2021-05-13,737923.0,100000.0,100000.0,0
2021-05-14,737924.0,100000.0,100000.0,0
2021-05-15,737925.0,100000.0,100000.0,0
2021-05-16,737926.0,100000.0,100000.0,0
2021-05-17,737927.0,100000.0,100000.0,0
2021-05-18,737928.0,100000.0,100000.0,0
2021-05-19,737929.0,100000.0,100000.0,0
2021-05-20,737930.0,100000.0,100000.0,0
2021-05-21,737931.0,100000.0,100000.0,0
2021-05-22,737932.0,100000.0,100000.0,0
2021-05-23,737933.0,100000.0,100000.0,0
2021-05-24,737934.0,100000.0,100000.0,0
2021-05-25,737935.0,100000.0,100000.0,0
2021-05-26,737936.0,100000.0,100000.0,0
2021-05-27,737937.0,100000.0,100000.0,0
2021-05-28,737938.0,100000.0,100000.0,0
2021-05-29,737939.0,100000.0,100000.0,0
2021-05-30,737940.0,100000.0,100000.0,0
2021-05-31,737941.0,100000.0,100000.0,0
2021-06-01,737942.0,100000.0,100000.0,0
2021-06-02,737943.0,100000.0,100000.0,0
2021-06-03,737944.0,100000.0,100000.0,0
2021-06-04,737945.0,100000.0,100000.0,0
2021-06-05,737946.0,100000.0,100000.0,0
2021-06-06,737947.0,100000.0,100000.0,0
2021-06-07,737948.0,100000.0,100000.0,0
2021-06-08,737949.0,100000.0,100000.0,0
2021-06-09,737950.0,100000.0,100000.0,0
2021-06-10,737951.0,100000.0,100000.0,0
2021-06-11,737952.0,100000.0,100000.0,0
2021-06-12,737953.0,100000.0,100000.0,0
2021-06-13,737954.0,100000.0,100000.0,0
2021-06-14,737955.0,100000.0,100000.0,0
2021-06-15,737956.0,100000.0,100000.0,0
2021-06-16,737957.0,100000.0,100000.0,0
2021-06-17,737958.0,100000.0,100000.0,0
2021-06-18,737959.0,100000.0,100000.0,0
2021-06-19,737960.0,100000.0,100000.0,0
2021-06-20,737961.0,100000.0,100000.0,0
2021-06-21,737962.0,100000.0,100000.0,0
2021-06-22,737963.0,100000.0,100000.0,0
2021-06-23,737964.0,100000.0,100000.0,0
2021-06-24,737965.0,100000.0,100000.0,0
2021-06-25,737966.0,100000.0,100000.0,0
2021-06-26,737967.0,100000.0,100000.0,0
2021-06-27,737968.0,100000.0,100000.0,0
2021-06-28,737969.0,100000.0,100000.0,0
2021-06-29,737970.0,100000.0,100000.0,0
2021-06-30,737971.0,100000.0,100000.0,0
2021-07-01,737972.0,100000.0,100000.0,0
2021-07-02,737973.0,100000.0,100000.0,0
2021-07-03,737974.0,100000.0,100000.0,0
2021-07-04,737975.0,100000.0,100000.0,0
2021-07-05,737976.0,100000.0,100000.0,0
2021-07-06,737977.0,100000.0,100000.0,0
2021-07-07,737978.0,100000.0,100000.0,0
2021-07-08,737979.0,100000.0,100000.0,0
2021-07-09,737980.0,100000.0,100000.0,0
2021-07-10,737981.0,100000.0,100000.0,0
2021-07-11,737982.0,100000.0,100000.0,0
2021-07-12,737983.0,100000.0,100000.0,0
2021-07-13,737984.0,100000.0,100000.0,0
2021-07-14,737985.0,100000.0,100000.0,0
2021-07-15,737986.0,100000.0,100000.0,0
2021-07-16,737987.0,100000.0,100000.0,0
2021-07-17,737988.0,100000.0,100000.0,0
2021-07-18,737989.0,100000.0,100000.0,0
2021-07-19,737990.0,100000.0,100000.0,0
2021-07-20,737991.0,100000.0,100000.0,0
2021-07-21,737992.0,100000.0,100000.0,0
2021-07-22,737993.0,100000.0,100000.0,0
2021-07-23,737994.0,100000.0,100000.0,0
2021-07-24,737995.0,100000.0,100000.0,0
2021-07-25,737996.0,100000.0,100000.0,0
2021-07-26,737997.0,100000.0,100000.0,0
2021-07-27,737998.0,100000.0,100000.0,0
2021-07-28,737999.0,100000.0,100000.0,0
2021-07-29,738000.0,100000.0,100000.0,0
2021-07-30,738001.0,100000.0,100000.0,0
2021-07-31,738002.0,100000.0,100000.0,0
2021-08-01,738003.0,100000.0,100000.0,0
2021-08-02,738004.0,100000.0,100000.0,0
2021-08-03,738005.0,100000.0,100000.0,0
2021-08-04,738006.0,100000.0,100000.0,0
2021-08-05,738007.0,100000.0,100000.0,0
2021-08-06,738008.0,100000.0,100000.0,0
2021-08-07,738009.0,100000.0,100000.0,0
2021-08-08,738010.0,100000.0,100000.0,0
2021-08-09,738011.0,100000.0,100000.0,0
2021-08-10,738012.0,100000.0,100000.0,0
2021-08-11,738013.0,100000.0,100000.0,0
2021-08-12,738014.0,100000.0,100000.0,0
2021-08-13,738015.0,100000.0,100000.0,0
2021-08-14,738016.0,100000.0,100000.0,0
2021-08-15,738017.0,100000.0,100000.0,0
2021-08-16,738018.0,100000.0,100000.0,0
2021-08-17,738019.0,100000.0,100000.0,0
2021-08-18,738020.0,100000.0,100000.0,0
2021-08-19,738021.0,100000.0,100000.0,0
2021-08-20,738022.0,100000.0,100000.0,0
2021-08-21,738023.0,100000.0,100000.0,0
2021-08-22,738024.0,100000.0,100000.0,0
2021-08-23,738025.0,100000.0,100000.0,0
2021-08-24,738026.0,100000.0,100000.0,0
2021-08-25,738027.0,100000.0,100000.0,0
2021-08-26,738028.0,100000.0,100000.0,0
2021-08-27,738029.0,100000.0,100000.0,0
2021-08-28,738030.0,100000.0,100000.0,0
2021-08-29,738031.0,100000.0,100000.0,0
2021-08-30,738032.0,100000.0,100000.0,0
2021-08-31,738033.0,100000.0,100000.0,0
2021-09-01,738034.0,100000.0,100000.0,0
2021-09-02,738035.0,100000.0,100000.0,0
2021-09-03,738036.0,100000.0,100000.0,0
2021-09-04,738037.0,100000.0,100000.0,0
2021-09-05,738038.0,100000.0,100000.0,0
2021-09-06,738039.0,100000.0,100000.0,0
2021-09-07,738040.0,100000.0,100000.0,0
2021-09-08,738041.0,100000.0,100000.0,0
2021-09-09,738042.0,100000.0,100000.0,0
2021-09-10,738043.0,100000.0,100000.0,0
2021-09-11,738044.0,100000.0,100000.0,0
2021-09-12,738045.0,100000.0,100000.0,0
2021-09-13,738046.0,100000.0,100000.0,0
2021-09-14,738047.0,100000.0,100000.0,0
2021-09-15,738048.0,100000.0,100000.0,0
2021-09-16,738049.0,100000.0,100000.0,0
2021-09-17,738050.0,100000.0,100000.0,0
2021-09-18,738051.0,100000.0,100000.0,0
2021-09-19,738052.0,100000.0,100000.0,0
2021-09-20,738053.0,100000.0,100000.0,0
2021-09-21,738054.0,100000.0,100000.0,0
2021-09-22,738055.0,100000.0,100000.0,0
2021-09-23,738056.0,100000.0,100000.0,0
2021-09-24,738057.0,100000.0,100000.0,0
2021-09-25,738058.0,100000.0,100000.0,0
2021-09-26,738059.0,100000.0,100000.0,0
2021-09-27,738060.0,100000.0,100000.0,0
2021-09-28,738061.0,100000.0,100000.0,0
2021-09-29,738062.0,100000.0,100000.0,0
2021-09-30,738063.0,100000.0,100000.0,0
2021-10-01,738064.0,100000.0,100000.0,0
2021-10-02,738065.0,100000.0,100000.0,0
2021-10-03,738066.0,100000.0,100000.0,0
2021-10-04,738067.0,100000.0,100000.0,0
2021-10-05,738068.0,100000.0,100000.0,0
2021-10-06,738069.0,100000.0,100000.0,0
2021-10-07,738070.0,100000.0,100000.0,0
2021-10-08,738071.0,100000.0,100000.0,0
2021-10-09,738072.0,100000.0,100000.0,0
2021-10-10,738073.0,100000.0,100000.0,0
2021-10-11,738074.0,100000.0,100000.0,0
2021-10-12,738075.0,100000.0,100000.0,0
2021-10-13,738076.0,100000.0,100000.0,0
2021-10-14,738077.0,100000.0,100000.0,0
2021-10-15,738078.0,100000.0,100000.0,0
2021-10-16,738079.0,100000.0,100000.0,0
2021-10-17,738080.0,100000.0,100000.0,0
2021-10-18,738081.0,100000.0,100000.0,0
2021-10-19,738082.0,100000.0,100000.0,0
2021-10-20,738083.0,100000.0,100000.0,0
2021-10-21,738084.0,100000.0,100000.0,0
2021-10-22,738085.0,100000.0,100000.0,0
2021-10-23,738086.0,100000.0,100000.0,0
2021-10-24,738087.0,100000.0,100000.0,0
2021-10-25,738088.0,100000.0,100000.0,0
2021-10-26,738089.0,100000.0,100000.0,0
2021-10-27,738090.0,100000.0,100000.0,0
2021-10-28,738091.0,100000.0,100000.0,0
2021-10-29,738092.0,100000.0,100000.0,0
2021-10-30,738093.0,100000.0,100000.0,0
2021-10-31,738094.0,100000.0,100000.0,0
2021-11-01,738095.0,100000.0,100000.0,0
2021-11-02,738096.0,100000.0,100000.0,0
2021-11-03,738097.0,100000.0,100000.0,0
2021-11-04,738098.0,100000.0,100000.0,0
2021-11-05,738099.0,100000.0,100000.0,0
2021-11-06,738100.0,100000.0,100000.0,0
2021-11-07,738101.0,100000.0,100000.0,0
2021-11-08,738102.0,100000.0,100000.0,0
2021-11-09,738103.0,100000.0,100000.0,0
2021-11-10,738104.0,100000.0,100000.0,0
2021-11-11,738105.0,100000.0,100000.0,0
2021-11-12,738106.0,100000.0,100000.0,0
2021-11-13,738107.0,100000.0,100000.0,0
2021-11-14,738108.0,100000.0,100000.0,0
2021-11-15,738109.0,100000.0,100000.0,0
2021-11-16,738110.0,100000.0,100000.0,0
2021-11-17,738111.0,100000.0,100000.0,0
2021-11-18,738112.0,100000.0,100000.0,0
2021-11-19,738113.0,100000.0,100000.0,0
2021-11-20,738114.0,100000.0,100000.0,0
2021-11-21,738115.0,100000.0,100000.0,0
2021-11-22,738116.0,100000.0,100000.0,0
2021-11-23,738117.0,100000.0,100000.0,0
2021-11-24,738118.0,100000.0,100000.0,0
2021-11-25,738119.0,100000.0,100000.0,0
2021-11-26,738120.0,100000.0,100000.0,0
2021-11-27,738121.0,100000.0,100000.0,0
2021-11-28,738122.0,100000.0,100000.0,0
2021-11-29,738123.0,100000.0,100000.0,0
2021-11-30,738124.0,100000.0,100000.0,0
2021-12-01,738125.0,100000.0,100000.0,0
2021-12-02,738126.0,100000.0,100000.0,0
2021-12-03,738127.0,100000.0,100000.0,0
2021-12-04,738128.0,100000.0,100000.0,0
2021-12-05,738129.0,100000.0,100000.0,0
2021-12-06,738130.0,100000.0,100000.0,0
2021-12-07,738131.0,100000.0,100000.0,0
2021-12-08,738132.0,100000.0,100000.0,0
2021-12-09,738133.0,100000.0,100000.0,0
2021-12-10,738134.0,100000.0,100000.0,0
2021-12-11,738135.0,100000.0,100000.0,0
2021-12-12,738136.0,100000.0,100000.0,0
2021-12-13,738137.0,100000.0,100000.0,0
2021-12-14,738138.0,100000.0,100000.0,0
2021-12-15,738139.0,100000.0,100000.0,0
2021-12-16,738140.0,100000.0,100000.0,0
2021-12-17,738141.0,100000.0,100000.0,0
2021-12-18,738142.0,100000.0,100000.0,0
2021-12-19,738143.0,100000.0,100000.0,0
2021-12-20,738144.0,100000.0,100000.0,0
2021-12-21,738145.0,100000.0,100000.0,0
2021-12-22,738146.0,100000.0,100000.0,0
2021-12-23,738147.0,100000.0,100000.0,0
2021-12-24,738148.0,100000.0,100000.0,0
2021-12-25,738149.0,100000.0,100000.0,0
2021-12-26,738150.0,100000.0,100000.0,0
2021-12-27,738151.0,100000.0,100000.0,0
2021-12-28,738152.0,100000.0,100000.0,0
2021-12-29,738153.0,100000.0,100000.0,0
2021-12-30,738154.0,100000.0,100000.0,0
2021-12-31,738155.0,100000.0,100000.0,0
2022-01-01,738156.0,100000.0,100000.0,0
2022-01-02,738157.0,100000.0,100000.0,0
2022-01-03,738158.0,100000.0,100000.0,0
2022-01-04,738159.0,100000.0,100000.0,0
2022-01-05,738160.0,100000.0,100000.0,0
2022-01-06,738161.0,100000.0,100000.0,0
2022-01-07,738162.0,100000.0,100000.0,0
2022-01-08,738163.0,100000.0,100000.0,0
2022-01-09,738164.0,100000.0,100000.0,0
2022-01-10,738165.0,100000.0,100000.0,0
2022-01-11,738166.0,100000.0,100000.0,0
2022-01-12,738167.0,100000.0,100000.0,0
2022-01-13,738168.0,100000.0,100000.0,0
2022-01-14,738169.0,100000.0,100000.0,0
2022-01-15,738170.0,100000.0,100000.0,0
2022-01-16,738171.0,100000.0,100000.0,0
2022-01-17,738172.0,100000.0,100000.0,0
2022-01-18,738173.0,100000.0,100000.0,0
2022-01-19,738174.0,100000.0,100000.0,0
2022-01-20,738175.0,100000.0,100000.0,0
2022-01-21,738176.0,100000.0,100000.0,0
2022-01-22,738177.0,100000.0,100000.0,0
2022-01-23,738178.0,100000.0,100000.0,0
2022-01-24,738179.0,100000.0,100000.0,0
2022-01-25,738180.0,100000.0,100000.0,0
2022-01-26,738181.0,100000.0,100000.0,0
2022-01-27,738182.0,100000.0,100000.0,0
2022-01-28,738183.0,100000.0,100000.0,0
2022-01-29,738184.0,100000.0,100000.0,0
2022-01-30,738185.0,100000.0,100000.0,0
2022-01-31,738186.0,100000.0,100000.0,0
2022-02-01,738187.0,100000.0,100000.0,0
2022-02-02,738188.0,100000.0,100000.0,0
2022-02-03,738189.0,100000.0,100000.0,0
2022-02-04,738190.0,100000.0,100000.0,0
2022-02-05,738191.0,100000.0,100000.0,0
2022-02-06,738192.0,100000.0,100000.0,0
2022-02-07,738193.0,100000.0,100000.0,0
2022-02-08,738194.0,100000.0,100000.0,0
2022-02-09,738195.0,100000.0,100000.0,0
2022-02-10,738196.0,100000.0,100000.0,0
2022-02-11,738197.0,100000.0,100000.0,0
2022-02-12,738198.0,100000.0,100000.0,0
2022-02-13,738199.0,100000.0,100000.0,0
2022-02-14,738200.0,100000.0,100000.0,0
2022-02-15,738201.0,100000.0,100000.0,0
2022-02-16,738202.0,100000.0,100000.0,0
2022-02-17,738203.0,100000.0,100000.0,0
2022-02-18,738204.0,100000.0,100000.0,0
2022-02-19,738205.0,100000.0,100000.0,0
2022-02-20,738206.0,100000.0,100000.0,0
2022-02-21,738207.0,100000.0,100000.0,0
2022-02-22,738208.0,100000.0,100000.0,0
2022-02-23,738209.0,100000.0,100000.0,0
2022-02-24,738210.0,100000.0,100000.0,0
2022-02-25,738211.0,100000.0,100000.0,0
2022-02-26,738212.0,100000.0,100000.0,0
2022-02-27,738213.0,100000.0,100000.0,0
2022-02-28,738214.0,100000.0,100000.0,0
2022-03-01,738215.0,100000.0,100000.0,0
2022-03-02,738216.0,100000.0,100000.0,0
2022-03-03,738217.0,100000.0,100000.0,0
2022-03-04,738218.0,100000.0,100000.0,0
2022-03-05,738219.0,100000.0,100000.0,0
2022-03-06,738220.0,100000.0,100000.0,0
2022-03-07,738221.0,100000.0,100000.0,0
2022-03-08,738222.0,100000.0,100000.0,0
2022-03-09,738223.0,100000.0,100000.0,0
2022-03-10,738224.0,100000.0,100000.0,0
2022-03-11,738225.0,100000.0,100000.0,0
2022-03-12,738226.0,100000.0,100000.0,0
2022-03-13,738227.0,100000.0,100000.0,0
2022-03-14,738228.0,100000.0,100000.0,0
2022-03-15,738229.0,100000.0,100000.0,0
2022-03-16,738230.0,100000.0,100000.0,0
2022-03-17,738231.0,100000.0,100000.0,0
2022-03-18,738232.0,100000.0,100000.0,0
2022-03-19,738233.0,100000.0,100000.0,0
2022-03-20,738234.0,100000.0,100000.0,0
2022-03-21,738235.0,100000.0,100000.0,0
2022-03-22,738236.0,100000.0,100000.0,0
2022-03-23,738237.0,100000.0,100000.0,0
2022-03-24,738238.0,100000.0,100000.0,0
2022-03-25,738239.0,99980.18194199723,94735.26915487886,5244.912787118372
2022-03-26,738240.0,100052.6470667356,94735.26915487886,5317.377911856744
2022-03-27,738241.0,100307.35707704442,94735.26915487886,5572.087922165558
2022-03-28,738242.0,100398.8323059875,96172.5059490752,4226.3263569123
2022-03-29,738243.0,100484.54015329968,96172.5059490752,4312.034204224477
2022-03-30,738244.0,100465.87438155185,96172.5059490752,4293.3684324766555
2022-03-31,738245.0,100122.43561038218,89321.15577095088,10801.279839431303
2022-04-01,738246.0,100633.75463701051,89321.15577095088,11312.59886605963
2022-04-02,738247.0,100456.68918179414,89321.15577095088,11135.533410843258
2022-04-03,738248.0,100760.13477636066,89321.15577095088,11438.979005409781
2022-04-04,738249.0,100713.72972229977,89321.15577095088,11392.573951348897
2022-04-05,738250.0,100526.1636166326,89321.15577095088,11205.007845681725
2022-04-06,738251.0,99842.90553525083,89321.15577095088,10521.749764299953
2022-04-07,738252.0,100163.47563779575,89321.15577095088,10842.31986684487
2022-04-08,738253.0,99894.86121271482,89321.15577095088,10573.705441763945
2022-04-09,738254.0,100057.73828438274,89321.15577095088,10736.582513431855
2022-04-10,738255.0,99855.72787861114,89321.15577095088,10534.57210766026
2022-04-11,738256.0,99644.27334767014,99644.27334767014,0
2022-04-12,738257.0,99644.27334767014,99644.27334767014,0
2022-04-13,738258.0,99644.27334767014,99644.27334767014,0
2022-04-14,738259.0,99644.27334767014,99644.27334767014,0
2022-04-15,738260.0,99644.27334767014,99644.27334767014,0
2022-04-16,738261.0,99644.27334767014,99644.27334767014,0
2022-04-17,738262.0,99644.27334767014,99644.27334767014,0
2022-04-18,738263.0,99644.27334767014,99644.27334767014,0
2022-04-19,738264.0,99644.27334767014,99644.27334767014,0
2022-04-20,738265.0,99644.27334767014,99644.27334767014,0
2022-04-21,738266.0,99644.27334767014,99644.27334767014,0
2022-04-22,738267.0,99644.27334767014,99644.27334767014,0
2022-04-23,738268.0,99644.27334767014,99644.27334767014,0
2022-04-24,738269.0,99644.27334767014,99644.27334767014,0
2022-04-25,738270.0,99644.27334767014,99644.27334767014,0
2022-04-26,738271.0,99644.27334767014,99644.27334767014,0
2022-04-27,738272.0,99644.27334767014,99644.27334767014,0
2022-04-28,738273.0,99644.27334767014,99644.27334767014,0
2022-04-29,738274.0,99644.27334767014,99644.27334767014,0
2022-04-30,738275.0,99644.27334767014,99644.27334767014,0
2022-05-01,738276.0,99644.27334767014,99644.27334767014,0
2022-05-02,738277.0,99644.27334767014,99644.27334767014,0
2022-05-03,738278.0,99644.27334767014,99644.27334767014,0
2022-05-04,738279.0,99644.27334767014,99644.27334767014,0
2022-05-05,738280.0,99644.27334767014,99644.27334767014,0
2022-05-06,738281.0,99644.27334767014,99644.27334767014,0
2022-05-07,738282.0,99644.27334767014,99644.27334767014,0
2022-05-08,738283.0,99644.27334767014,99644.27334767014,0
2022-05-09,738284.0,99644.27334767014,99644.27334767014,0
2022-05-10,738285.0,99644.27334767014,99644.27334767014,0
2022-05-11,738286.0,99644.27334767014,99644.27334767014,0
2022-05-12,738287.0,99644.27334767014,99644.27334767014,0
2022-05-13,738288.0,99644.27334767014,99644.27334767014,0
2022-05-14,738289.0,99644.27334767014,99644.27334767014,0
2022-05-15,738290.0,99644.27334767014,99644.27334767014,0
2022-05-16,738291.0,99644.27334767014,99644.27334767014,0
2022-05-17,738292.0,99644.27334767014,99644.27334767014,0
2022-05-18,738293.0,99644.27334767014,99644.27334767014,0
2022-05-19,738294.0,99644.27334767014,99644.27334767014,0
2022-05-20,738295.0,99644.27334767014,99644.27334767014,0
2022-05-21,738296.0,99644.27334767014,99644.27334767014,0
2022-05-22,738297.0,99644.27334767014,99644.27334767014,0
2022-05-23,738298.0,99644.27334767014,99644.27334767014,0
2022-05-24,738299.0,99644.27334767014,99644.27334767014,0
2022-05-25,738300.0,99644.27334767014,99644.27334767014,0
2022-05-26,738301.0,99644.27334767014,99644.27334767014,0
2022-05-27,738302.0,99644.27334767014,99644.27334767014,0
2022-05-28,738303.0,99644.27334767014,99644.27334767014,0
2022-05-29,738304.0,99644.27334767014,99644.27334767014,0
2022-05-30,738305.0,99644.27334767014,99644.27334767014,0
2022-05-31,738306.0,99644.27334767014,99644.27334767014,0
2022-06-01,738307.0,99644.27334767014,99644.27334767014,0
2022-06-02,738308.0,99644.27334767014,99644.27334767014,0
2022-06-03,738309.0,99644.27334767014,99644.27334767014,0
2022-06-04,738310.0,99644.27334767014,99644.27334767014,0
2022-06-05,738311.0,99644.27334767014,99644.27334767014,0
2022-06-06,738312.0,99644.27334767014,99644.27334767014,0
2022-06-07,738313.0,99644.27334767014,99644.27334767014,0
2022-06-08,738314.0,99644.27334767014,99644.27334767014,0
2022-06-09,738315.0,99644.27334767014,99644.27334767014,0
2022-06-10,738316.0,99644.27334767014,99644.27334767014,0
2022-06-11,738317.0,99644.27334767014,99644.27334767014,0
2022-06-12,738318.0,99644.27334767014,99644.27334767014,0
2022-06-13,738319.0,99644.27334767014,99644.27334767014,0
2022-06-14,738320.0,99644.27334767014,99644.27334767014,0
2022-06-15,738321.0,99644.27334767014,99644.27334767014,0
2022-06-16,738322.0,99644.27334767014,99644.27334767014,0
2022-06-17,738323.0,99644.27334767014,99644.27334767014,0
2022-06-18,738324.0,99644.27334767014,99644.27334767014,0
2022-06-19,738325.0,99644.27334767014,99644.27334767014,0
2022-06-20,738326.0,99644.27334767014,99644.27334767014,0
2022-06-21,738327.0,99644.27334767014,99644.27334767014,0
2022-06-22,738328.0,99644.27334767014,99644.27334767014,0
2022-06-23,738329.0,99644.27334767014,99644.27334767014,0
2022-06-24,738330.0,99644.27334767014,99644.27334767014,0
2022-06-25,738331.0,99644.27334767014,99644.27334767014,0
2022-06-26,738332.0,99644.27334767014,99644.27334767014,0
2022-06-27,738333.0,99644.27334767014,99644.27334767014,0
2022-06-28,738334.0,99644.27334767014,99644.27334767014,0
2022-06-29,738335.0,99644.27334767014,99644.27334767014,0
2022-06-30,738336.0,99644.27334767014,99644.27334767014,0
2022-07-01,738337.0,99644.27334767014,99644.27334767014,0
2022-07-02,738338.0,99644.27334767014,99644.27334767014,0
2022-07-03,738339.0,99644.27334767014,99644.27334767014,0
2022-07-04,738340.0,99644.27334767014,99644.27334767014,0
2022-07-05,738341.0,99644.27334767014,99644.27334767014,0
2022-07-06,738342.0,99644.27334767014,99644.27334767014,0
2022-07-07,738343.0,99644.27334767014,99644.27334767014,0
2022-07-08,738344.0,99644.27334767014,99644.27334767014,0
2022-07-09,738345.0,99644.27334767014,99644.27334767014,0
2022-07-10,738346.0,99644.27334767014,99644.27334767014,0
2022-07-11,738347.0,99644.27334767014,99644.27334767014,0
2022-07-12,738348.0,99644.27334767014,99644.27334767014,0
2022-07-13,738349.0,99644.27334767014,99644.27334767014,0
2022-07-14,738350.0,99644.27334767014,99644.27334767014,0
2022-07-15,738351.0,99644.27334767014,99644.27334767014,0
2022-07-16,738352.0,99644.27334767014,99644.27334767014,0
2022-07-17,738353.0,99644.27334767014,99644.27334767014,0
2022-07-18,738354.0,99644.27334767014,99644.27334767014,0
2022-07-19,738355.0,99726.16529548998,94533.2853775729,5192.879917917079
2022-07-20,738356.0,99525.10069703005,94533.2853775729,4991.815319457147
2022-07-21,738357.0,99668.16589208807,94533.2853775729,5134.8805145151755
2022-07-22,738358.0,99606.29986179271,94533.2853775729,5073.0144842198115
2022-07-23,738359.0,99544.43383149734,94533.2853775729,5011.1484539244475
2022-07-24,738360.0,99586.96672732542,94533.2853775729,5053.68134975251
2022-07-25,738361.0,99262.17006827475,94533.2853775729,4728.8846907018515
2022-07-26,738362.0,99354.9691137178,94533.2853775729,4821.683736144897
2022-07-27,738363.0,99784.16469889188,94533.2853775729,5250.879321318982
2022-07-28,738364.0,99892.43025190877,94533.2853775729,5359.144874335868
2022-07-29,738365.0,100188.9132347208,95931.7570250211,4257.156209699705
2022-07-30,738366.0,100104.81409978804,95931.7570250211,4173.057074766945
2022-07-31,738367.0,100041.01475604594,95931.7570250211,4109.257731024851
2022-08-01,738368.0,100038.11478587585,95931.7570250211,4106.357760854756
2022-08-02,738369.0,100046.81469638614,95931.7570250211,4115.057671365042
2022-08-03,738370.0,100245.46265303766,95931.7570250211,4313.705628016561
2022-08-04,738371.0,100452.81052019946,95931.7570250211,4521.053495178366
2022-08-05,738372.0,100506.53725988376,97452.86867077355,3053.6685891102106
2022-08-06,738373.0,100499.7706628202,97452.86867077355,3046.9019920466553
2022-08-07,738374.0,100573.23657379595,97452.86867077355,3120.3679030224
2022-08-08,738375.0,100593.53636498662,97452.86867077355,3140.6676942130657
2022-08-09,738376.0,100588.7030813698,97452.86867077355,3135.8344105962406
2022-08-10,738377.0,100631.23597719785,97452.86867077355,3178.3673064243035
2022-08-11,738378.0,100580.96982758287,97452.86867077355,3128.1011568093204
2022-08-12,738379.0,100622.53606668756,97452.86867077355,3169.6673959140176
2022-08-13,738380.0,100587.73642464643,97452.86867077355,3134.8677538728757
2022-08-14,738381.0,100522.97042418097,97452.86867077355,3070.101753407417
2022-08-15,738382.0,100541.3369019249,97452.86867077355,3088.468231151353
2022-08-16,738383.0,100508.47057333049,97452.86867077355,3055.6019025569412
2022-08-17,738384.0,100419.53815478091,97452.86867077355,2966.669484007356
2022-08-18,738385.0,100334.47236312478,97452.86867077355,2881.6036923512315
2022-08-19,738386.0,100150.80758568541,97452.86867077355,2697.9389149118706
2022-08-20,738387.0,100195.27379496022,97452.86867077355,2742.4051241866628
2022-08-21,738388.0,100371.20531861264,97452.86867077355,2918.336647839103
2022-08-22,738389.0,100352.83884086872,97452.86867077355,2899.9701700951673
2022-08-23,738390.0,100346.07224380516,97452.86867077355,2893.203573031612
2022-08-24,738391.0,100318.03919882757,97452.86867077355,2865.170528054025
2022-08-25,738392.0,100364.4387215491,97452.86867077355,2911.5700507755478
2022-08-26,738393.0,100155.64086930224,97452.86867077355,2702.772198528696
2022-08-27,738394.0,100139.20770500504,97452.86867077355,2686.3390342314897
2022-08-28,738395.0,100125.67451087793,97452.86867077355,2672.805840104379
2022-08-29,738396.0,100216.54024287424,97452.86867077355,2763.671572100694
2022-08-30,738397.0,100174.97400376954,97452.86867077355,2722.1053329959973
2022-08-31,738398.0,100151.77424240878,97452.86867077355,2698.9055716352354
2022-09-01,738399.0,100143.0743318985,97452.86867077355,2690.20566112495
2022-09-02,738400.0,100135.34107811158,97452.86867077355,2682.47240733803
2022-09-03,738401.0,100138.24104828168,97452.86867077355,2685.372377508125
2022-09-04,738402.0,100150.80758568541,97452.86867077355,2697.9389149118706
2022-09-05,738403.0,100129.54113777139,97452.86867077355,2676.672466997839
2022-09-06,738404.0,100063.41540583578,100063.41540583578,0
2022-09-07,738405.0,100063.41540583578,100063.41540583578,0
2022-09-08,738406.0,100063.41540583578,100063.41540583578,0
2022-09-09,738407.0,100063.41540583578,100063.41540583578,0
2022-09-10,738408.0,100063.41540583578,100063.41540583578,0
2022-09-11,738409.0,100063.41540583578,100063.41540583578,0
2022-09-12,738410.0,100063.41540583578,100063.41540583578,0
2022-09-13,738411.0,100063.41540583578,100063.41540583578,0
2022-09-14,738412.0,100063.41540583578,100063.41540583578,0
2022-09-15,738413.0,100063.41540583578,100063.41540583578,0
2022-09-16,738414.0,100063.41540583578,100063.41540583578,0
2022-09-17,738415.0,100063.41540583578,100063.41540583578,0
2022-09-18,738416.0,100063.41540583578,100063.41540583578,0
2022-09-19,738417.0,100063.41540583578,100063.41540583578,0
2022-09-20,738418.0,100063.41540583578,100063.41540583578,0
2022-09-21,738419.0,100063.41540583578,100063.41540583578,0
2022-09-22,738420.0,100063.41540583578,100063.41540583578,0
2022-09-23,738421.0,100063.41540583578,100063.41540583578,0
2022-09-24,738422.0,100063.41540583578,100063.41540583578,0
2022-09-25,738423.0,100063.41540583578,100063.41540583578,0
2022-09-26,738424.0,100063.41540583578,100063.41540583578,0
2022-09-27,738425.0,100063.41540583578,100063.41540583578,0
2022-09-28,738426.0,100063.41540583578,100063.41540583578,0
2022-09-29,738427.0,100063.41540583578,100063.41540583578,0
2022-09-30,738428.0,100063.41540583578,100063.41540583578,0
2022-10-01,738429.0,100063.41540583578,100063.41540583578,0
2022-10-02,738430.0,100063.41540583578,100063.41540583578,0
2022-10-03,738431.0,100063.41540583578,100063.41540583578,0
2022-10-04,738432.0,100063.41540583578,100063.41540583578,0
2022-10-05,738433.0,100063.41540583578,100063.41540583578,0
2022-10-06,738434.0,100063.41540583578,100063.41540583578,0
2022-10-07,738435.0,100063.41540583578,100063.41540583578,0
2022-10-08,738436.0,100063.41540583578,100063.41540583578,0
2022-10-09,738437.0,100063.41540583578,100063.41540583578,0
2022-10-10,738438.0,100063.41540583578,100063.41540583578,0
2022-10-11,738439.0,100063.41540583578,100063.41540583578,0
2022-10-12,738440.0,100063.41540583578,100063.41540583578,0
2022-10-13,738441.0,100063.41540583578,100063.41540583578,0
2022-10-14,738442.0,100063.41540583578,100063.41540583578,0
2022-10-15,738443.0,100063.41540583578,100063.41540583578,0
2022-10-16,738444.0,100063.41540583578,100063.41540583578,0
2022-10-17,738445.0,100063.41540583578,100063.41540583578,0
2022-10-18,738446.0,100063.41540583578,100063.41540583578,0
2022-10-19,738447.0,100063.41540583578,100063.41540583578,0
2022-10-20,738448.0,100063.41540583578,100063.41540583578,0
2022-10-21,738449.0,100063.41540583578,100063.41540583578,0
2022-10-22,738450.0,100063.41540583578,100063.41540583578,0
2022-10-23,738451.0,100063.41540583578,100063.41540583578,0
2022-10-24,738452.0,100063.41540583578,100063.41540583578,0
2022-10-25,738453.0,100063.41540583578,100063.41540583578,0
2022-10-26,738454.0,100063.41540583578,100063.41540583578,0
2022-10-27,738455.0,100063.41540583578,100063.41540583578,0
2022-10-28,738456.0,100063.41540583578,100063.41540583578,0
2022-10-29,738457.0,100063.41540583578,100063.41540583578,0
2022-10-30,738458.0,100063.41540583578,100063.41540583578,0
2022-10-31,738459.0,100063.41540583578,100063.41540583578,0
2022-11-01,738460.0,100022.71750481828,94100.54669937363,5922.1708054446435
2022-11-02,738461.0,99955.06689666717,94100.54669937363,5854.520197293531
2022-11-03,738462.0,100125.1076144524,94100.54669937363,6024.5609150787595
2022-11-04,738463.0,100574.48998387404,95711.873973661,4862.616010213038
2022-11-05,738464.0,100500.4399938708,95711.873973661,4788.566020209793
2022-11-06,738465.0,100345.48353330845,95711.873973661,4633.609559647449
2022-11-07,738466.0,100333.14186830791,95711.873973661,4621.267894646909
2022-11-08,738467.0,99808.78769573574,99808.78769573574,0
2022-11-09,738468.0,99808.78769573574,99808.78769573574,0
2022-11-10,738469.0,99808.78769573574,99808.78769573574,0
2022-11-11,738470.0,99808.78769573574,99808.78769573574,0
2022-11-12,738471.0,99808.78769573574,99808.78769573574,0
2022-11-13,738472.0,99808.78769573574,99808.78769573574,0
2022-11-14,738473.0,99808.78769573574,99808.78769573574,0
2022-11-15,738474.0,99808.78769573574,99808.78769573574,0
2022-11-16,738475.0,99808.78769573574,99808.78769573574,0
2022-11-17,738476.0,99808.78769573574,99808.78769573574,0
2022-11-18,738477.0,99808.78769573574,99808.78769573574,0
2022-11-19,738478.0,99808.78769573574,99808.78769573574,0
2022-11-20,738479.0,99808.78769573574,99808.78769573574,0
2022-11-21,738480.0,99808.78769573574,99808.78769573574,0
2022-11-22,738481.0,99808.78769573574,99808.78769573574,0
2022-11-23,738482.0,99808.78769573574,99808.78769573574,0
2022-11-24,738483.0,99808.78769573574,99808.78769573574,0
2022-11-25,738484.0,99808.78769573574,99808.78769573574,0
2022-11-26,738485.0,99808.78769573574,99808.78769573574,0
2022-11-27,738486.0,99808.78769573574,99808.78769573574,0
2022-11-28,738487.0,99808.78769573574,99808.78769573574,0
2022-11-29,738488.0,99808.78769573574,99808.78769573574,0
2022-11-30,738489.0,99808.78769573574,99808.78769573574,0
2022-12-01,738490.0,99808.78769573574,99808.78769573574,0
2022-12-02,738491.0,99808.78769573574,99808.78769573574,0
2022-12-03,738492.0,99808.78769573574,99808.78769573574,0
2022-12-04,738493.0,99808.78769573574,99808.78769573574,0
2022-12-05,738494.0,99808.78769573574,99808.78769573574,0
2022-12-06,738495.0,99808.78769573574,99808.78769573574,0
2022-12-07,738496.0,99808.78769573574,99808.78769573574,0
2022-12-08,738497.0,99808.78769573574,99808.78769573574,0
2022-12-09,738498.0,99808.78769573574,99808.78769573574,0
2022-12-10,738499.0,99808.78769573574,99808.78769573574,0
2022-12-11,738500.0,99808.78769573574,99808.78769573574,0
2022-12-12,738501.0,99808.78769573574,99808.78769573574,0
2022-12-13,738502.0,99808.78769573574,99808.78769573574,0
2022-12-14,738503.0,99808.78769573574,99808.78769573574,0
2022-12-15,738504.0,99808.78769573574,99808.78769573574,0
2022-12-16,738505.0,99808.78769573574,99808.78769573574,0
2022-12-17,738506.0,99808.78769573574,99808.78769573574,0
2022-12-18,738507.0,99808.78769573574,99808.78769573574,0
2022-12-19,738508.0,99808.78769573574,99808.78769573574,0
2022-12-20,738509.0,99808.78769573574,99808.78769573574,0
2022-12-21,738510.0,99808.78769573574,99808.78769573574,0
2022-12-22,738511.0,99808.78769573574,99808.78769573574,0
2022-12-23,738512.0,99808.78769573574,99808.78769573574,0
2022-12-24,738513.0,99808.78769573574,99808.78769573574,0
2022-12-25,738514.0,99808.78769573574,99808.78769573574,0
2022-12-26,738515.0,99808.78769573574,99808.78769573574,0
2022-12-27,738516.0,99808.78769573574,99808.78769573574,0
2022-12-28,738517.0,99808.78769573574,99808.78769573574,0
2022-12-29,738518.0,99808.78769573574,99808.78769573574,0
2022-12-30,738519.0,99808.78769573574,99808.78769573574,0
2022-12-31,738520.0,99808.78769573574,99808.78769573574,0
2023-01-01,738521.0,99808.78769573574,99808.78769573574,0
2023-01-02,738522.0,99808.78769573574,99808.78769573574,0
2023-01-03,738523.0,99808.78769573574,99808.78769573574,0
2023-01-04,738524.0,99808.78769573574,99808.78769573574,0
2023-01-05,738525.0,99808.78769573574,99808.78769573574,0
2023-01-06,738526.0,99808.78769573574,99808.78769573574,0
2023-01-07,738527.0,99808.78769573574,99808.78769573574,0
2023-01-08,738528.0,99808.78769573574,99808.78769573574,0
2023-01-09,738529.0,99808.78769573574,99808.78769573574,0
2023-01-10,738530.0,99808.78769573574,99808.78769573574,0
2023-01-11,738531.0,99808.78769573574,99808.78769573574,0
2023-01-12,738532.0,99808.78769573574,99808.78769573574,0
2023-01-13,738533.0,99808.78769573574,99808.78769573574,0
2023-01-14,738534.0,99808.78769573574,99808.78769573574,0
2023-01-15,738535.0,99813.05885434398,93555.58657161982,6257.4722827241685
2023-01-16,738536.0,99911.48430016376,93555.58657161982,6355.897728543949
2023-01-17,738537.0,99865.65721912483,93555.58657161982,6310.070647505009
2023-01-18,738538.0,99647.44453948998,93555.58657161982,6091.857967870166
2023-01-19,738539.0,99807.2952021113,93555.58657161982,6251.708630491478
2023-01-20,738540.0,100240.29461424967,93555.58657161982,6684.708042629845
2023-01-21,738541.0,100156.18267378538,95238.96106146343,4917.221612321949
2023-01-22,738542.0,100158.54053151693,95238.96106146343,4919.579470053504
2023-01-23,738543.0,100155.06420281016,95238.96106146343,4916.103141346724
2023-01-24,738544.0,99942.4942596269,95238.96106146343,4703.533198163465
2023-01-25,738545.0,100111.6856663386,95238.96106146343,4872.7246048751695
2023-01-26,738546.0,100078.88726071376,95238.96106146343,4839.926199250334
2023-01-27,738547.0,100068.39781670287,95238.96106146343,4829.436755239442
2023-01-28,738548.0,99991.25354835764,95238.96106146343,4752.29248689421
2023-01-29,738549.0,100210.77614895446,95238.96106146343,4971.815087491028
2023-01-30,738550.0,99973.4184706446,95238.96106146343,4734.457409181166
2023-01-31,738551.0,100031.24644295825,95238.96106146343,4792.285381494815
2023-02-01,738552.0,100201.58654959044,95238.96106146343,4962.62548812702
2023-02-02,738553.0,100205.93951771024,95238.96106146343,4966.978456246812
2023-02-03,738554.0,100267.60656607398,95238.96106146343,5028.645504610557
2023-02-04,738555.0,100276.25204442302,95238.96106146343,5037.290982959592
2023-02-05,738556.0,100163.3167048706,95238.96106146343,4924.355643407166
2023-02-06,738557.0,100118.78946847854,95238.96106146343,4879.82840701511
2023-02-07,738558.0,100290.30850397653,95238.96106146343,5051.347442513092
2023-02-08,738559.0,100228.03687670725,95238.96106146343,4989.075815243821
2023-02-09,738560.0,99910.39111974342,95238.96106146343,4671.430058279987
2023-02-10,738561.0,99771.48888824954,99771.48888824954,0
2023-02-11,738562.0,99771.48888824954,99771.48888824954,0
2023-02-12,738563.0,99771.48888824954,99771.48888824954,0
2023-02-13,738564.0,99771.48888824954,99771.48888824954,0
2023-02-14,738565.0,99771.48888824954,99771.48888824954,0
2023-02-15,738566.0,99771.48888824954,99771.48888824954,0
2023-02-16,738567.0,99771.48888824954,99771.48888824954,0
2023-02-17,738568.0,99771.48888824954,99771.48888824954,0
2023-02-18,738569.0,99771.48888824954,99771.48888824954,0
2023-02-19,738570.0,99771.48888824954,99771.48888824954,0
2023-02-20,738571.0,99771.48888824954,99771.48888824954,0
2023-02-21,738572.0,99771.48888824954,99771.48888824954,0
2023-02-22,738573.0,99771.48888824954,99771.48888824954,0
2023-02-23,738574.0,99771.48888824954,99771.48888824954,0
2023-02-24,738575.0,99771.48888824954,99771.48888824954,0
2023-02-25,738576.0,99771.48888824954,99771.48888824954,0
2023-02-26,738577.0,99771.48888824954,99771.48888824954,0
2023-02-27,738578.0,99771.48888824954,99771.48888824954,0
2023-02-28,738579.0,99771.48888824954,99771.48888824954,0
2023-03-01,738580.0,99771.48888824954,99771.48888824954,0
2023-03-02,738581.0,99771.48888824954,99771.48888824954,0
2023-03-03,738582.0,99771.48888824954,99771.48888824954,0
2023-03-04,738583.0,99771.48888824954,99771.48888824954,0
2023-03-05,738584.0,99771.48888824954,99771.48888824954,0
2023-03-06,738585.0,99771.48888824954,99771.48888824954,0
2023-03-07,738586.0,99771.48888824954,99771.48888824954,0
2023-03-08,738587.0,99771.48888824954,99771.48888824954,0
2023-03-09,738588.0,99771.48888824954,99771.48888824954,0
2023-03-10,738589.0,99771.48888824954,99771.48888824954,0
2023-03-11,738590.0,99771.48888824954,99771.48888824954,0
2023-03-12,738591.0,99771.48888824954,99771.48888824954,0
2023-03-13,738592.0,99771.48888824954,99771.48888824954,0
2023-03-14,738593.0,99771.48888824954,99771.48888824954,0
2023-03-15,738594.0,99771.48888824954,99771.48888824954,0
2023-03-16,738595.0,99771.48888824954,99771.48888824954,0
2023-03-17,738596.0,99771.48888824954,99771.48888824954,0
2023-03-18,738597.0,99771.48888824954,99771.48888824954,0
2023-03-19,738598.0,99771.48888824954,99771.48888824954,0
2023-03-20,738599.0,99771.48888824954,99771.48888824954,0
2023-03-21,738600.0,99771.48888824954,99771.48888824954,0
2023-03-22,738601.0,99771.48888824954,99771.48888824954,0
2023-03-23,738602.0,99771.48888824954,99771.48888824954,0
2023-03-24,738603.0,99771.48888824954,99771.48888824954,0
2023-03-25,738604.0,99771.48888824954,99771.48888824954,0
2023-03-26,738605.0,99771.48888824954,99771.48888824954,0
2023-03-27,738606.0,99771.48888824954,99771.48888824954,0
2023-03-28,738607.0,99771.48888824954,99771.48888824954,0
2023-03-29,738608.0,99771.48888824954,99771.48888824954,0
2023-03-30,738609.0,99771.48888824954,99771.48888824954,0
2023-03-31,738610.0,99771.48888824954,99771.48888824954,0
2023-04-01,738611.0,99771.48888824954,99771.48888824954,0
2023-04-02,738612.0,99771.48888824954,99771.48888824954,0
2023-04-03,738613.0,99771.48888824954,99771.48888824954,0
2023-04-04,738614.0,99771.48888824954,99771.48888824954,0
2023-04-05,738615.0,99771.48888824954,99771.48888824954,0
2023-04-06,738616.0,99771.48888824954,99771.48888824954,0
2023-04-07,738617.0,99771.48888824954,99771.48888824954,0
2023-04-08,738618.0,99771.48888824954,99771.48888824954,0
2023-04-09,738619.0,99771.48888824954,99771.48888824954,0
2023-04-10,738620.0,99771.48888824954,99771.48888824954,0
2023-04-11,738621.0,99771.48888824954,99771.48888824954,0
2023-04-12,738622.0,99771.48888824954,99771.48888824954,0
2023-04-13,738623.0,99771.48888824954,99771.48888824954,0
2023-04-14,738624.0,99935.48380091549,94221.97685915825,5713.506941757239
2023-04-15,738625.0,100083.83524266806,87721.23985854206,12362.595384126009
2023-04-16,738626.0,100158.90460956577,87721.23985854206,12437.664751023713
2023-04-17,738627.0,99808.86119562757,76592.39026563661,23216.47092999096
2023-04-18,738628.0,100385.10465209278,76592.39026563661,23792.714386456162
2023-04-19,738629.0,97838.36741607403,87366.32435487706,10472.043061196975
2023-04-20,738630.0,97457.47119474174,92231.71855479167,5225.75263995007
2023-04-21,738631.0,97282.37313944171,97282.37313944171,0
2023-04-22,738632.0,97282.37313944171,97282.37313944171,0
2023-04-23,738633.0,97282.37313944171,97282.37313944171,0
2023-04-24,738634.0,97282.37313944171,97282.37313944171,0
2023-04-25,738635.0,97282.37313944171,97282.37313944171,0
2023-04-26,738636.0,97282.37313944171,97282.37313944171,0
2023-04-27,738637.0,97282.37313944171,97282.37313944171,0
2023-04-28,738638.0,97282.37313944171,97282.37313944171,0
2023-04-29,738639.0,97282.37313944171,97282.37313944171,0
2023-04-30,738640.0,97282.37313944171,97282.37313944171,0
2023-05-01,738641.0,97282.37313944171,97282.37313944171,0
2023-05-02,738642.0,97282.37313944171,97282.37313944171,0
2023-05-03,738643.0,97282.37313944171,97282.37313944171,0
2023-05-04,738644.0,97282.37313944171,97282.37313944171,0
2023-05-05,738645.0,97282.37313944171,97282.37313944171,0
2023-05-06,738646.0,97282.37313944171,97282.37313944171,0
2023-05-07,738647.0,97282.37313944171,97282.37313944171,0
2023-05-08,738648.0,97282.37313944171,97282.37313944171,0
2023-05-09,738649.0,97282.37313944171,97282.37313944171,0
2023-05-10,738650.0,97282.37313944171,97282.37313944171,0
2023-05-11,738651.0,97282.37313944171,97282.37313944171,0
2023-05-12,738652.0,97282.37313944171,97282.37313944171,0
2023-05-13,738653.0,97282.37313944171,97282.37313944171,0
2023-05-14,738654.0,97282.37313944171,97282.37313944171,0
2023-05-15,738655.0,97282.37313944171,97282.37313944171,0
2023-05-16,738656.0,97282.37313944171,97282.37313944171,0
2023-05-17,738657.0,97282.37313944171,97282.37313944171,0
2023-05-18,738658.0,97282.37313944171,97282.37313944171,0
2023-05-19,738659.0,97282.37313944171,97282.37313944171,0
2023-05-20,738660.0,97282.37313944171,97282.37313944171,0
2023-05-21,738661.0,97282.37313944171,97282.37313944171,0
2023-05-22,738662.0,97282.37313944171,97282.37313944171,0
2023-05-23,738663.0,97282.37313944171,97282.37313944171,0
2023-05-24,738664.0,97282.37313944171,97282.37313944171,0
2023-05-25,738665.0,97282.37313944171,97282.37313944171,0
2023-05-26,738666.0,97282.37313944171,97282.37313944171,0
2023-05-27,738667.0,97282.37313944171,97282.37313944171,0
2023-05-28,738668.0,97282.37313944171,97282.37313944171,0
2023-05-29,738669.0,97282.37313944171,97282.37313944171,0
2023-05-30,738670.0,97282.37313944171,97282.37313944171,0
2023-05-31,738671.0,97282.37313944171,97282.37313944171,0
2023-06-01,738672.0,97282.37313944171,97282.37313944171,0
2023-06-02,738673.0,97282.37313944171,97282.37313944171,0
2023-06-03,738674.0,97282.37313944171,97282.37313944171,0
2023-06-04,738675.0,97282.37313944171,97282.37313944171,0
2023-06-05,738676.0,97282.37313944171,97282.37313944171,0
2023-06-06,738677.0,97282.37313944171,97282.37313944171,0
2023-06-07,738678.0,97282.37313944171,97282.37313944171,0
2023-06-08,738679.0,97282.37313944171,97282.37313944171,0
2023-06-09,738680.0,97282.37313944171,97282.37313944171,0
2023-06-10,738681.0,97282.37313944171,97282.37313944171,0
2023-06-11,738682.0,97282.37313944171,97282.37313944171,0
2023-06-12,738683.0,97282.37313944171,97282.37313944171,0
2023-06-13,738684.0,97282.37313944171,97282.37313944171,0
2023-06-14,738685.0,97282.37313944171,97282.37313944171,0
2023-06-15,738686.0,97282.37313944171,97282.37313944171,0
2023-06-16,738687.0,97282.37313944171,97282.37313944171,0
2023-06-17,738688.0,97282.37313944171,97282.37313944171,0
2023-06-18,738689.0,97282.37313944171,97282.37313944171,0
2023-06-19,738690.0,97282.37313944171,97282.37313944171,0
2023-06-20,738691.0,97282.37313944171,97282.37313944171,0
2023-06-21,738692.0,97282.37313944171,97282.37313944171,0
2023-06-22,738693.0,97282.37313944171,97282.37313944171,0
2023-06-23,738694.0,97282.37313944171,97282.37313944171,0
2023-06-24,738695.0,97282.37313944171,97282.37313944171,0
2023-06-25,738696.0,97282.37313944171,97282.37313944171,0
2023-06-26,738697.0,97282.37313944171,97282.37313944171,0
2023-06-27,738698.0,97282.37313944171,97282.37313944171,0
2023-06-28,738699.0,97282.37313944171,97282.37313944171,0
2023-06-29,738700.0,97282.37313944171,97282.37313944171,0
2023-06-30,738701.0,97282.37313944171,97282.37313944171,0
2023-07-01,738702.0,97282.37313944171,97282.37313944171,0
2023-07-02,738703.0,97282.37313944171,97282.37313944171,0
2023-07-03,738704.0,97282.37313944171,97282.37313944171,0
2023-07-04,738705.0,97282.37313944171,97282.37313944171,0
2023-07-05,738706.0,97282.37313944171,97282.37313944171,0
2023-07-06,738707.0,97282.37313944171,97282.37313944171,0
2023-07-07,738708.0,97282.37313944171,97282.37313944171,0
2023-07-08,738709.0,97282.37313944171,97282.37313944171,0
2023-07-09,738710.0,97282.37313944171,97282.37313944171,0
2023-07-10,738711.0,97282.37313944171,97282.37313944171,0
2023-07-11,738712.0,97282.37313944171,97282.37313944171,0
2023-07-12,738713.0,97282.37313944171,97282.37313944171,0
2023-07-13,738714.0,97282.37313944171,97282.37313944171,0
2023-07-14,738715.0,97161.60274135052,92335.69127680708,4825.91146454345
2023-07-15,738716.0,97133.85964583719,92335.69127680708,4798.1683690301215
2023-07-16,738717.0,96918.15707822108,92335.69127680708,4582.465801413994
2023-07-17,738718.0,97319.7383857765,92335.69127680708,4984.047108969421
2023-07-18,738719.0,97129.00460412237,92335.69127680708,4793.313327315289
2023-07-19,738720.0,97131.7789136737,92335.69127680708,4796.087636866622
2023-07-20,738721.0,98039.50757435302,93690.25716959794,4349.250404755078
2023-07-21,738722.0,97920.90584103354,93690.25716959794,4230.6486714356
2023-07-22,738723.0,97789.81971473306,93690.25716959794,4099.562545135124
2023-07-23,738724.0,97794.50136210094,93690.25716959794,4104.244192502998
2023-07-24,738725.0,97636.36571767497,93690.25716959794,3946.108548077027
2023-07-25,738726.0,97535.45020774523,93690.25716959794,3845.1930381472957
2023-07-26,738727.0,97717.51427205146,93690.25716959794,4027.2571024535123
2023-07-27,738728.0,97845.99948314755,93690.25716959794,4155.742313549614
2023-07-28,738729.0,97732.07939719595,93690.25716959794,4041.8222275980092
2023-07-29,738730.0,97769.53257613894,93690.25716959794,4079.275406541002
2023-07-30,738731.0,97620.24004340784,93690.25716959794,3929.982873809905
2023-07-31,738732.0,97616.07857908084,93690.25716959794,3925.8214094829054
2023-08-01,738733.0,97664.9757849231,93690.25716959794,3974.718615325147
2023-08-02,738734.0,97514.12270306937,93690.25716959794,3823.8655334714244
2023-08-03,738735.0,97396.56133583163,93690.25716959794,3706.304166233696
2023-08-04,738736.0,97363.25891665832,97363.25891665832,0
2023-08-05,738737.0,97363.25891665832,97363.25891665832,0
2023-08-06,738738.0,97363.25891665832,97363.25891665832,0
2023-08-07,738739.0,97363.25891665832,97363.25891665832,0
2023-08-08,738740.0,97363.25891665832,97363.25891665832,0
2023-08-09,738741.0,97363.25891665832,97363.25891665832,0
2023-08-10,738742.0,97363.25891665832,97363.25891665832,0
2023-08-11,738743.0,97363.25891665832,97363.25891665832,0
2023-08-12,738744.0,97363.25891665832,97363.25891665832,0
2023-08-13,738745.0,97363.25891665832,97363.25891665832,0
2023-08-14,738746.0,97363.25891665832,97363.25891665832,0
2023-08-15,738747.0,97363.25891665832,97363.25891665832,0
2023-08-16,738748.0,97363.25891665832,97363.25891665832,0
2023-08-17,738749.0,97363.25891665832,97363.25891665832,0
2023-08-18,738750.0,97363.25891665832,97363.25891665832,0
2023-08-19,738751.0,97363.25891665832,97363.25891665832,0
2023-08-20,738752.0,97363.25891665832,97363.25891665832,0
2023-08-21,738753.0,97363.25891665832,97363.25891665832,0
2023-08-22,738754.0,97363.25891665832,97363.25891665832,0
2023-08-23,738755.0,97363.25891665832,97363.25891665832,0
2023-08-24,738756.0,97363.25891665832,97363.25891665832,0
2023-08-25,738757.0,97363.25891665832,97363.25891665832,0
2023-08-26,738758.0,97363.25891665832,97363.25891665832,0
2023-08-27,738759.0,97363.25891665832,97363.25891665832,0
2023-08-28,738760.0,97363.25891665832,97363.25891665832,0
2023-08-29,738761.0,97363.25891665832,97363.25891665832,0
2023-08-30,738762.0,97363.25891665832,97363.25891665832,0
2023-08-31,738763.0,97363.25891665832,97363.25891665832,0
2023-09-01,738764.0,97363.25891665832,97363.25891665832,0
2023-09-02,738765.0,97363.25891665832,97363.25891665832,0
2023-09-03,738766.0,97363.25891665832,97363.25891665832,0
2023-09-04,738767.0,97363.25891665832,97363.25891665832,0
2023-09-05,738768.0,97363.25891665832,97363.25891665832,0
2023-09-06,738769.0,97363.25891665832,97363.25891665832,0
2023-09-07,738770.0,97363.25891665832,97363.25891665832,0
2023-09-08,738771.0,97363.25891665832,97363.25891665832,0
2023-09-09,738772.0,97363.25891665832,97363.25891665832,0
2023-09-10,738773.0,97363.25891665832,97363.25891665832,0
2023-09-11,738774.0,97363.25891665832,97363.25891665832,0
2023-09-12,738775.0,97363.25891665832,97363.25891665832,0
2023-09-13,738776.0,97363.25891665832,97363.25891665832,0
2023-09-14,738777.0,97363.25891665832,97363.25891665832,0
2023-09-15,738778.0,97363.25891665832,97363.25891665832,0
2023-09-16,738779.0,97363.25891665832,97363.25891665832,0
2023-09-17,738780.0,97363.25891665832,97363.25891665832,0
2023-09-18,738781.0,97363.25891665832,97363.25891665832,0
2023-09-19,738782.0,97578.16456127132,92197.513744771,5380.6508165003215
2023-09-20,738783.0,97624.53593114768,92197.513744771,5427.022186376676
2023-09-21,738784.0,97435.12067453409,92197.513744771,5237.606929763094
2023-09-22,738785.0,97666.19156849424,92197.513744771,5468.67782372323
2023-09-23,738786.0,97844.4575286819,93606.78238409154,4237.675144590361
2023-09-24,738787.0,97716.5432838111,93606.78238409154,4109.760899719571
2023-09-25,738788.0,98024.24483138048,93606.78238409154,4417.462447288936
2023-09-26,738789.0,97942.89844524144,93606.78238409154,4336.116061149909
2023-09-27,738790.0,98140.13383260192,95135.81923340933,3004.3145991925912
2023-09-28,738791.0,98203.79622175421,95135.81923340933,3067.976988344874
2023-09-29,738792.0,98258.4201235577,95135.81923340933,3122.6008901483756
2023-09-30,738793.0,98354.69966270776,95135.81923340933,3218.880429298433
2023-10-01,738794.0,98925.74453146127,90884.14783065635,8041.596700804918
2023-10-02,738795.0,98296.5285689705,84074.34001871715,14222.188550253351
2023-10-03,738796.0,98180.73811319527,84074.34001871715,14106.398094478121
2023-10-04,738797.0,98132.26320487476,90391.1773438256,7741.085861049156
2023-10-05,738798.0,97962.28342662822,90391.1773438256,7571.106082802613
2023-10-06,738799.0,98175.7119670242,90391.1773438256,7784.534623198592
2023-10-07,738800.0,98108.04693019786,90391.1773438256,7716.869586372253
2023-10-08,738801.0,98150.25689995867,90391.1773438256,7759.079556133058
2023-10-09,738802.0,97728.69086741158,94869.38504351031,2859.305823901281
2023-10-10,738803.0,97722.01024632771,94869.38504351031,2852.6252028174
2023-10-11,738804.0,97773.88330415549,94869.38504351031,2904.4982606451854
2023-10-12,738805.0,97697.64562825709,94869.38504351031,2828.260584746773
2023-10-13,738806.0,97720.83131319526,94869.38504351031,2851.44626968495
2023-10-14,738807.0,97750.3046415065,94869.38504351031,2880.9195979961924
2023-10-15,738808.0,97786.45859090163,94869.38504351031,2917.0735473913155
2023-10-16,738809.0,97826.5423174049,94869.38504351031,2957.1572738946047
2023-10-17,738810.0,97745.98188668751,94869.38504351031,2876.59684317721
2023-10-18,738811.0,97760.12908427691,94869.38504351031,2890.744040766606
2023-10-19,738812.0,97739.69424331446,94869.38504351031,2870.309199804145
2023-10-20,738813.0,97844.22631439166,94869.38504351031,2974.84127088135
2023-10-21,738814.0,98372.38835772911,94869.38504351031,3503.0033142188045
2023-10-22,738815.0,98873.82791673104,94869.38504351031,4004.4428732207334
2023-10-23,738816.0,99025.91029081705,94869.38504351031,4156.525247306741
2023-10-24,738817.0,98945.34986009965,94869.38504351031,4075.9648165893473
2023-10-25,738818.0,99214.93256971982,94869.38504351031,4345.547526209506
2023-10-26,738819.0,99163.84546731366,94869.38504351031,4294.460423803354
2023-10-27,738820.0,99264.84073899352,94869.38504351031,4395.45569548321
2023-10-28,738821.0,99161.88057875958,94869.38504351031,4292.495535249271
2023-10-29,738822.0,99223.9710570686,94869.38504351031,4354.586013558287
2023-10-30,738823.0,99278.5949588721,94869.38504351031,4409.209915361789
2023-10-31,738824.0,99330.8609944107,94869.38504351031,4461.475950900392
2023-11-01,738825.0,99442.85964199342,94869.38504351031,4573.474598483111
2023-11-02,738826.0,99194.89070646817,94869.38504351031,4325.505662957862
2023-11-03,738827.0,99372.90960946807,94869.38504351031,4503.524565957763
2023-11-04,738828.0,99387.05680705747,94869.38504351031,4517.67176354716
2023-11-05,738829.0,99675.89542450765,94869.38504351031,4806.51038099733
2023-11-06,738830.0,100263.43195856102,89918.19873417419,10345.233224386833
2023-11-07,738831.0,100123.40924286118,89918.19873417419,10205.210508686989
2023-11-08,738832.0,100955.84932030569,89918.19873417419,11037.650586131502
2023-11-09,738833.0,101013.11176243288,91277.24915568314,9735.862606749744
2023-11-10,738834.0,101413.3074085061,84803.01360475346,16610.29380375263
2023-11-11,738835.0,101708.87120046542,84803.01360475346,16905.85759571197
2023-11-12,738836.0,101494.50975400173,84803.01360475346,16691.49614924827
2023-11-13,738837.0,100578.14973645401,84803.01360475346,15775.136131700543
2023-11-14,738838.0,100132.84175833926,90769.48545464667,9363.356303692593
2023-11-15,738839.0,100784.81256136687,90769.48545464667,10015.327106720204
2023-11-16,738840.0,100239.5939011482,90769.48545464667,9470.10844650153
2023-11-17,738841.0,100137.16990012766,90769.48545464667,9367.684445480996
2023-11-18,738842.0,100265.61972456424,90769.48545464667,9496.134269917575
2023-11-19,738843.0,100794.46918907182,90769.48545464667,10024.983734425154
2023-11-20,738844.0,100586.03512050764,90769.48545464667,9816.54966586098
2023-11-21,738845.0,99888.45157597773,90769.48545464667,9118.96612133106
2023-11-22,738846.0,100482.98104589687,90769.48545464667,9713.49559125021
2023-11-23,738847.0,100629.85617549076,90769.48545464667,9860.370720844092
2023-11-24,738848.0,100650.93109688755,90769.48545464667,9881.445642240888
2023-11-25,738849.0,100846.68133760999,90769.48545464667,10077.195882963322
2023-11-26,738850.0,100774.47197307125,90769.48545464667,10004.986518424586
2023-11-27,738851.0,100442.38310025835,90769.48545464667,9672.897645611683
2023-11-28,738852.0,100661.91715258693,90769.48545464667,9892.431697940265
2023-11-29,738853.0,100612.41658774282,90769.48545464667,9842.931133096154
2023-11-30,738854.0,100511.66572530178,90769.48545464667,9742.180270655108
2023-12-01,738855.0,100830.24748095962,90769.48545464667,10060.76202631295
2023-12-02,738856.0,101368.01957836098,90769.48545464667,10598.534123714307
2023-12-03,738857.0,101225.93946895495,90769.48545464667,10456.454014308278
2023-12-04,738858.0,101408.37258439594,92251.64517801855,9156.727406377395
2023-12-05,738859.0,101803.44623212513,79653.58806786289,22149.858164262252
2023-12-06,738860.0,101659.24851069551,81059.49405454939,20599.75445614612
2023-12-07,738861.0,102367.53834908965,81059.49405454939,21308.04429454026
2023-12-08,738862.0,103751.63875291891,81059.49405454939,22692.14469836952
2023-12-09,738863.0,103557.8290652528,83047.60613887486,20510.222926377937
2023-12-10,738864.0,103910.54287495151,83047.60613887486,20862.936736076652
2023-12-11,738865.0,102064.33553378686,88593.10271876585,13471.232815021016
2023-12-12,738866.0,102197.29740159212,88593.10271876585,13604.194682826275
2023-12-13,738867.0,103092.40977990885,88593.10271876585,14499.307061143007
2023-12-14,738868.0,103133.58394158499,88593.10271876585,14540.481222819146
2023-12-15,738869.0,102366.28756949755,88593.10271876585,13773.184850731699
2023-12-16,738870.0,102612.47767662558,88593.10271876585,14019.374957859729
2023-12-17,738871.0,102158.47084729989,88593.10271876585,13565.368128534046
2023-12-18,738872.0,102094.32471755843,92204.3733522083,9889.951365350127
2023-12-19,738873.0,101802.71462696638,92204.3733522083,9598.341274758075
2023-12-20,738874.0,101959.41780720453,92204.3733522083,9755.044454996232
2023-12-21,738875.0,102383.35255983874,92204.3733522083,10178.979207630437
2023-12-22,738876.0,102504.72784871992,92204.3733522083,10300.35449651162
2023-12-23,738877.0,102394.53890206873,92204.3733522083,10190.165549860421
2023-12-24,738878.0,102131.81421570973,92204.3733522083,9927.440863501428
2023-12-25,738879.0,102383.6592385848,92204.3733522083,10179.285886376492
2023-12-26,738880.0,102170.61889011525,92204.3733522083,9966.245537906949
2023-12-27,738881.0,103190.78839895176,86795.76464148589,16395.02375746586
2023-12-28,738882.0,102963.67980235704,88272.25936241478,14691.420439942267
2023-12-29,738883.0,102676.18504616663,88272.25936241478,14403.925683751851
2023-12-30,738884.0,102651.63326961624,88272.25936241478,14379.373907201454
2023-12-31,738885.0,102503.66653384686,88272.25936241478,14231.40717143208
2024-01-01,738886.0,102913.01043529515,88272.25936241478,14640.75107288036
2024-01-02,738887.0,102771.89475847356,88272.25936241478,14499.635396058773
2024-01-03,738888.0,101775.47918750306,97476.69213915545,4298.787048347614
2024-01-04,738889.0,101883.01692557128,97476.69213915545,4406.32478641584
2024-01-05,738890.0,101798.62021974559,97476.69213915545,4321.9280805901435
2024-01-06,738891.0,101662.49650067188,97476.69213915545,4185.804361516438
2024-01-07,738892.0,101593.07340394429,97476.69213915545,4116.381264788848
2024-01-08,738893.0,101610.76948742388,97476.69213915545,4134.07734826843
2024-01-09,738894.0,101575.37732046472,97476.69213915545,4098.685181309267
2024-01-10,738895.0,101639.35546842936,97476.69213915545,4162.663329273908
2024-01-11,738896.0,101672.02516100704,97476.69213915545,4195.333021851598
2024-01-12,738897.0,101514.12164688155,97476.69213915545,4037.4295077260995
2024-01-13,738898.0,101590.35092956282,97476.69213915545,4113.658790407374
2024-01-14,738899.0,101553.59752541293,97476.69213915545,4076.9053862574738
2024-01-15,738900.0,101798.62021974559,97476.69213915545,4321.9280805901435
2024-01-16,738901.0,101767.31176435864,97476.69213915545,4290.619625203191
2024-01-17,738902.0,101688.3600072959,97476.69213915545,4211.667868140442
2024-01-18,738903.0,101737.36454616243,97476.69213915545,4260.672407006976
2024-01-19,738904.0,101760.50557840496,97476.69213915545,4283.813439249506
2024-01-20,738905.0,101794.53650817338,97476.69213915545,4317.844369017932
2024-01-21,738906.0,101813.5938288437,97476.69213915545,4336.901689688251
2024-01-22,738907.0,101640.7167056201,97476.69213915545,4164.0245664646445
2024-01-23,738908.0,101544.06886507776,97476.69213915545,4067.3767259223146
2024-01-24,738909.0,101466.47834520575,97476.69213915545,3989.7862060503026
2024-01-25,738910.0,101452.86597329838,97476.69213915545,3976.1738341429323
2024-01-26,738911.0,101590.35092956282,97476.69213915545,4113.658790407374
2024-01-27,738912.0,101636.63299404789,97476.69213915545,4159.940854892435
2024-01-28,738913.0,101632.54928247567,97476.69213915545,4155.857143320223
2024-01-29,738914.0,101706.05609077547,97476.69213915545,4229.363951620024
2024-01-30,738915.0,101663.85773786262,97476.69213915545,4187.165598707175
2024-01-31,738916.0,101567.2098973203,97476.69213915545,4090.5177581648445
2024-02-01,738917.0,101563.12618574809,97476.69213915545,4086.434046592633
2024-02-02,738918.0,101579.46103203692,97476.69213915545,4102.768892881478
2024-02-03,738919.0,101556.3199997944,97476.69213915545,4079.627860638948
2024-02-04,738920.0,101624.38185933125,97476.69213915545,4147.6897201758
2024-02-05,738921.0,101576.73855765545,97476.69213915545,4100.046418500004
2024-02-06,738922.0,101597.15711551651,97476.69213915545,4120.46497636106
2024-02-07,738923.0,101659.77402629041,97476.69213915545,4183.081887134964
2024-02-08,738924.0,101821.76125198812,97476.69213915545,4345.069112832673
2024-02-09,738925.0,101887.1006371435,97476.69213915545,4410.408497988052
2024-02-10,738926.0,101843.86447769214,91434.43707123397,10409.427406458171
2024-02-11,738927.0,101862.44961319547,91434.43707123397,10428.012541961496
2024-02-12,738928.0,102097.89235203258,91434.43707123397,10663.4552807986
2024-02-13,738929.0,101914.17763223095,91434.43707123397,10479.740560996965
2024-02-14,738930.0,102229.0070991618,91434.43707123397,10794.570027927828
2024-02-15,738931.0,102991.84873755983,94670.67816782996,8321.170569729873
2024-02-16,738932.0,103003.20897630905,94670.67816782996,8332.530808479089
2024-02-17,738933.0,103154.15752887627,96429.1326479486,6725.02488092766
2024-02-18,738934.0,103076.58528080976,96429.1326479486,6647.452632861152
2024-02-19,738935.0,103111.5168291577,96429.1326479486,6682.384181209101
2024-02-20,738936.0,103075.69421721109,96429.1326479486,6646.561569262491
2024-02-21,738937.0,103222.73599585955,96429.1326479486,6793.603347910943
2024-02-22,738938.0,103239.52978444718,96429.1326479486,6810.397136498572
2024-02-23,738939.0,105007.5534107225,96429.1326479486,8578.42076277389
2024-02-24,738940.0,104999.86336931359,96429.1326479486,8570.730721364998
2024-02-25,738941.0,105006.68983864771,96429.1326479486,8577.557190699106
2024-02-26,738942.0,104886.98913989674,96429.1326479486,8457.856491948147
2024-02-27,738943.0,105055.14642569509,89797.98032948432,15257.166096210773
2024-02-28,738944.0,105593.1159524358,91581.95242368004,14011.163528755758
2024-02-29,738945.0,105477.2481258568,91581.95242368004,13895.295702176762
2024-03-01,738946.0,105895.89467060583,91581.95242368004,14313.942246925793
2024-03-02,738947.0,106382.3729083289,91581.95242368004,14800.420484648868
2024-03-03,738948.0,106532.0868821676,91581.95242368004,14950.134458487564
2024-03-04,738949.0,106659.4122479438,91581.95242368004,15077.459824263758
2024-03-05,738950.0,106757.16516666001,93494.59355761524,13262.571609044764
2024-03-06,738951.0,108361.67152095167,93494.59355761524,14867.077963336427
2024-03-07,738952.0,108583.3310073661,93494.59355761524,15088.737449750859
2024-03-08,738953.0,108567.29830588243,93494.59355761524,15072.704748267188
2024-03-09,738954.0,108432.24931989488,93494.59355761524,14937.655762279643
2024-03-10,738955.0,108795.0284880098,93494.59355761524,15300.434930394566
2024-03-11,738956.0,109028.34378356086,93494.59355761524,15533.750225945618
2024-03-12,738957.0,108901.81046893557,93494.59355761524,15407.216911320329
2024-03-13,738958.0,109846.06004914638,93494.59355761524,16351.46649153115
2024-03-14,738959.0,109342.9399397563,93494.59355761524,15848.346382141051
2024-03-15,738960.0,108923.36191014765,97255.21199805175,11668.1499120959
2024-03-16,738961.0,107942.08372922539,97255.21199805175,10686.87173117364
2024-03-17,738962.0,108077.68782349028,97255.21199805175,10822.475825438538
2024-03-18,738963.0,107682.56665147381,97255.21199805175,10427.35465342207
2024-03-19,738964.0,106651.91773993884,102044.58359502416,4607.334144914678
2024-03-20,738965.0,107097.4960470401,102044.58359502416,5052.91245201594
2024-03-21,738966.0,107070.27130322537,102044.58359502416,5025.6877082012
2024-03-22,738967.0,107070.27130322537,102044.58359502416,5025.6877082012
2024-03-23,738968.0,107053.02896547603,102044.58359502416,5008.445370451864
2024-03-24,738969.0,107196.41261623366,102044.58359502416,5151.829021209501
2024-03-25,738970.0,107371.55846810849,102044.58359502416,5326.974873084334
2024-03-26,738971.0,107311.66403171606,102044.58359502416,5267.080436691904
2024-03-27,738972.0,107256.30705262609,102044.58359502416,5211.72345760193
2024-03-28,738973.0,107338.88877553081,102044.58359502416,5294.305180506644
2024-03-29,738974.0,107602.96879053379,102044.58359502416,5558.385195509633
2024-03-30,738975.0,107495.88479819581,102044.58359502416,5451.301203171652
2024-03-31,738976.0,107550.33428582529,102044.58359502416,5505.750690801135
2024-04-01,738977.0,107269.91942453347,102044.58359502416,5225.3358295093
2024-04-02,738978.0,107048.49150817357,102044.58359502416,5003.907913149406
2024-04-03,738979.0,107140.1481456832,102044.58359502416,5095.564550659035
2024-04-04,738980.0,107357.94609620112,102044.58359502416,5313.362501176964
2024-04-05,738981.0,107288.06925374329,102044.58359502416,5243.485658719128
2024-04-06,738982.0,107357.03860474064,102044.58359502416,5312.455009716472
2024-04-07,738983.0,107343.42623283326,102044.58359502416,5298.842637809102
2024-04-08,738984.0,107366.11351934554,102044.58359502416,5321.529924321386
2024-04-09,738985.0,107312.57152317655,102044.58359502416,5267.987928152395
2024-04-10,738986.0,107577.55902964003,102044.58359502416,5532.975434615875
2024-04-11,738987.0,107531.27696515498,102044.58359502416,5486.693370130815
2024-04-12,738988.0,107449.60273371075,102044.58359502416,5405.019138686592
2024-04-13,738989.0,106815.23459587908,106815.23459587908,0
2024-04-14,738990.0,106815.23459587908,106815.23459587908,0
2024-04-15,738991.0,106815.23459587908,106815.23459587908,0
2024-04-16,738992.0,106815.23459587908,106815.23459587908,0
2024-04-17,738993.0,106815.23459587908,106815.23459587908,0
2024-04-18,738994.0,106815.23459587908,106815.23459587908,0
2024-04-19,738995.0,106815.23459587908,106815.23459587908,0
2024-04-20,738996.0,106815.23459587908,106815.23459587908,0
2024-04-21,738997.0,106815.23459587908,106815.23459587908,0
2024-04-22,738998.0,106815.23459587908,106815.23459587908,0
2024-04-23,738999.0,106815.23459587908,106815.23459587908,0
2024-04-24,739000.0,106815.23459587908,106815.23459587908,0
2024-04-25,739001.0,106815.23459587908,106815.23459587908,0
2024-04-26,739002.0,106815.23459587908,106815.23459587908,0
2024-04-27,739003.0,106815.23459587908,106815.23459587908,0
2024-04-28,739004.0,106815.23459587908,106815.23459587908,0
2024-04-29,739005.0,106815.23459587908,106815.23459587908,0
2024-04-30,739006.0,106815.23459587908,106815.23459587908,0
2024-05-01,739007.0,106815.23459587908,106815.23459587908,0
2024-05-02,739008.0,106815.23459587908,106815.23459587908,0
2024-05-03,739009.0,106815.23459587908,106815.23459587908,0
2024-05-04,739010.0,106815.23459587908,106815.23459587908,0
2024-05-05,739011.0,106815.23459587908,106815.23459587908,0
2024-05-06,739012.0,106815.23459587908,106815.23459587908,0
2024-05-07,739013.0,106815.23459587908,106815.23459587908,0
2024-05-08,739014.0,106815.23459587908,106815.23459587908,0
2024-05-09,739015.0,106815.23459587908,106815.23459587908,0
2024-05-10,739016.0,106815.23459587908,106815.23459587908,0
2024-05-11,739017.0,106815.23459587908,106815.23459587908,0
2024-05-12,739018.0,106815.23459587908,106815.23459587908,0
2024-05-13,739019.0,106815.23459587908,106815.23459587908,0
2024-05-14,739020.0,106815.23459587908,106815.23459587908,0
2024-05-15,739021.0,106815.23459587908,106815.23459587908,0
2024-05-16,739022.0,106815.23459587908,106815.23459587908,0
2024-05-17,739023.0,106815.23459587908,106815.23459587908,0
2024-05-18,739024.0,106815.23459587908,106815.23459587908,0
2024-05-19,739025.0,106815.23459587908,106815.23459587908,0
2024-05-20,739026.0,106815.23459587908,106815.23459587908,0
2024-05-21,739027.0,106815.23459587908,106815.23459587908,0
2024-05-22,739028.0,106815.23459587908,106815.23459587908,0
2024-05-23,739029.0,106815.23459587908,106815.23459587908,0
2024-05-24,739030.0,106815.23459587908,106815.23459587908,0
2024-05-25,739031.0,106815.23459587908,106815.23459587908,0
2024-05-26,739032.0,106815.23459587908,106815.23459587908,0
2024-05-27,739033.0,106815.23459587908,106815.23459587908,0
2024-05-28,739034.0,106815.23459587908,106815.23459587908,0
2024-05-29,739035.0,106815.23459587908,106815.23459587908,0
2024-05-30,739036.0,106815.23459587908,106815.23459587908,0
2024-05-31,739037.0,106815.23459587908,106815.23459587908,0
2024-06-01,739038.0,106815.23459587908,106815.23459587908,0
2024-06-02,739039.0,106815.23459587908,106815.23459587908,0
2024-06-03,739040.0,106815.23459587908,106815.23459587908,0
2024-06-04,739041.0,106815.23459587908,106815.23459587908,0
2024-06-05,739042.0,106950.40023359912,99341.83173294824,7608.568500650894
2024-06-06,739043.0,107085.41203870514,99341.83173294824,7743.580305756892
2024-06-07,739044.0,106789.25711137585,99341.83173294824,7447.425378427607
2024-06-08,739045.0,106775.10264793731,99341.83173294824,7433.270914989075
2024-06-09,739046.0,106669.48857458826,99341.83173294824,7327.656841640028
2024-06-10,739047.0,106281.15842289968,106281.15842289968,0
2024-06-11,739048.0,106281.15842289968,106281.15842289968,0
2024-06-12,739049.0,106281.15842289968,106281.15842289968,0
2024-06-13,739050.0,106281.15842289968,106281.15842289968,0
2024-06-14,739051.0,106281.15842289968,106281.15842289968,0
2024-06-15,739052.0,106281.15842289968,106281.15842289968,0
2024-06-16,739053.0,106281.15842289968,106281.15842289968,0
2024-06-17,739054.0,106281.15842289968,106281.15842289968,0
2024-06-18,739055.0,106281.15842289968,106281.15842289968,0
2024-06-19,739056.0,106281.15842289968,106281.15842289968,0
2024-06-20,739057.0,106281.15842289968,106281.15842289968,0
2024-06-21,739058.0,106281.15842289968,106281.15842289968,0
2024-06-22,739059.0,106281.15842289968,106281.15842289968,0
2024-06-23,739060.0,106281.15842289968,106281.15842289968,0
2024-06-24,739061.0,106281.15842289968,106281.15842289968,0
2024-06-25,739062.0,106281.15842289968,106281.15842289968,0
2024-06-26,739063.0,106281.15842289968,106281.15842289968,0
2024-06-27,739064.0,106281.15842289968,106281.15842289968,0
2024-06-28,739065.0,106281.15842289968,106281.15842289968,0
2024-06-29,739066.0,106281.15842289968,106281.15842289968,0
2024-06-30,739067.0,106281.15842289968,106281.15842289968,0
2024-07-01,739068.0,106281.15842289968,106281.15842289968,0
2024-07-02,739069.0,106281.15842289968,106281.15842289968,0
2024-07-03,739070.0,106281.15842289968,106281.15842289968,0
2024-07-04,739071.0,106281.15842289968,106281.15842289968,0
2024-07-05,739072.0,106281.15842289968,106281.15842289968,0
2024-07-06,739073.0,106281.15842289968,106281.15842289968,0
2024-07-07,739074.0,106281.15842289968,106281.15842289968,0
2024-07-08,739075.0,106281.15842289968,106281.15842289968,0
2024-07-09,739076.0,106281.15842289968,106281.15842289968,0
2024-07-10,739077.0,106281.15842289968,106281.15842289968,0
2024-07-11,739078.0,106281.15842289968,106281.15842289968,0
2024-07-12,739079.0,106281.15842289968,106281.15842289968,0
2024-07-13,739080.0,106281.15842289968,106281.15842289968,0
2024-07-14,739081.0,106281.15842289968,106281.15842289968,0
2024-07-15,739082.0,106281.15842289968,106281.15842289968,0
2024-07-16,739083.0,106281.15842289968,106281.15842289968,0
2024-07-17,739084.0,106281.15842289968,106281.15842289968,0
2024-07-18,739085.0,106281.15842289968,106281.15842289968,0
2024-07-19,739086.0,106281.15842289968,106281.15842289968,0
2024-07-20,739087.0,106281.15842289968,106281.15842289968,0
2024-07-21,739088.0,106281.15842289968,106281.15842289968,0
2024-07-22,739089.0,106281.15842289968,106281.15842289968,0
2024-07-23,739090.0,106281.15842289968,106281.15842289968,0
2024-07-24,739091.0,106281.15842289968,106281.15842289968,0
2024-07-25,739092.0,106281.15842289968,106281.15842289968,0
2024-07-26,739093.0,106281.15842289968,106281.15842289968,0
2024-07-27,739094.0,106281.15842289968,106281.15842289968,0
2024-07-28,739095.0,106281.15842289968,106281.15842289968,0
2024-07-29,739096.0,106281.15842289968,106281.15842289968,0
2024-07-30,739097.0,106281.15842289968,106281.15842289968,0
2024-07-31,739098.0,106281.15842289968,106281.15842289968,0
2024-08-01,739099.0,106281.15842289968,106281.15842289968,0
2024-08-02,739100.0,106281.15842289968,106281.15842289968,0
2024-08-03,739101.0,106281.15842289968,106281.15842289968,0
2024-08-04,739102.0,106281.15842289968,106281.15842289968,0
2024-08-05,739103.0,106281.15842289968,106281.15842289968,0
2024-08-06,739104.0,106281.15842289968,106281.15842289968,0
2024-08-07,739105.0,106281.15842289968,106281.15842289968,0
2024-08-08,739106.0,106281.15842289968,106281.15842289968,0
2024-08-09,739107.0,106281.15842289968,106281.15842289968,0
2024-08-10,739108.0,106281.15842289968,106281.15842289968,0
2024-08-11,739109.0,106281.15842289968,106281.15842289968,0
2024-08-12,739110.0,106281.15842289968,106281.15842289968,0
2024-08-13,739111.0,106281.15842289968,106281.15842289968,0
2024-08-14,739112.0,106281.15842289968,106281.15842289968,0
2024-08-15,739113.0,106281.15842289968,106281.15842289968,0
2024-08-16,739114.0,106281.15842289968,106281.15842289968,0
2024-08-17,739115.0,106281.15842289968,106281.15842289968,0
2024-08-18,739116.0,106281.15842289968,106281.15842289968,0
2024-08-19,739117.0,106281.15842289968,106281.15842289968,0
2024-08-20,739118.0,106281.15842289968,106281.15842289968,0
2024-08-21,739119.0,106281.15842289968,106281.15842289968,0
2024-08-22,739120.0,106281.15842289968,106281.15842289968,0
2024-08-23,739121.0,106281.15842289968,106281.15842289968,0
2024-08-24,739122.0,106281.15842289968,106281.15842289968,0
2024-08-25,739123.0,106281.15842289968,106281.15842289968,0
2024-08-26,739124.0,106281.15842289968,106281.15842289968,0
2024-08-27,739125.0,106281.15842289968,106281.15842289968,0
2024-08-28,739126.0,106281.15842289968,106281.15842289968,0
2024-08-29,739127.0,106281.15842289968,106281.15842289968,0
2024-08-30,739128.0,106281.15842289968,106281.15842289968,0
2024-08-31,739129.0,106281.15842289968,106281.15842289968,0
2024-09-01,739130.0,106281.15842289968,106281.15842289968,0
2024-09-02,739131.0,106281.15842289968,106281.15842289968,0
2024-09-03,739132.0,106281.15842289968,106281.15842289968,0
2024-09-04,739133.0,106281.15842289968,106281.15842289968,0
2024-09-05,739134.0,106281.15842289968,106281.15842289968,0
2024-09-06,739135.0,106281.15842289968,106281.15842289968,0
2024-09-07,739136.0,106281.15842289968,106281.15842289968,0
2024-09-08,739137.0,106281.15842289968,106281.15842289968,0
2024-09-09,739138.0,106281.15842289968,106281.15842289968,0
2024-09-10,739139.0,106281.15842289968,106281.15842289968,0
2024-09-11,739140.0,106281.15842289968,106281.15842289968,0
2024-09-12,739141.0,106281.15842289968,106281.15842289968,0
2024-09-13,739142.0,106281.15842289968,106281.15842289968,0
2024-09-14,739143.0,106281.15842289968,106281.15842289968,0
2024-09-15,739144.0,106281.15842289968,106281.15842289968,0
2024-09-16,739145.0,106281.15842289968,106281.15842289968,0
2024-09-17,739146.0,106281.15842289968,106281.15842289968,0
2024-09-18,739147.0,106281.15842289968,106281.15842289968,0
2024-09-19,739148.0,106281.15842289968,106281.15842289968,0
2024-09-20,739149.0,106281.15842289968,106281.15842289968,0
2024-09-21,739150.0,106281.15842289968,106281.15842289968,0
2024-09-22,739151.0,106281.15842289968,106281.15842289968,0
2024-09-23,739152.0,106281.15842289968,106281.15842289968,0
2024-09-24,739153.0,106290.21006084685,99394.63554684618,6895.574514000664
2024-09-25,739154.0,105973.81176639121,93756.29235194948,12217.519414441733
2024-09-26,739155.0,106372.8580774894,93756.29235194948,12616.565725539927
2024-09-27,739156.0,106803.78975213916,82844.25510952617,23959.534642612984
2024-09-28,739157.0,106843.47169591086,84294.58111305679,22548.890582854077
2024-09-29,739158.0,106581.01434228531,84294.58111305679,22286.433229228518
2024-09-30,739159.0,104889.47304523311,78240.63147430752,26648.8415709256
2024-10-01,739160.0,103889.61863785706,103889.61863785706,0
2024-10-02,739161.0,103889.61863785706,103889.61863785706,0
2024-10-03,739162.0,103889.61863785706,103889.61863785706,0
2024-10-04,739163.0,103889.61863785706,103889.61863785706,0
2024-10-05,739164.0,103889.61863785706,103889.61863785706,0
2024-10-06,739165.0,103889.61863785706,103889.61863785706,0
2024-10-07,739166.0,103889.61863785706,103889.61863785706,0
2024-10-08,739167.0,103889.61863785706,103889.61863785706,0
2024-10-09,739168.0,103889.61863785706,103889.61863785706,0
2024-10-10,739169.0,103889.61863785706,103889.61863785706,0
2024-10-11,739170.0,103889.61863785706,103889.61863785706,0
2024-10-12,739171.0,103889.61863785706,103889.61863785706,0
2024-10-13,739172.0,103889.61863785706,103889.61863785706,0
2024-10-14,739173.0,103889.61863785706,103889.61863785706,0
2024-10-15,739174.0,103662.06492711973,98376.21508259162,5285.849844528109
2024-10-16,739175.0,103824.50012110156,98376.21508259162,5448.285038509944
2024-10-17,739176.0,103885.59959773693,98376.21508259162,5509.3845151453115
2024-10-18,739177.0,103849.83405043818,98376.21508259162,5473.61896784656
2024-10-19,739178.0,103790.22480494026,98376.21508259162,5414.009722348639
2024-10-20,739179.0,103888.58006001182,98376.21508259162,5512.364977420208
2024-10-21,739180.0,103794.69549835261,98376.21508259162,5418.480415760983
2024-10-22,739181.0,103700.81093669338,98376.21508259162,5324.595854101758
2024-10-23,739182.0,103563.70967204816,98376.21508259162,5187.494589456541
2024-10-24,739183.0,103858.77543726287,98376.21508259162,5482.560354671247
2024-10-25,739184.0,103060.71892350553,97858.3220226745,5202.396900831021
2024-10-26,739185.0,103044.32638099359,97858.3220226745,5186.004358319093
2024-10-27,739186.0,103106.91608876642,97858.3220226745,5248.594066091909
2024-10-28,739187.0,103302.13636777211,97858.3220226745,5443.8143450975995
2024-10-29,739188.0,103612.10444436129,97858.3220226745,5753.782421686787
2024-10-30,739189.0,103355.78468872023,97858.3220226745,5497.462666045727
2024-10-31,739190.0,103206.76157497543,97858.3220226745,5348.439552300926
2024-11-01,739191.0,103068.17007919276,97858.3220226745,5209.848056518261
2024-11-02,739192.0,103129.26955582813,97858.3220226745,5270.94753315363
2024-11-03,739193.0,102852.27748475067,102852.27748475067,0
2024-11-04,739194.0,102852.27748475067,102852.27748475067,0
2024-11-05,739195.0,102852.27748475067,102852.27748475067,0
2024-11-06,739196.0,102852.27748475067,102852.27748475067,0
2024-11-07,739197.0,102852.27748475067,102852.27748475067,0
2024-11-08,739198.0,102852.27748475067,102852.27748475067,0
2024-11-09,739199.0,102852.27748475067,102852.27748475067,0
2024-11-10,739200.0,102943.90124324916,97531.10751565483,5412.793727594333
2024-11-11,739201.0,103264.22634979388,97531.10751565483,5733.118834139054
2024-11-12,739202.0,103122.84376495972,98985.97713656326,4136.866628396454
2024-11-13,739203.0,103050.6099263037,98985.97713656326,4064.63278974044
2024-11-14,739204.0,102886.93600587445,98985.97713656326,3900.9588693111905
2024-11-15,739205.0,102926.71307910328,98985.97713656326,3940.7359425400227
2024-11-16,739206.0,102981.37307777554,98985.97713656326,3995.395941212281
2024-11-17,739207.0,102908.84591668149,98985.97713656326,3922.8687801182227
2024-11-18,739208.0,103076.9324268309,98985.97713656326,4090.955290267632
2024-11-19,739209.0,102948.94181864732,98985.97713656326,3962.9646820840603
2024-11-20,739210.0,102901.1557675449,98985.97713656326,3915.178630981645
2024-11-21,739211.0,103265.69179228775,98985.97713656326,4279.7146557244905
2024-11-22,739212.0,103229.94471429467,98985.97713656326,4243.9675777314105
2024-11-23,739213.0,103314.28129180742,98985.97713656326,4328.30415524416
2024-11-24,739214.0,103272.5657398576,98985.97713656326,4286.588603294334
2024-11-25,739215.0,103340.52727343774,98985.97713656326,4354.55013687447
2024-11-26,739216.0,103226.05500370321,98985.97713656326,4240.077867139941
2024-11-27,739217.0,103645.0597298761,98985.97713656326,4659.082593312842
2024-11-28,739218.0,103550.06151939789,98985.97713656326,4564.084382834621
2024-11-29,739219.0,103567.17624600035,98985.97713656326,4581.199109437087
2024-11-30,739220.0,103716.25562288181,100567.4179952169,3148.8376276649005
2024-12-01,739221.0,103719.66496484286,100567.4179952169,3152.246969625948
2024-12-02,739222.0,103665.08998716713,100567.4179952169,3097.6719919502248
2024-12-03,739223.0,103640.5104170689,100567.4179952169,3073.092421851998
2024-12-04,739224.0,103830.35380023158,100567.4179952169,3262.935805014676
2024-12-05,739225.0,103785.63275605426,100567.4179952169,3218.214760837342
2024-12-06,739226.0,103967.29711935027,100567.4179952169,3399.8791241333674
2024-12-07,739227.0,103965.0440629421,100567.4179952169,3397.626067725194
2024-12-08,739228.0,103971.78622796731,100567.4179952169,3404.368232750408
2024-12-09,739229.0,103723.39738659073,100567.4179952169,3155.979391373828
2024-12-10,739230.0,103652.19230199279,100567.4179952169,3084.774306775887
2024-12-11,739231.0,103825.26104253915,100567.4179952169,3257.8430473222384
2024-12-12,739232.0,103867.6014988135,100567.4179952169,3300.1835035965964
2024-12-13,739233.0,103889.01828784063,100567.4179952169,3321.6002926237265
2024-12-14,739234.0,103857.97712200576,100567.4179952169,3290.559126788851
2024-12-15,739235.0,103933.4757669287,100567.4179952169,3366.057771711802
2024-12-16,739236.0,103956.55896748792,100567.4179952169,3389.140972271015
2024-12-17,739237.0,103877.29389241847,100567.4179952169,3309.87589720157
2024-12-18,739238.0,103650.95949754304,100567.4179952169,3083.5415023261316
2024-12-19,739239.0,103465.00006611312,103465.00006611312,0
2024-12-20,739240.0,103465.00006611312,103465.00006611312,0
2024-12-21,739241.0,103465.00006611312,103465.00006611312,0
2024-12-22,739242.0,103465.00006611312,103465.00006611312,0
2024-12-23,739243.0,103465.00006611312,103465.00006611312,0
2024-12-24,739244.0,103465.00006611312,103465.00006611312,0
2024-12-25,739245.0,103465.00006611312,103465.00006611312,0
2024-12-26,739246.0,103465.00006611312,103465.00006611312,0
2024-12-27,739247.0,103465.00006611312,103465.00006611312,0
2024-12-28,739248.0,103465.00006611312,103465.00006611312,0
2024-12-29,739249.0,103465.00006611312,103465.00006611312,0
2024-12-30,739250.0,103465.00006611312,103465.00006611312,0
2024-12-31,739251.0,103465.00006611312,103465.00006611312,0
2025-01-01,739252.0,103465.00006611312,103465.00006611312,0
2025-01-02,739253.0,103465.00006611312,103465.00006611312,0
2025-01-03,739254.0,103465.00006611312,103465.00006611312,0
2025-01-04,739255.0,103465.00006611312,103465.00006611312,0
2025-01-05,739256.0,103465.00006611312,103465.00006611312,0
2025-01-06,739257.0,103465.00006611312,103465.00006611312,0
2025-01-07,739258.0,103465.00006611312,103465.00006611312,0
2025-01-08,739259.0,103465.00006611312,103465.00006611312,0
2025-01-09,739260.0,103465.00006611312,103465.00006611312,0
2025-01-10,739261.0,103465.00006611312,103465.00006611312,0
2025-01-11,739262.0,103465.00006611312,103465.00006611312,0
2025-01-12,739263.0,103465.00006611312,103465.00006611312,0
2025-01-13,739264.0,103465.00006611312,103465.00006611312,0
2025-01-14,739265.0,103465.00006611312,103465.00006611312,0
2025-01-15,739266.0,103465.00006611312,103465.00006611312,0
2025-01-16,739267.0,103465.00006611312,103465.00006611312,0
2025-01-17,739268.0,103465.00006611312,103465.00006611312,0
2025-01-18,739269.0,103465.00006611312,103465.00006611312,0
2025-01-19,739270.0,103465.00006611312,103465.00006611312,0
2025-01-20,739271.0,103465.00006611312,103465.00006611312,0
2025-01-21,739272.0,103465.00006611312,103465.00006611312,0
2025-01-22,739273.0,103465.00006611312,103465.00006611312,0
2025-01-23,739274.0,103465.00006611312,103465.00006611312,0
2025-01-24,739275.0,103465.00006611312,103465.00006611312,0
2025-01-25,739276.0,103465.00006611312,103465.00006611312,0
2025-01-26,739277.0,103465.00006611312,103465.00006611312,0
2025-01-27,739278.0,103465.00006611312,103465.00006611312,0
2025-01-28,739279.0,103465.00006611312,103465.00006611312,0
2025-01-29,739280.0,103465.00006611312,103465.00006611312,0
2025-01-30,739281.0,103465.00006611312,103465.00006611312,0
2025-01-31,739282.0,103465.00006611312,103465.00006611312,0
2025-02-01,739283.0,103465.00006611312,103465.00006611312,0
2025-02-02,739284.0,103465.00006611312,103465.00006611312,0
2025-02-03,739285.0,103465.00006611312,103465.00006611312,0
2025-02-04,739286.0,103465.00006611312,103465.00006611312,0
2025-02-05,739287.0,103465.00006611312,103465.00006611312,0
2025-02-06,739288.0,103465.00006611312,103465.00006611312,0
2025-02-07,739289.0,103465.00006611312,103465.00006611312,0
2025-02-08,739290.0,103465.00006611312,103465.00006611312,0
2025-02-09,739291.0,103465.00006611312,103465.00006611312,0
2025-02-10,739292.0,103465.00006611312,103465.00006611312,0
2025-02-11,739293.0,103465.00006611312,103465.00006611312,0
2025-02-12,739294.0,103465.00006611312,103465.00006611312,0
2025-02-13,739295.0,103465.00006611312,103465.00006611312,0
2025-02-14,739296.0,103465.00006611312,103465.00006611312,0
2025-02-15,739297.0,103465.00006611312,103465.00006611312,0
2025-02-16,739298.0,103465.00006611312,103465.00006611312,0
2025-02-17,739299.0,103465.00006611312,103465.00006611312,0
2025-02-18,739300.0,103465.00006611312,103465.00006611312,0
2025-02-19,739301.0,103465.00006611312,103465.00006611312,0
2025-02-20,739302.0,103465.00006611312,103465.00006611312,0
2025-02-21,739303.0,103465.00006611312,103465.00006611312,0
2025-02-22,739304.0,103465.00006611312,103465.00006611312,0
2025-02-23,739305.0,103465.00006611312,103465.00006611312,0
2025-02-24,739306.0,103465.00006611312,103465.00006611312,0
2025-02-25,739307.0,103465.00006611312,103465.00006611312,0
2025-02-26,739308.0,103465.00006611312,103465.00006611312,0
2025-02-27,739309.0,103465.00006611312,103465.00006611312,0
2025-02-28,739310.0,103465.00006611312,103465.00006611312,0
2025-03-01,739311.0,103465.00006611312,103465.00006611312,0
2025-03-02,739312.0,103465.00006611312,103465.00006611312,0
2025-03-03,739313.0,103465.00006611312,103465.00006611312,0
2025-03-04,739314.0,103465.00006611312,103465.00006611312,0
2025-03-05,739315.0,103465.00006611312,103465.00006611312,0
2025-03-06,739316.0,103465.00006611312,103465.00006611312,0
2025-03-07,739317.0,103465.00006611312,103465.00006611312,0
2025-03-08,739318.0,103465.00006611312,103465.00006611312,0
2025-03-09,739319.0,103465.00006611312,103465.00006611312,0
2025-03-10,739320.0,103465.00006611312,103465.00006611312,0
2025-03-11,739321.0,103465.00006611312,103465.00006611312,0
2025-03-12,739322.0,103465.00006611312,103465.00006611312,0
2025-03-13,739323.0,103465.00006611312,103465.00006611312,0
2025-03-14,739324.0,103465.00006611312,103465.00006611312,0
2025-03-15,739325.0,103465.00006611312,103465.00006611312,0
2025-03-16,739326.0,103465.00006611312,103465.00006611312,0
2025-03-17,739327.0,103465.00006611312,103465.00006611312,0
2025-03-18,739328.0,103465.00006611312,103465.00006611312,0
2025-03-19,739329.0,103465.00006611312,103465.00006611312,0
2025-03-20,739330.0,103465.00006611312,103465.00006611312,0
2025-03-21,739331.0,103465.00006611312,103465.00006611312,0
2025-03-22,739332.0,103465.00006611312,103465.00006611312,0
2025-03-23,739333.0,103465.00006611312,103465.00006611312,0
2025-03-24,739334.0,103465.00006611312,103465.00006611312,0
2025-03-25,739335.0,103465.00006611312,103465.00006611312,0
2025-03-26,739336.0,103465.00006611312,103465.00006611312,0
2025-03-27,739337.0,103465.00006611312,103465.00006611312,0
2025-03-28,739338.0,103465.00006611312,103465.00006611312,0
2025-03-29,739339.0,103465.00006611312,103465.00006611312,0
2025-03-30,739340.0,103465.00006611312,103465.00006611312,0
2025-03-31,739341.0,103465.00006611312,103465.00006611312,0
2025-04-01,739342.0,103465.00006611312,103465.00006611312,0
2025-04-02,739343.0,103465.00006611312,103465.00006611312,0
2025-04-03,739344.0,103465.00006611312,103465.00006611312,0
2025-04-04,739345.0,103465.00006611312,103465.00006611312,0
2025-04-05,739346.0,103465.00006611312,103465.00006611312,0
2025-04-06,739347.0,103465.00006611312,103465.00006611312,0
2025-04-07,739348.0,103465.00006611312,103465.00006611312,0
2025-04-08,739349.0,103465.00006611312,103465.00006611312,0
2025-04-09,739350.0,103465.00006611312,103465.00006611312,0
2025-04-10,739351.0,103465.00006611312,103465.00006611312,0
2025-04-11,739352.0,103465.00006611312,103465.00006611312,0
2025-04-12,739353.0,103465.00006611312,103465.00006611312,0
2025-04-13,739354.0,103465.00006611312,103465.00006611312,0
2025-04-14,739355.0,103465.00006611312,103465.00006611312,0
2025-04-15,739356.0,103465.00006611312,103465.00006611312,0
2025-04-16,739357.0,103465.00006611312,103465.00006611312,0
2025-04-17,739358.0,103465.00006611312,103465.00006611312,0
2025-04-18,739359.0,103465.00006611312,103465.00006611312,0
2025-04-19,739360.0,103465.00006611312,103465.00006611312,0
2025-04-20,739361.0,103465.00006611312,103465.00006611312,0
2025-04-21,739362.0,103465.00006611312,103465.00006611312,0
2025-04-22,739363.0,103465.00006611312,103465.00006611312,0
2025-04-23,739364.0,103465.00006611312,103465.00006611312,0
2025-04-24,739365.0,103465.00006611312,103465.00006611312,0
2025-04-25,739366.0,103465.00006611312,103465.00006611312,0
2025-04-26,739367.0,103465.00006611312,103465.00006611312,0
2025-04-27,739368.0,103465.00006611312,103465.00006611312,0
2025-04-28,739369.0,103465.00006611312,103465.00006611312,0
2025-04-29,739370.0,103465.00006611312,103465.00006611312,0
2025-04-30,739371.0,103465.00006611312,103465.00006611312,0
2025-05-01,739372.0,103465.00006611312,103465.00006611312,0
2025-05-02,739373.0,103465.00006611312,103465.00006611312,0
2025-05-03,739374.0,103465.00006611312,103465.00006611312,0
2025-05-04,739375.0,103465.00006611312,103465.00006611312,0
2025-05-05,739376.0,103465.00006611312,103465.00006611312,0
2025-05-06,739377.0,103465.00006611312,103465.00006611312,0
2025-05-07,739378.0,103465.00006611312,103465.00006611312,0
2025-05-08,739379.0,103465.00006611312,103465.00006611312,0
2025-05-09,739380.0,103739.59398332806,97922.12803974739,5817.465943580667
2025-05-10,739381.0,103911.64659920777,97922.12803974739,5989.518559460382
2025-05-11,739382.0,103806.47582990002,99433.02291245268,4373.452917447342
2025-05-12,739383.0,103832.48574100903,99433.02291245268,4399.462828556359
2025-05-13,739384.0,104073.14054961965,99433.02291245268,4640.117637166979
2025-05-14,739385.0,103893.59640594479,99433.02291245268,4460.573493492109
2025-05-15,739386.0,103704.70889614338,99433.02291245268,4271.685983690701
2025-05-16,739387.0,103660.2647761901,99433.02291245268,4227.241863737428
2025-05-17,739388.0,103623.3963585016,99433.02291245268,4190.373446048917
2025-05-18,739389.0,103809.2535873971,99433.02291245268,4376.2306749444215
2025-05-19,739390.0,103499.43939806835,103499.43939806835,0
2025-05-20,739391.0,103499.43939806835,103499.43939806835,0
2025-05-21,739392.0,103499.43939806835,103499.43939806835,0
2025-05-22,739393.0,103499.43939806835,103499.43939806835,0
2025-05-23,739394.0,103499.43939806835,103499.43939806835,0
2025-05-24,739395.0,103499.43939806835,103499.43939806835,0
2025-05-25,739396.0,103499.43939806835,103499.43939806835,0
2025-05-26,739397.0,103499.43939806835,103499.43939806835,0
2025-05-27,739398.0,103499.43939806835,103499.43939806835,0
2025-05-28,739399.0,103499.43939806835,103499.43939806835,0
2025-05-29,739400.0,103499.43939806835,103499.43939806835,0
2025-05-30,739401.0,103499.43939806835,103499.43939806835,0
2025-05-31,739402.0,103499.43939806835,103499.43939806835,0
2025-06-01,739403.0,103499.43939806835,103499.43939806835,0
2025-06-02,739404.0,103499.43939806835,103499.43939806835,0
2025-06-03,739405.0,103499.43939806835,103499.43939806835,0
2025-06-04,739406.0,103499.43939806835,103499.43939806835,0
2025-06-05,739407.0,103499.43939806835,103499.43939806835,0
2025-06-06,739408.0,103499.43939806835,103499.43939806835,0
2025-06-07,739409.0,103499.43939806835,103499.43939806835,0
2025-06-08,739410.0,103499.43939806835,103499.43939806835,0
2025-06-09,739411.0,103499.43939806835,103499.43939806835,0
2025-06-10,739412.0,103499.43939806835,103499.43939806835,0
2025-06-11,739413.0,103412.75903317833,98367.42668448327,5045.332348695047
2025-06-12,739414.0,103178.00520428907,98367.42668448327,4810.578519805805
2025-06-13,739415.0,102981.94220107801,102981.94220107801,0
2025-06-14,739416.0,102981.94220107801,102981.94220107801,0
2025-06-15,739417.0,102981.94220107801,102981.94220107801,0
2025-06-16,739418.0,102981.94220107801,102981.94220107801,0
2025-06-17,739419.0,102981.94220107801,102981.94220107801,0
2025-06-18,739420.0,102981.94220107801,102981.94220107801,0
2025-06-19,739421.0,102981.94220107801,102981.94220107801,0
2025-06-20,739422.0,102981.94220107801,102981.94220107801,0
2025-06-21,739423.0,102981.94220107801,102981.94220107801,0
2025-06-22,739424.0,102981.94220107801,102981.94220107801,0
2025-06-23,739425.0,102981.94220107801,102981.94220107801,0
2025-06-24,739426.0,102981.94220107801,102981.94220107801,0
2025-06-25,739427.0,102981.94220107801,102981.94220107801,0
2025-06-26,739428.0,102981.94220107801,102981.94220107801,0
2025-06-27,739429.0,102981.94220107801,102981.94220107801,0
2025-06-28,739430.0,102981.94220107801,102981.94220107801,0
2025-06-29,739431.0,102981.94220107801,102981.94220107801,0
2025-06-30,739432.0,102981.94220107801,102981.94220107801,0
2025-07-01,739433.0,102981.94220107801,102981.94220107801,0
2025-07-02,739434.0,102981.94220107801,102981.94220107801,0
2025-07-03,739435.0,102981.94220107801,102981.94220107801,0
2025-07-04,739436.0,102981.94220107801,102981.94220107801,0
2025-07-05,739437.0,102981.94220107801,102981.94220107801,0
2025-07-06,739438.0,102981.94220107801,102981.94220107801,0
2025-07-07,739439.0,102981.94220107801,102981.94220107801,0
2025-07-08,739440.0,102981.94220107801,102981.94220107801,0
2025-07-09,739441.0,102981.94220107801,102981.94220107801,0
2025-07-10,739442.0,103727.49005528906,90866.71355285659,12860.776502432484
2025-07-11,739443.0,104204.11504410006,95993.05882141802,8211.056222682044
2025-07-12,739444.0,103878.30704824225,89534.76586612294,14343.541182119312
2025-07-13,739445.0,104071.75298611875,89534.76586612294,14536.987119995814
2025-07-14,739446.0,104260.68453301805,89534.76586612294,14725.918666895119
2025-07-15,739447.0,104209.56217203801,95472.10551415935,8737.456657878658
2025-07-16,739448.0,104670.51288637437,97154.43089620383,7516.081990170545
2025-07-17,739449.0,105433.681190626,91678.18789042324,13755.493300202754
2025-07-18,739450.0,105589.19995387395,87738.91164460963,17850.288309264313
2025-07-19,739451.0,106128.27477788714,78848.08090379623,27280.193874090914
2025-07-20,739452.0,106962.19665762325,80461.31427295285,26500.88238467041
2025-07-21,739453.0,107342.98342382348,78847.98680376458,28494.996620058893
2025-07-22,739454.0,107897.43873085099,78847.98680376458,29049.45192708642
2025-07-23,739455.0,106472.00342028457,78847.98680376458,27624.016616519984
2025-07-24,739456.0,106122.1996049658,83768.50364131153,22353.69596365427
2025-07-25,739457.0,106403.52979363436,83768.50364131153,22635.02615232283
2025-07-26,739458.0,106482.5219309464,83768.50364131153,22714.01828963487
2025-07-27,739459.0,107199.63327894664,86246.45892333878,20953.17435560786
2025-07-28,739460.0,106565.39323839669,86246.45892333878,20318.93431505791
2025-07-29,739461.0,106398.71906264512,86246.45892333878,20152.260139306334
2025-07-30,739462.0,106091.25384644474,90270.50320099313,15820.750645451619
2025-07-31,739463.0,105696.78760145679,90270.50320099313,15426.284400463657
2025-08-01,739464.0,105161.87380622285,93020.72439238813,12141.149413834724
2025-08-02,739465.0,104821.18656161474,100340.66602796504,4480.520533649704
2025-08-03,739466.0,104911.1717585033,100340.66602796504,4570.505730538272
2025-08-04,739467.0,105017.1583798555,100340.66602796504,4676.492351890459
2025-08-05,739468.0,104935.02179040347,100340.66602796504,4594.355762438419
2025-08-06,739469.0,105022.75583632186,100340.66602796504,4682.08980835682
2025-08-07,739470.0,105139.08558375319,100340.66602796504,4798.419555788153
2025-08-08,739471.0,105168.47223020159,100340.66602796504,4827.806202236549
2025-08-09,739472.0,105526.47500156699,95052.52052710988,10473.954474457103
2025-08-10,739473.0,105564.2796639581,95052.52052710988,10511.75913684822
2025-08-11,739474.0,105515.28444645864,95052.52052710988,10462.763919348752
2025-08-12,739475.0,106103.29428519998,96502.0945621651,9601.199723034886
2025-08-13,739476.0,106354.74697090482,96502.0945621651,9852.652408739714
2025-08-14,739477.0,106108.49959833635,96502.0945621651,9606.405036171243
2025-08-15,739478.0,105925.67629254935,96502.0945621651,9423.581730384241
2025-08-16,739479.0,105974.72047309017,96502.0945621651,9472.62591092507
2025-08-17,739480.0,106125.88928831648,96502.0945621651,9623.794726151373
2025-08-18,739481.0,105917.38518929598,96502.0945621651,9415.290627130875
2025-08-19,739482.0,105543.5832672711,96502.0945621651,9041.488705105996
2025-08-20,739483.0,106074.49875535372,96502.0945621651,9572.40419318862
2025-08-21,739484.0,105785.09962544794,96502.0945621651,9283.005063282833
2025-08-22,739485.0,106741.56440445788,98081.18799024889,8660.376414208995
2025-08-23,739486.0,106585.8009147015,98081.18799024889,8504.612924452613
2025-08-24,739487.0,106563.16460964904,98081.18799024889,8481.97661940015
2025-08-25,739488.0,106070.76155904579,98081.18799024889,7989.5735687969
2025-08-26,739489.0,106366.95988251433,98081.18799024889,8285.77189226544
2025-08-27,739490.0,106253.24888109071,98081.18799024889,8172.060890841825
2025-08-28,739491.0,106367.49331056618,98081.18799024889,8286.305320317282
2025-08-29,739492.0,106200.03562465536,98081.18799024889,8118.847634406475
2025-08-30,739493.0,106207.11722668217,98081.18799024889,8125.929236433276
2025-08-31,739494.0,106192.59488017354,98081.18799024889,8111.406889924651
2025-09-01,739495.0,106068.82276613341,98081.18799024889,7987.634775884525
2025-09-02,739496.0,106113.96351667825,98081.18799024889,8032.775526429372
2025-09-03,739497.0,106213.6365049366,98081.18799024889,8132.448514687709
2025-09-04,739498.0,106045.18365888819,98081.18799024889,7963.995668639298
2025-09-05,739499.0,106091.31378232394,98081.18799024889,8010.12579207505
2025-09-06,739500.0,106133.87234408906,98081.18799024889,8052.684353840174
2025-09-07,739501.0,106272.4618822495,98081.18799024889,8191.27389200061
2025-09-08,739502.0,106260.5946068312,98081.18799024889,8179.406616582322
2025-09-09,739503.0,106274.78780099153,98081.18799024889,8193.599810742635
2025-09-10,739504.0,106384.35066647855,98081.18799024889,8303.162676229666
2025-09-11,739505.0,106511.2460498017,98081.18799024889,8430.058059552819
2025-09-12,739506.0,106812.17900572254,98081.18799024889,8730.991015473655
2025-09-13,739507.0,106836.1459779572,98081.18799024889,8754.957987708309
2025-09-14,739508.0,106507.22734177705,91992.04258355491,14515.184758222134
2025-09-15,739509.0,106123.14021573564,97547.42973572419,8575.710480011443
2025-09-16,739510.0,106327.1987285188,97547.42973572419,8779.768992794605
2025-09-17,739511.0,106594.85957689371,97547.42973572419,9047.429841169527
2025-09-18,739512.0,106538.57617081654,97547.42973572419,8991.146435092345
2025-09-19,739513.0,106478.75150715091,97547.42973572419,8931.321771426727
2025-09-20,739514.0,106849.58873465283,97547.42973572419,9302.158998928648
2025-09-21,739515.0,106850.75387293604,97547.42973572419,9303.324137211848
2025-09-22,739516.0,106446.78505107862,100405.79100167639,6040.99404940223
2025-09-23,739517.0,106587.20819808256,100405.79100167639,6181.4171964061625
2025-09-24,739518.0,106602.47951952882,100405.79100167639,6196.68851785243
2025-09-25,739519.0,106160.8280359493,100405.79100167639,5755.0370342729075
2025-09-26,739520.0,106251.4824939371,100405.79100167639,5845.691492260714
2025-09-27,739521.0,106298.02656129326,100405.79100167639,5892.23555961687
2025-09-28,739522.0,106447.45431217787,100405.79100167639,6041.66331050147
2025-09-29,739523.0,106671.23088699608,100405.79100167639,6265.439885319693
2025-09-30,739524.0,106541.75928525242,100405.79100167639,6135.968283576033
2025-10-01,739525.0,106651.21389593703,100405.79100167639,6245.4228942606405
2025-10-02,739526.0,107038.89859815066,100405.79100167639,6633.107596474268
2025-10-03,739527.0,107642.32874199165,100405.79100167639,7236.5377403152515
2025-10-04,739528.0,107407.17472848637,100405.79100167639,7001.383726809968
2025-10-05,739529.0,107508.35483830766,100405.79100167639,7102.563836631259
2025-10-06,739530.0,107847.9135832942,100405.79100167639,7442.122581617801
2025-10-07,739531.0,108342.19332604113,100405.79100167639,7936.402324364742
2025-10-08,739532.0,108360.26337572058,100405.79100167639,7954.4723740441905
2025-10-09,739533.0,108043.58119194438,100405.79100167639,7637.790190267992
2025-10-10,739534.0,105409.81782058367,105409.81782058367,0
2025-10-11,739535.0,105409.81782058367,105409.81782058367,0
2025-10-12,739536.0,105409.81782058367,105409.81782058367,0
2025-10-13,739537.0,105409.81782058367,105409.81782058367,0
2025-10-14,739538.0,105409.81782058367,105409.81782058367,0
2025-10-15,739539.0,105409.81782058367,105409.81782058367,0
2025-10-16,739540.0,105409.81782058367,105409.81782058367,0
2025-10-17,739541.0,105409.81782058367,105409.81782058367,0
2025-10-18,739542.0,105409.81782058367,105409.81782058367,0
2025-10-19,739543.0,105409.81782058367,105409.81782058367,0
2025-10-20,739544.0,105409.81782058367,105409.81782058367,0
2025-10-21,739545.0,105409.81782058367,105409.81782058367,0
2025-10-22,739546.0,105409.81782058367,105409.81782058367,0
2025-10-23,739547.0,105409.81782058367,105409.81782058367,0
2025-10-24,739548.0,105409.81782058367,105409.81782058367,0
2025-10-25,739549.0,105409.81782058367,105409.81782058367,0
2025-10-26,739550.0,105409.81782058367,105409.81782058367,0
2025-10-27,739551.0,105409.81782058367,105409.81782058367,0
2025-10-28,739552.0,105409.81782058367,105409.81782058367,0
2025-10-29,739553.0,105409.81782058367,105409.81782058367,0
2025-10-30,739554.0,105409.81782058367,105409.81782058367,0
2025-10-31,739555.0,105409.81782058367,105409.81782058367,0
2025-11-01,739556.0,105409.81782058367,105409.81782058367,0
2025-11-02,739557.0,105409.81782058367,105409.81782058367,0
2025-11-03,739558.0,105409.81782058367,105409.81782058367,0
2025-11-04,739559.0,105409.81782058367,105409.81782058367,0
2025-11-05,739560.0,105409.81782058367,105409.81782058367,0
2025-11-06,739561.0,105409.81782058367,105409.81782058367,0
2025-11-07,739562.0,105409.81782058367,105409.81782058367,0
2025-11-08,739563.0,105409.81782058367,105409.81782058367,0
2025-11-09,739564.0,105409.81782058367,105409.81782058367,0
2025-11-10,739565.0,105409.81782058367,105409.81782058367,0
2025-11-11,739566.0,105409.81782058367,105409.81782058367,0
2025-11-12,739567.0,105409.81782058367,105409.81782058367,0
2025-11-13,739568.0,105409.81782058367,105409.81782058367,0
2025-11-14,739569.0,105409.81782058367,105409.81782058367,0
2025-11-15,739570.0,105409.81782058367,105409.81782058367,0
2025-11-16,739571.0,105409.81782058367,105409.81782058367,0
2025-11-17,739572.0,105409.81782058367,105409.81782058367,0
2025-11-18,739573.0,105409.81782058367,105409.81782058367,0
2025-11-19,739574.0,105409.81782058367,105409.81782058367,0
2025-11-20,739575.0,105409.81782058367,105409.81782058367,0
2025-11-21,739576.0,105409.81782058367,105409.81782058367,0
2025-11-22,739577.0,105409.81782058367,105409.81782058367,0
2025-11-23,739578.0,105409.81782058367,105409.81782058367,0
2025-11-24,739579.0,105409.81782058367,105409.81782058367,0
2025-11-25,739580.0,105409.81782058367,105409.81782058367,0
2025-11-26,739581.0,105409.81782058367,105409.81782058367,0
2025-11-27,739582.0,105409.81782058367,105409.81782058367,0
2025-11-28,739583.0,105409.81782058367,105409.81782058367,0
2025-11-29,739584.0,105409.81782058367,105409.81782058367,0
2025-11-30,739585.0,105409.81782058367,105409.81782058367,0
2025-12-01,739586.0,105409.81782058367,105409.81782058367,0
2025-12-02,739587.0,105409.81782058367,105409.81782058367,0
2025-12-03,739588.0,105409.81782058367,105409.81782058367,0
2025-12-04,739589.0,105409.81782058367,105409.81782058367,0
2025-12-05,739590.0,105409.81782058367,105409.81782058367,0
2025-12-06,739591.0,105409.81782058367,105409.81782058367,0
2025-12-07,739592.0,105409.81782058367,105409.81782058367,0
2025-12-08,739593.0,105409.81782058367,105409.81782058367,0
2025-12-09,739594.0,105409.81782058367,105409.81782058367,0
2025-12-10,739595.0,105409.81782058367,105409.81782058367,0
2025-12-11,739596.0,105409.81782058367,105409.81782058367,0
2025-12-12,739597.0,105409.81782058367,105409.81782058367,0
2025-12-13,739598.0,105409.81782058367,105409.81782058367,0
2025-12-14,739599.0,105409.81782058367,105409.81782058367,0
2025-12-15,739600.0,105409.81782058367,105409.81782058367,0
2025-12-16,739601.0,105409.81782058367,105409.81782058367,0
2025-12-17,739602.0,105409.81782058367,105409.81782058367,0
2025-12-18,739603.0,105409.81782058367,105409.81782058367,0
2025-12-19,739604.0,105409.81782058367,105409.81782058367,0
2025-12-20,739605.0,105409.81782058367,105409.81782058367,0
2025-12-21,739606.0,105409.81782058367,105409.81782058367,0
2025-12-22,739607.0,105409.81782058367,105409.81782058367,0
2025-12-23,739608.0,105409.81782058367,105409.81782058367,0
2025-12-24,739609.0,105409.81782058367,105409.81782058367,0
2025-12-25,739610.0,105409.81782058367,105409.81782058367,0
2025-12-26,739611.0,105409.81782058367,105409.81782058367,0
2025-12-27,739612.0,105409.81782058367,105409.81782058367,0
2025-12-28,739613.0,105409.81782058367,105409.81782058367,0
2025-12-29,739614.0,105409.81782058367,105409.81782058367,0
2025-12-30,739615.0,105409.81782058367,105409.81782058367,0
2025-12-31,739616.0,105409.81782058367,105409.81782058367,0
2026-01-01,739617.0,105409.81782058367,105409.81782058367,0.0
