date,ordinal,equity,cash,gross_exposure
2021-01-01,737791.0,100000.0,100000.0,0
2021-01-02,737792.0,100000.0,100000.0,0
2021-01-03,737793.0,100000.0,100000.0,0
2021-01-04,737794.0,100000.0,100000.0,0
2021-01-05,737795.0,100000.0,100000.0,0
2021-01-06,737796.0,100000.0,100000.0,0
2021-01-07,737797.0,100000.0,100000.0,0
2021-01-08,737798.0,100000.0,100000.0,0
2021-01-09,737799.0,100000.0,100000.0,0
2021-01-10,737800.0,100000.0,100000.0,0
2021-01-11,737801.0,100000.0,100000.0,0
2021-01-12,737802.0,100000.0,100000.0,0
2021-01-13,737803.0,100000.0,100000.0,0
2021-01-14,737804.0,100000.0,100000.0,0
2021-01-15,737805.0,100000.0,100000.0,0
2021-01-16,737806.0,100000.0,100000.0,0
2021-01-17,737807.0,100000.0,100000.0,0
2021-01-18,737808.0,100000.0,100000.0,0
2021-01-19,737809.0,100000.0,100000.0,0
2021-01-20,737810.0,100000.0,100000.0,0
2021-01-21,737811.0,100000.0,100000.0,0
2021-01-22,737812.0,100000.0,100000.0,0
2021-01-23,737813.0,100000.0,100000.0,0
2021-01-24,737814.0,100000.0,100000.0,0
2021-01-25,737815.0,100000.0,100000.0,0
2021-01-26,737816.0,100000.0,100000.0,0
2021-01-27,737817.0,100000.0,100000.0,0
2021-01-28,737818.0,100000.0,100000.0,0
2021-01-29,737819.0,100000.0,100000.0,0
2021-01-30,737820.0,100000.0,100000.0,0
2021-01-31,737821.0,100000.0,100000.0,0
2021-02-01,737822.0,100000.0,100000.0,0
2021-02-02,737823.0,100000.0,100000.0,0
2021-02-03,737824.0,100000.0,100000.0,0
2021-02-04,737825.0,100000.0,100000.0,0
2021-02-05,737826.0,100000.0,100000.0,0
2021-02-06,737827.0,100000.0,100000.0,0
2021-02-07,737828.0,100000.0,100000.0,0
2021-02-08,737829.0,100000.0,100000.0,0
2021-02-09,737830.0,100000.0,100000.0,0
2021-02-10,737831.0,100000.0,100000.0,0
2021-02-11,737832.0,100000.0,100000.0,0
2021-02-12,737833.0,100000.0,100000.0,0
2021-02-13,737834.0,100000.0,100000.0,0
2021-02-14,737835.0,100000.0,100000.0,0
2021-02-15,737836.0,100000.0,100000.0,0
2021-02-16,737837.0,100000.0,100000.0,0
2021-02-17,737838.0,100000.0,100000.0,0
2021-02-18,737839.0,100000.0,100000.0,0
2021-02-19,737840.0,100000.0,100000.0,0
2021-02-20,737841.0,100000.0,100000.0,0
2021-02-21,737842.0,100000.0,100000.0,0
2021-02-22,737843.0,100000.0,100000.0,0
2021-02-23,737844.0,100000.0,100000.0,0
2021-02-24,737845.0,100000.0,100000.0,0
2021-02-25,737846.0,100000.0,100000.0,0
2021-02-26,737847.0,100000.0,100000.0,0
2021-02-27,737848.0,100000.0,100000.0,0
2021-02-28,737849.0,100000.0,100000.0,0
2021-03-01,737850.0,100000.0,100000.0,0
2021-03-02,737851.0,100000.0,100000.0,0
2021-03-03,737852.0,100000.0,100000.0,0
2021-03-04,737853.0,100000.0,100000.0,0
2021-03-05,737854.0,100000.0,100000.0,0
2021-03-06,737855.0,100000.0,100000.0,0
2021-03-07,737856.0,100000.0,100000.0,0
2021-03-08,737857.0,100000.0,100000.0,0
2021-03-09,737858.0,100000.0,100000.0,0
2021-03-10,737859.0,100000.0,100000.0,0
2021-03-11,737860.0,100000.0,100000.0,0
2021-03-12,737861.0,100000.0,100000.0,0
2021-03-13,737862.0,100000.0,100000.0,0
2021-03-14,737863.0,100000.0,100000.0,0
2021-03-15,737864.0,100000.0,100000.0,0
2021-03-16,737865.0,100000.0,100000.0,0
2021-03-17,737866.0,100000.0,100000.0,0
2021-03-18,737867.0,100000.0,100000.0,0
2021-03-19,737868.0,100000.0,100000.0,0
2021-03-20,737869.0,100000.0,100000.0,0
2021-03-21,737870.0,100000.0,100000.0,0
2021-03-22,737871.0,100000.0,100000.0,0
2021-03-23,737872.0,100000.0,100000.0,0
2021-03-24,737873.0,100000.0,100000.0,0
2021-03-25,737874.0,100000.0,100000.0,0
2021-03-26,737875.0,100000.0,100000.0,0
2021-03-27,737876.0,100000.0,100000.0,0
2021-03-28,737877.0,100000.0,100000.0,0
2021-03-29,737878.0,100000.0,100000.0,0
2021-03-30,737879.0,100000.0,100000.0,0
2021-03-31,737880.0,100000.0,100000.0,0
2021-04-01,737881.0,100000.0,100000.0,0
2021-04-02,737882.0,100000.0,100000.0,0
2021-04-03,737883.0,100000.0,100000.0,0
2021-04-04,737884.0,100000.0,100000.0,0
2021-04-05,737885.0,100000.0,100000.0,0
2021-04-06,737886.0,100000.0,100000.0,0
2021-04-07,737887.0,100000.0,100000.0,0
2021-04-08,737888.0,100000.0,100000.0,0
2021-04-09,737889.0,100000.0,100000.0,0
2021-04-10,737890.0,100000.0,100000.0,0
2021-04-11,737891.0,100000.0,100000.0,0
2021-04-12,737892.0,100000.0,100000.0,0
2021-04-13,737893.0,100000.0,100000.0,0
2021-04-14,737894.0,100000.0,100000.0,0
2021-04-15,737895.0,100000.0,100000.0,0
2021-04-16,737896.0,100000.0,100000.0,0
2021-04-17,737897.0,100000.0,100000.0,0
2021-04-18,737898.0,100000.0,100000.0,0
2021-04-19,737899.0,100000.0,100000.0,0
2021-04-20,737900.0,100000.0,100000.0,0
2021-04-21,737901.0,100000.0,100000.0,0
2021-04-22,737902.0,100000.0,100000.0,0
2021-04-23,737903.0,100000.0,100000.0,0
2021-04-24,737904.0,100000.0,100000.0,0
2021-04-25,737905.0,100000.0,100000.0,0
2021-04-26,737906.0,100000.0,100000.0,0
2021-04-27,737907.0,100000.0,100000.0,0
2021-04-28,737908.0,100000.0,100000.0,0
2021-04-29,737909.0,100000.0,100000.0,0
2021-04-30,737910.0,100000.0,100000.0,0
2021-05-01,737911.0,100000.0,100000.0,0
2021-05-02,737912.0,100000.0,100000.0,0
2021-05-03,737913.0,100000.0,100000.0,0
2021-05-04,737914.0,100000.0,100000.0,0
2021-05-05,737915.0,100000.0,100000.0,0
2021-05-06,737916.0,100000.0,100000.0,0
2021-05-07,737917.0,100000.0,100000.0,0
2021-05-08,737918.0,100000.0,100000.0,0
2021-05-09,737919.0,100000.0,100000.0,0
2021-05-10,737920.0,100000.0,100000.0,0
2021-05-11,737921.0,100000.0,100000.0,0
2021-05-12,737922.0,100000.0,100000.0,0
2021-05-13,737923.0,100000.0,100000.0,0
2021-05-14,737924.0,100000.0,100000.0,0
2021-05-15,737925.0,100000.0,100000.0,0
2021-05-16,737926.0,100000.0,100000.0,0
2021-05-17,737927.0,100000.0,100000.0,0
2021-05-18,737928.0,100000.0,100000.0,0
2021-05-19,737929.0,100000.0,100000.0,0
2021-05-20,737930.0,100000.0,100000.0,0
2021-05-21,737931.0,100000.0,100000.0,0
2021-05-22,737932.0,100000.0,100000.0,0
2021-05-23,737933.0,100000.0,100000.0,0
2021-05-24,737934.0,100000.0,100000.0,0
2021-05-25,737935.0,100000.0,100000.0,0
2021-05-26,737936.0,100000.0,100000.0,0
2021-05-27,737937.0,100000.0,100000.0,0
2021-05-28,737938.0,100000.0,100000.0,0
2021-05-29,737939.0,100000.0,100000.0,0
2021-05-30,737940.0,100000.0,100000.0,0
2021-05-31,737941.0,100000.0,100000.0,0
2021-06-01,737942.0,100000.0,100000.0,0
2021-06-02,737943.0,100000.0,100000.0,0
2021-06-03,737944.0,100000.0,100000.0,0
2021-06-04,737945.0,100000.0,100000.0,0
2021-06-05,737946.0,100000.0,100000.0,0
2021-06-06,737947.0,100000.0,100000.0,0
2021-06-07,737948.0,100000.0,100000.0,0
2021-06-08,737949.0,100000.0,100000.0,0
2021-06-09,737950.0,100000.0,100000.0,0
2021-06-10,737951.0,100000.0,100000.0,0
2021-06-11,737952.0,100000.0,100000.0,0
2021-06-12,737953.0,100000.0,100000.0,0
2021-06-13,737954.0,100000.0,100000.0,0
2021-06-14,737955.0,100000.0,100000.0,0
2021-06-15,737956.0,100000.0,100000.0,0
2021-06-16,737957.0,100000.0,100000.0,0
2021-06-17,737958.0,100000.0,100000.0,0
2021-06-18,737959.0,100000.0,100000.0,0
2021-06-19,737960.0,100000.0,100000.0,0
2021-06-20,737961.0,100000.0,100000.0,0
2021-06-21,737962.0,100000.0,100000.0,0
2021-06-22,737963.0,100000.0,100000.0,0
2021-06-23,737964.0,100000.0,100000.0,0
2021-06-24,737965.0,100000.0,100000.0,0
2021-06-25,737966.0,100000.0,100000.0,0
2021-06-26,737967.0,100000.0,100000.0,0
2021-06-27,737968.0,100000.0,100000.0,0
2021-06-28,737969.0,100000.0,100000.0,0
2021-06-29,737970.0,100000.0,100000.0,0
2021-06-30,737971.0,100000.0,100000.0,0
2021-07-01,737972.0,100000.0,100000.0,0
2021-07-02,737973.0,100000.0,100000.0,0
2021-07-03,737974.0,100000.0,100000.0,0
2021-07-04,737975.0,100000.0,100000.0,0
2021-07-05,737976.0,100000.0,100000.0,0
2021-07-06,737977.0,100000.0,100000.0,0
2021-07-07,737978.0,100000.0,100000.0,0
2021-07-08,737979.0,100000.0,100000.0,0
2021-07-09,737980.0,100000.0,100000.0,0
2021-07-10,737981.0,100000.0,100000.0,0
2021-07-11,737982.0,100000.0,100000.0,0
2021-07-12,737983.0,100000.0,100000.0,0
2021-07-13,737984.0,100000.0,100000.0,0
2021-07-14,737985.0,100000.0,100000.0,0
2021-07-15,737986.0,100000.0,100000.0,0
2021-07-16,737987.0,100000.0,100000.0,0
2021-07-17,737988.0,100000.0,100000.0,0
2021-07-18,737989.0,100000.0,100000.0,0
2021-07-19,737990.0,100000.0,100000.0,0
2021-07-20,737991.0,100000.0,100000.0,0
2021-07-21,737992.0,100000.0,100000.0,0
2021-07-22,737993.0,100000.0,100000.0,0
2021-07-23,737994.0,100000.0,100000.0,0
2021-07-24,737995.0,100000.0,100000.0,0
2021-07-25,737996.0,100000.0,100000.0,0
2021-07-26,737997.0,100000.0,100000.0,0
2021-07-27,737998.0,100000.0,100000.0,0
2021-07-28,737999.0,100000.0,100000.0,0
2021-07-29,738000.0,100000.0,100000.0,0
2021-07-30,738001.0,100000.0,100000.0,0
2021-07-31,738002.0,100000.0,100000.0,0
2021-08-01,738003.0,100000.0,100000.0,0
2021-08-02,738004.0,100000.0,100000.0,0
2021-08-03,738005.0,100000.0,100000.0,0
2021-08-04,738006.0,100000.0,100000.0,0
2021-08-05,738007.0,100000.0,100000.0,0
2021-08-06,738008.0,100000.0,100000.0,0
2021-08-07,738009.0,100000.0,100000.0,0
2021-08-08,738010.0,100000.0,100000.0,0
2021-08-09,738011.0,100000.0,100000.0,0
2021-08-10,738012.0,100000.0,100000.0,0
2021-08-11,738013.0,100000.0,100000.0,0
2021-08-12,738014.0,100000.0,100000.0,0
2021-08-13,738015.0,100000.0,100000.0,0
2021-08-14,738016.0,100000.0,100000.0,0
2021-08-15,738017.0,100000.0,100000.0,0
2021-08-16,738018.0,100000.0,100000.0,0
2021-08-17,738019.0,100000.0,100000.0,0
2021-08-18,738020.0,100000.0,100000.0,0
2021-08-19,738021.0,100000.0,100000.0,0
2021-08-20,738022.0,100000.0,100000.0,0
2021-08-21,738023.0,100000.0,100000.0,0
2021-08-22,738024.0,100000.0,100000.0,0
2021-08-23,738025.0,100000.0,100000.0,0
2021-08-24,738026.0,100000.0,100000.0,0
2021-08-25,738027.0,100000.0,100000.0,0
2021-08-26,738028.0,100000.0,100000.0,0
2021-08-27,738029.0,100000.0,100000.0,0
2021-08-28,738030.0,100000.0,100000.0,0
2021-08-29,738031.0,100000.0,100000.0,0
2021-08-30,738032.0,100000.0,100000.0,0
2021-08-31,738033.0,100000.0,100000.0,0
2021-09-01,738034.0,100000.0,100000.0,0
2021-09-02,738035.0,100000.0,100000.0,0
2021-09-03,738036.0,100000.0,100000.0,0
2021-09-04,738037.0,100000.0,100000.0,0
2021-09-05,738038.0,100000.0,100000.0,0
2021-09-06,738039.0,100000.0,100000.0,0
2021-09-07,738040.0,100000.0,100000.0,0
2021-09-08,738041.0,100000.0,100000.0,0
2021-09-09,738042.0,100000.0,100000.0,0
2021-09-10,738043.0,100000.0,100000.0,0
2021-09-11,738044.0,100000.0,100000.0,0
2021-09-12,738045.0,100000.0,100000.0,0
2021-09-13,738046.0,100000.0,100000.0,0
2021-09-14,738047.0,100000.0,100000.0,0
2021-09-15,738048.0,100000.0,100000.0,0
2021-09-16,738049.0,100000.0,100000.0,0
2021-09-17,738050.0,100000.0,100000.0,0
2021-09-18,738051.0,100000.0,100000.0,0
2021-09-19,738052.0,100000.0,100000.0,0
2021-09-20,738053.0,100000.0,100000.0,0
2021-09-21,738054.0,100000.0,100000.0,0
2021-09-22,738055.0,100000.0,100000.0,0
2021-09-23,738056.0,100000.0,100000.0,0
2021-09-24,738057.0,100000.0,100000.0,0
2021-09-25,738058.0,100000.0,100000.0,0
2021-09-26,738059.0,100000.0,100000.0,0
2021-09-27,738060.0,100000.0,100000.0,0
2021-09-28,738061.0,100000.0,100000.0,0
2021-09-29,738062.0,100000.0,100000.0,0
2021-09-30,738063.0,100000.0,100000.0,0
2021-10-01,738064.0,100000.0,100000.0,0
2021-10-02,738065.0,100000.0,100000.0,0
2021-10-03,738066.0,100000.0,100000.0,0
2021-10-04,738067.0,100000.0,100000.0,0
2021-10-05,738068.0,100000.0,100000.0,0
2021-10-06,738069.0,100000.0,100000.0,0
2021-10-07,738070.0,100000.0,100000.0,0
2021-10-08,738071.0,100000.0,100000.0,0
2021-10-09,738072.0,100000.0,100000.0,0
2021-10-10,738073.0,100000.0,100000.0,0
2021-10-11,738074.0,100000.0,100000.0,0
2021-10-12,738075.0,100000.0,100000.0,0
2021-10-13,738076.0,100000.0,100000.0,0
2021-10-14,738077.0,100000.0,100000.0,0
2021-10-15,738078.0,100000.0,100000.0,0
2021-10-16,738079.0,100000.0,100000.0,0
2021-10-17,738080.0,100000.0,100000.0,0
2021-10-18,738081.0,100000.0,100000.0,0
2021-10-19,738082.0,100000.0,100000.0,0
2021-10-20,738083.0,100000.0,100000.0,0
2021-10-21,738084.0,100000.0,100000.0,0
2021-10-22,738085.0,100000.0,100000.0,0
2021-10-23,738086.0,100000.0,100000.0,0
2021-10-24,738087.0,100000.0,100000.0,0
2021-10-25,738088.0,100000.0,100000.0,0
2021-10-26,738089.0,100000.0,100000.0,0
2021-10-27,738090.0,100000.0,100000.0,0
2021-10-28,738091.0,100000.0,100000.0,0
2021-10-29,738092.0,100000.0,100000.0,0
2021-10-30,738093.0,100000.0,100000.0,0
2021-10-31,738094.0,100000.0,100000.0,0
2021-11-01,738095.0,100000.0,100000.0,0
2021-11-02,738096.0,100000.0,100000.0,0
2021-11-03,738097.0,100000.0,100000.0,0
2021-11-04,738098.0,100000.0,100000.0,0
2021-11-05,738099.0,100000.0,100000.0,0
2021-11-06,738100.0,100000.0,100000.0,0
2021-11-07,738101.0,100000.0,100000.0,0
2021-11-08,738102.0,100000.0,100000.0,0
2021-11-09,738103.0,100000.0,100000.0,0
2021-11-10,738104.0,100000.0,100000.0,0
2021-11-11,738105.0,100000.0,100000.0,0
2021-11-12,738106.0,100000.0,100000.0,0
2021-11-13,738107.0,100000.0,100000.0,0
2021-11-14,738108.0,100000.0,100000.0,0
2021-11-15,738109.0,100000.0,100000.0,0
2021-11-16,738110.0,100000.0,100000.0,0
2021-11-17,738111.0,100000.0,100000.0,0
2021-11-18,738112.0,100000.0,100000.0,0
2021-11-19,738113.0,100000.0,100000.0,0
2021-11-20,738114.0,100000.0,100000.0,0
2021-11-21,738115.0,100000.0,100000.0,0
2021-11-22,738116.0,100000.0,100000.0,0
2021-11-23,738117.0,100000.0,100000.0,0
2021-11-24,738118.0,100000.0,100000.0,0
2021-11-25,738119.0,100000.0,100000.0,0
2021-11-26,738120.0,100000.0,100000.0,0
2021-11-27,738121.0,100000.0,100000.0,0
2021-11-28,738122.0,100000.0,100000.0,0
2021-11-29,738123.0,100000.0,100000.0,0
2021-11-30,738124.0,100000.0,100000.0,0
2021-12-01,738125.0,100000.0,100000.0,0
2021-12-02,738126.0,100000.0,100000.0,0
2021-12-03,738127.0,100000.0,100000.0,0
2021-12-04,738128.0,100000.0,100000.0,0
2021-12-05,738129.0,100000.0,100000.0,0
2021-12-06,738130.0,100000.0,100000.0,0
2021-12-07,738131.0,100000.0,100000.0,0
2021-12-08,738132.0,100000.0,100000.0,0
2021-12-09,738133.0,100000.0,100000.0,0
2021-12-10,738134.0,100000.0,100000.0,0
2021-12-11,738135.0,100000.0,100000.0,0
2021-12-12,738136.0,100000.0,100000.0,0
2021-12-13,738137.0,100000.0,100000.0,0
2021-12-14,738138.0,100000.0,100000.0,0
2021-12-15,738139.0,100000.0,100000.0,0
2021-12-16,738140.0,100000.0,100000.0,0
2021-12-17,738141.0,100000.0,100000.0,0
2021-12-18,738142.0,100000.0,100000.0,0
2021-12-19,738143.0,100000.0,100000.0,0
2021-12-20,738144.0,100000.0,100000.0,0
2021-12-21,738145.0,100000.0,100000.0,0
2021-12-22,738146.0,100000.0,100000.0,0
2021-12-23,738147.0,100000.0,100000.0,0
2021-12-24,738148.0,100000.0,100000.0,0
2021-12-25,738149.0,100000.0,100000.0,0
2021-12-26,738150.0,100000.0,100000.0,0
2021-12-27,738151.0,100000.0,100000.0,0
2021-12-28,738152.0,100000.0,100000.0,0
2021-12-29,738153.0,100000.0,100000.0,0
2021-12-30,738154.0,100000.0,100000.0,0
2021-12-31,738155.0,100000.0,100000.0,0
2022-01-01,738156.0,100000.0,100000.0,0
2022-01-02,738157.0,100000.0,100000.0,0
2022-01-03,738158.0,100000.0,100000.0,0
2022-01-04,738159.0,100000.0,100000.0,0
2022-01-05,738160.0,100000.0,100000.0,0
2022-01-06,738161.0,100000.0,100000.0,0
2022-01-07,738162.0,100000.0,100000.0,0
2022-01-08,738163.0,100000.0,100000.0,0
2022-01-09,738164.0,100000.0,100000.0,0
2022-01-10,738165.0,100000.0,100000.0,0
2022-01-11,738166.0,100000.0,100000.0,0
2022-01-12,738167.0,100000.0,100000.0,0
2022-01-13,738168.0,100000.0,100000.0,0
2022-01-14,738169.0,100000.0,100000.0,0
2022-01-15,738170.0,100000.0,100000.0,0
2022-01-16,738171.0,100000.0,100000.0,0
2022-01-17,738172.0,100000.0,100000.0,0
2022-01-18,738173.0,100000.0,100000.0,0
2022-01-19,738174.0,100000.0,100000.0,0
2022-01-20,738175.0,100000.0,100000.0,0
2022-01-21,738176.0,100000.0,100000.0,0
2022-01-22,738177.0,100000.0,100000.0,0
2022-01-23,738178.0,100000.0,100000.0,0
2022-01-24,738179.0,100000.0,100000.0,0
2022-01-25,738180.0,100000.0,100000.0,0
2022-01-26,738181.0,100000.0,100000.0,0
2022-01-27,738182.0,100000.0,100000.0,0
2022-01-28,738183.0,100000.0,100000.0,0
2022-01-29,738184.0,100000.0,100000.0,0
2022-01-30,738185.0,100000.0,100000.0,0
2022-01-31,738186.0,100000.0,100000.0,0
2022-02-01,738187.0,100000.0,100000.0,0
2022-02-02,738188.0,100000.0,100000.0,0
2022-02-03,738189.0,100000.0,100000.0,0
2022-02-04,738190.0,100000.0,100000.0,0
2022-02-05,738191.0,100000.0,100000.0,0
2022-02-06,738192.0,100000.0,100000.0,0
2022-02-07,738193.0,100000.0,100000.0,0
2022-02-08,738194.0,100000.0,100000.0,0
2022-02-09,738195.0,100000.0,100000.0,0
2022-02-10,738196.0,100000.0,100000.0,0
2022-02-11,738197.0,100000.0,100000.0,0
2022-02-12,738198.0,100000.0,100000.0,0
2022-02-13,738199.0,100000.0,100000.0,0
2022-02-14,738200.0,100000.0,100000.0,0
2022-02-15,738201.0,100000.0,100000.0,0
2022-02-16,738202.0,100000.0,100000.0,0
2022-02-17,738203.0,100000.0,100000.0,0
2022-02-18,738204.0,100000.0,100000.0,0
2022-02-19,738205.0,100000.0,100000.0,0
2022-02-20,738206.0,100000.0,100000.0,0
2022-02-21,738207.0,100000.0,100000.0,0
2022-02-22,738208.0,100000.0,100000.0,0
2022-02-23,738209.0,100000.0,100000.0,0
2022-02-24,738210.0,100000.0,100000.0,0
2022-02-25,738211.0,100000.0,100000.0,0
2022-02-26,738212.0,100000.0,100000.0,0
2022-02-27,738213.0,100000.0,100000.0,0
2022-02-28,738214.0,100000.0,100000.0,0
2022-03-01,738215.0,100000.0,100000.0,0
2022-03-02,738216.0,100000.0,100000.0,0
2022-03-03,738217.0,100000.0,100000.0,0
2022-03-04,738218.0,100000.0,100000.0,0
2022-03-05,738219.0,100000.0,100000.0,0
2022-03-06,738220.0,100000.0,100000.0,0
2022-03-07,738221.0,100000.0,100000.0,0
2022-03-08,738222.0,100000.0,100000.0,0
2022-03-09,738223.0,100000.0,100000.0,0
2022-03-10,738224.0,100000.0,100000.0,0
2022-03-11,738225.0,100000.0,100000.0,0
2022-03-12,738226.0,100000.0,100000.0,0
2022-03-13,738227.0,100000.0,100000.0,0
2022-03-14,738228.0,100000.0,100000.0,0
2022-03-15,738229.0,100000.0,100000.0,0
2022-03-16,738230.0,100000.0,100000.0,0
2022-03-17,738231.0,100000.0,100000.0,0
2022-03-18,738232.0,100000.0,100000.0,0
2022-03-19,738233.0,100000.0,100000.0,0
2022-03-20,738234.0,100000.0,100000.0,0
2022-03-21,738235.0,100000.0,100000.0,0
2022-03-22,738236.0,100000.0,100000.0,0
2022-03-23,738237.0,100000.0,100000.0,0
2022-03-24,738238.0,100000.0,100000.0,0
2022-03-25,738239.0,99980.18194199723,94735.26915487886,5244.912787118372
2022-03-26,738240.0,100052.6470667356,94735.26915487886,5317.377911856744
2022-03-27,738241.0,100307.35707704442,94735.26915487886,5572.087922165558
2022-03-28,738242.0,100398.8323059875,96172.5059490752,4226.3263569123
2022-03-29,738243.0,100484.54015329968,96172.5059490752,4312.034204224477
2022-03-30,738244.0,100465.87438155185,96172.5059490752,4293.3684324766555
2022-03-31,738245.0,100122.43561038218,89321.15577095088,10801.279839431303
2022-04-01,738246.0,100633.75463701051,89321.15577095088,11312.59886605963
2022-04-02,738247.0,100456.68918179414,89321.15577095088,11135.533410843258
2022-04-03,738248.0,100760.13477636066,89321.15577095088,11438.979005409781
2022-04-04,738249.0,100713.72972229977,89321.15577095088,11392.573951348897
2022-04-05,738250.0,100526.1636166326,89321.15577095088,11205.007845681725
2022-04-06,738251.0,99842.90553525083,89321.15577095088,10521.749764299953
2022-04-07,738252.0,100163.47563779575,89321.15577095088,10842.31986684487
2022-04-08,738253.0,99894.86121271482,89321.15577095088,10573.705441763945
2022-04-09,738254.0,100057.73828438274,89321.15577095088,10736.582513431855
2022-04-10,738255.0,99855.72787861114,89321.15577095088,10534.57210766026
2022-04-11,738256.0,99644.27334767014,99644.27334767014,0
2022-04-12,738257.0,99644.27334767014,99644.27334767014,0
2022-04-13,738258.0,99644.27334767014,99644.27334767014,0
2022-04-14,738259.0,99644.27334767014,99644.27334767014,0
2022-04-15,738260.0,99644.27334767014,99644.27334767014,0
2022-04-16,738261.0,99644.27334767014,99644.27334767014,0
2022-04-17,738262.0,99644.27334767014,99644.27334767014,0
2022-04-18,738263.0,99644.27334767014,99644.27334767014,0
2022-04-19,738264.0,99644.27334767014,99644.27334767014,0
2022-04-20,738265.0,99644.27334767014,99644.27334767014,0
2022-04-21,738266.0,99644.27334767014,99644.27334767014,0
2022-04-22,738267.0,99644.27334767014,99644.27334767014,0
2022-04-23,738268.0,99644.27334767014,99644.27334767014,0
2022-04-24,738269.0,99644.27334767014,99644.27334767014,0
2022-04-25,738270.0,99644.27334767014,99644.27334767014,0
2022-04-26,738271.0,99644.27334767014,99644.27334767014,0
2022-04-27,738272.0,99644.27334767014,99644.27334767014,0
2022-04-28,738273.0,99644.27334767014,99644.27334767014,0
2022-04-29,738274.0,99644.27334767014,99644.27334767014,0
2022-04-30,738275.0,99644.27334767014,99644.27334767014,0
2022-05-01,738276.0,99644.27334767014,99644.27334767014,0
2022-05-02,738277.0,99644.27334767014,99644.27334767014,0
2022-05-03,738278.0,99644.27334767014,99644.27334767014,0
2022-05-04,738279.0,99644.27334767014,99644.27334767014,0
2022-05-05,738280.0,99644.27334767014,99644.27334767014,0
2022-05-06,738281.0,99644.27334767014,99644.27334767014,0
2022-05-07,738282.0,99644.27334767014,99644.27334767014,0
2022-05-08,738283.0,99644.27334767014,99644.27334767014,0
2022-05-09,738284.0,99644.27334767014,99644.27334767014,0
2022-05-10,738285.0,99644.27334767014,99644.27334767014,0
2022-05-11,738286.0,99644.27334767014,99644.27334767014,0
2022-05-12,738287.0,99644.27334767014,99644.27334767014,0
2022-05-13,738288.0,99644.27334767014,99644.27334767014,0
2022-05-14,738289.0,99644.27334767014,99644.27334767014,0
2022-05-15,738290.0,99644.27334767014,99644.27334767014,0
2022-05-16,738291.0,99644.27334767014,99644.27334767014,0
2022-05-17,738292.0,99644.27334767014,99644.27334767014,0
2022-05-18,738293.0,99644.27334767014,99644.27334767014,0
2022-05-19,738294.0,99644.27334767014,99644.27334767014,0
2022-05-20,738295.0,99644.27334767014,99644.27334767014,0
2022-05-21,738296.0,99644.27334767014,99644.27334767014,0
2022-05-22,738297.0,99644.27334767014,99644.27334767014,0
2022-05-23,738298.0,99644.27334767014,99644.27334767014,0
2022-05-24,738299.0,99644.27334767014,99644.27334767014,0
2022-05-25,738300.0,99644.27334767014,99644.27334767014,0
2022-05-26,738301.0,99644.27334767014,99644.27334767014,0
2022-05-27,738302.0,99644.27334767014,99644.27334767014,0
2022-05-28,738303.0,99644.27334767014,99644.27334767014,0
2022-05-29,738304.0,99644.27334767014,99644.27334767014,0
2022-05-30,738305.0,99644.27334767014,99644.27334767014,0
2022-05-31,738306.0,99644.27334767014,99644.27334767014,0
2022-06-01,738307.0,99644.27334767014,99644.27334767014,0
2022-06-02,738308.0,99644.27334767014,99644.27334767014,0
2022-06-03,738309.0,99644.27334767014,99644.27334767014,0
2022-06-04,738310.0,99644.27334767014,99644.27334767014,0
2022-06-05,738311.0,99644.27334767014,99644.27334767014,0
2022-06-06,738312.0,99644.27334767014,99644.27334767014,0
2022-06-07,738313.0,99644.27334767014,99644.27334767014,0
2022-06-08,738314.0,99644.27334767014,99644.27334767014,0
2022-06-09,738315.0,99644.27334767014,99644.27334767014,0
2022-06-10,738316.0,99644.27334767014,99644.27334767014,0
2022-06-11,738317.0,99644.27334767014,99644.27334767014,0
2022-06-12,738318.0,99644.27334767014,99644.27334767014,0
2022-06-13,738319.0,99644.27334767014,99644.27334767014,0
2022-06-14,738320.0,99644.27334767014,99644.27334767014,0
2022-06-15,738321.0,99644.27334767014,99644.27334767014,0
2022-06-16,738322.0,99644.27334767014,99644.27334767014,0
2022-06-17,738323.0,99644.27334767014,99644.27334767014,0
2022-06-18,738324.0,99644.27334767014,99644.27334767014,0
2022-06-19,738325.0,99644.27334767014,99644.27334767014,0
2022-06-20,738326.0,99644.27334767014,99644.27334767014,0
2022-06-21,738327.0,99644.27334767014,99644.27334767014,0
2022-06-22,738328.0,99644.27334767014,99644.27334767014,0
2022-06-23,738329.0,99644.27334767014,99644.27334767014,0
2022-06-24,738330.0,99644.27334767014,99644.27334767014,0
2022-06-25,738331.0,99644.27334767014,99644.27334767014,0
2022-06-26,738332.0,99644.27334767014,99644.27334767014,0
2022-06-27,738333.0,99644.27334767014,99644.27334767014,0
2022-06-28,738334.0,99644.27334767014,99644.27334767014,0
2022-06-29,738335.0,99644.27334767014,99644.27334767014,0
2022-06-30,738336.0,99644.27334767014,99644.27334767014,0
2022-07-01,738337.0,99644.27334767014,99644.27334767014,0
2022-07-02,738338.0,99644.27334767014,99644.27334767014,0
2022-07-03,738339.0,99644.27334767014,99644.27334767014,0
2022-07-04,738340.0,99644.27334767014,99644.27334767014,0
2022-07-05,738341.0,99644.27334767014,99644.27334767014,0
2022-07-06,738342.0,99644.27334767014,99644.27334767014,0
2022-07-07,738343.0,99644.27334767014,99644.27334767014,0
2022-07-08,738344.0,99644.27334767014,99644.27334767014,0
2022-07-09,738345.0,99644.27334767014,99644.27334767014,0
2022-07-10,738346.0,99644.27334767014,99644.27334767014,0
2022-07-11,738347.0,99644.27334767014,99644.27334767014,0
2022-07-12,738348.0,99644.27334767014,99644.27334767014,0
2022-07-13,738349.0,99644.27334767014,99644.27334767014,0
2022-07-14,738350.0,99644.27334767014,99644.27334767014,0
2022-07-15,738351.0,99644.27334767014,99644.27334767014,0
2022-07-16,738352.0,99644.27334767014,99644.27334767014,0
2022-07-17,738353.0,99644.27334767014,99644.27334767014,0
2022-07-18,738354.0,99644.27334767014,99644.27334767014,0
2022-07-19,738355.0,99726.16529548998,94533.2853775729,5192.879917917079
2022-07-20,738356.0,99525.10069703005,94533.2853775729,4991.815319457147
2022-07-21,738357.0,99668.16589208807,94533.2853775729,5134.8805145151755
2022-07-22,738358.0,99606.29986179271,94533.2853775729,5073.0144842198115
2022-07-23,738359.0,99544.43383149734,94533.2853775729,5011.1484539244475
2022-07-24,738360.0,99586.96672732542,94533.2853775729,5053.68134975251
2022-07-25,738361.0,99262.17006827475,94533.2853775729,4728.8846907018515
2022-07-26,738362.0,99354.9691137178,94533.2853775729,4821.683736144897
2022-07-27,738363.0,99784.16469889188,94533.2853775729,5250.879321318982
2022-07-28,738364.0,99892.43025190877,94533.2853775729,5359.144874335868
2022-07-29,738365.0,100188.9132347208,95931.7570250211,4257.156209699705
2022-07-30,738366.0,100104.81409978804,95931.7570250211,4173.057074766945
2022-07-31,738367.0,100041.01475604594,95931.7570250211,4109.257731024851
2022-08-01,738368.0,100038.11478587585,95931.7570250211,4106.357760854756
2022-08-02,738369.0,100046.81469638614,95931.7570250211,4115.057671365042
2022-08-03,738370.0,100245.46265303766,95931.7570250211,4313.705628016561
2022-08-04,738371.0,100452.81052019946,95931.7570250211,4521.053495178366
2022-08-05,738372.0,100506.53725988376,97452.86867077355,3053.6685891102106
2022-08-06,738373.0,100499.7706628202,97452.86867077355,3046.9019920466553
2022-08-07,738374.0,100573.23657379595,97452.86867077355,3120.3679030224
2022-08-08,738375.0,100593.53636498662,97452.86867077355,3140.6676942130657
2022-08-09,738376.0,100588.7030813698,97452.86867077355,3135.8344105962406
2022-08-10,738377.0,100631.23597719785,97452.86867077355,3178.3673064243035
2022-08-11,738378.0,100580.96982758287,97452.86867077355,3128.1011568093204
2022-08-12,738379.0,100622.53606668756,97452.86867077355,3169.6673959140176
2022-08-13,738380.0,100587.73642464643,97452.86867077355,3134.8677538728757
2022-08-14,738381.0,100522.97042418097,97452.86867077355,3070.101753407417
2022-08-15,738382.0,100541.3369019249,97452.86867077355,3088.468231151353
2022-08-16,738383.0,100508.47057333049,97452.86867077355,3055.6019025569412
2022-08-17,738384.0,100419.53815478091,97452.86867077355,2966.669484007356
2022-08-18,738385.0,100334.47236312478,97452.86867077355,2881.6036923512315
2022-08-19,738386.0,100150.80758568541,97452.86867077355,2697.9389149118706
2022-08-20,738387.0,100195.27379496022,97452.86867077355,2742.4051241866628
2022-08-21,738388.0,100371.20531861264,97452.86867077355,2918.336647839103
2022-08-22,738389.0,100352.83884086872,97452.86867077355,2899.9701700951673
2022-08-23,738390.0,100346.07224380516,97452.86867077355,2893.203573031612
2022-08-24,738391.0,100318.03919882757,97452.86867077355,2865.170528054025
2022-08-25,738392.0,100364.4387215491,97452.86867077355,2911.5700507755478
2022-08-26,738393.0,100155.64086930224,97452.86867077355,2702.772198528696
2022-08-27,738394.0,100139.20770500504,97452.86867077355,2686.3390342314897
2022-08-28,738395.0,100125.67451087793,97452.86867077355,2672.805840104379
2022-08-29,738396.0,100216.54024287424,97452.86867077355,2763.671572100694
2022-08-30,738397.0,100174.97400376954,97452.86867077355,2722.1053329959973
2022-08-31,738398.0,100151.77424240878,97452.86867077355,2698.9055716352354
2022-09-01,738399.0,100143.0743318985,97452.86867077355,2690.20566112495
2022-09-02,738400.0,100135.34107811158,97452.86867077355,2682.47240733803
2022-09-03,738401.0,100138.24104828168,97452.86867077355,2685.372377508125
2022-09-04,738402.0,100150.80758568541,97452.86867077355,2697.9389149118706
2022-09-05,738403.0,100129.54113777139,97452.86867077355,2676.672466997839
2022-09-06,738404.0,100063.41540583578,100063.41540583578,0
2022-09-07,738405.0,100063.41540583578,100063.41540583578,0
2022-09-08,738406.0,100063.41540583578,100063.41540583578,0
2022-09-09,738407.0,100063.41540583578,100063.41540583578,0
2022-09-10,738408.0,100063.41540583578,100063.41540583578,0
2022-09-11,738409.0,100063.41540583578,100063.41540583578,0
2022-09-12,738410.0,100063.41540583578,100063.41540583578,0
2022-09-13,738411.0,100063.41540583578,100063.41540583578,0
2022-09-14,738412.0,100063.41540583578,100063.41540583578,0
2022-09-15,738413.0,100063.41540583578,100063.41540583578,0
2022-09-16,738414.0,100063.41540583578,100063.41540583578,0
2022-09-17,738415.0,100063.41540583578,100063.41540583578,0
2022-09-18,738416.0,100063.41540583578,100063.41540583578,0
2022-09-19,738417.0,100063.41540583578,100063.41540583578,0
2022-09-20,738418.0,100063.41540583578,100063.41540583578,0
2022-09-21,738419.0,100063.41540583578,100063.41540583578,0
2022-09-22,738420.0,100063.41540583578,100063.41540583578,0
2022-09-23,738421.0,100063.41540583578,100063.41540583578,0
2022-09-24,738422.0,100063.41540583578,100063.41540583578,0
2022-09-25,738423.0,100063.41540583578,100063.41540583578,0
2022-09-26,738424.0,100063.41540583578,100063.41540583578,0
2022-09-27,738425.0,100063.41540583578,100063.41540583578,0
2022-09-28,738426.0,100063.41540583578,100063.41540583578,0
2022-09-29,738427.0,100063.41540583578,100063.41540583578,0
2022-09-30,738428.0,100063.41540583578,100063.41540583578,0
2022-10-01,738429.0,100063.41540583578,100063.41540583578,0
2022-10-02,738430.0,100063.41540583578,100063.41540583578,0
2022-10-03,738431.0,100063.41540583578,100063.41540583578,0
2022-10-04,738432.0,100063.41540583578,100063.41540583578,0
2022-10-05,738433.0,100063.41540583578,100063.41540583578,0
2022-10-06,738434.0,100063.41540583578,100063.41540583578,0
2022-10-07,738435.0,100063.41540583578,100063.41540583578,0
2022-10-08,738436.0,100063.41540583578,100063.41540583578,0
2022-10-09,738437.0,100063.41540583578,100063.41540583578,0
2022-10-10,738438.0,100063.41540583578,100063.41540583578,0
2022-10-11,738439.0,100063.41540583578,100063.41540583578,0
2022-10-12,738440.0,100063.41540583578,100063.41540583578,0
2022-10-13,738441.0,100063.41540583578,100063.41540583578,0
2022-10-14,738442.0,100063.41540583578,100063.41540583578,0
2022-10-15,738443.0,100063.41540583578,100063.41540583578,0
2022-10-16,738444.0,100063.41540583578,100063.41540583578,0
2022-10-17,738445.0,100063.41540583578,100063.41540583578,0
2022-10-18,738446.0,100063.41540583578,100063.41540583578,0
2022-10-19,738447.0,100063.41540583578,100063.41540583578,0
2022-10-20,738448.0,100063.41540583578,100063.41540583578,0
2022-10-21,738449.0,100063.41540583578,100063.41540583578,0
2022-10-22,738450.0,100063.41540583578,100063.41540583578,0
2022-10-23,738451.0,100063.41540583578,100063.41540583578,0
2022-10-24,738452.0,100063.41540583578,100063.41540583578,0
2022-10-25,738453.0,100063.41540583578,100063.41540583578,0
2022-10-26,738454.0,100489.97224420638,88433.7786400973,12056.193604109083
2022-10-27,738455.0,100115.80511903984,88433.7786400973,11682.026478942538
2022-10-28,738456.0,100281.13283345946,88433.7786400973,11847.35419336216
2022-10-29,738457.0,100850.8070530298,81907.18790857885,18943.619144450953
2022-10-30,738458.0,100891.0627906638,84019.54422736123,16871.518563302576
2022-10-31,738459.0,101107.96253240327,86254.79787675288,14853.164655650384
2022-11-01,738460.0,101109.82067341857,86254.79787675288,14855.022796665686
2022-11-02,738461.0,101539.78939694824,87960.93182247924,13578.857574469006
2022-11-03,738462.0,101851.9755998436,89790.24318338996,12061.732416453648
2022-11-04,738463.0,102821.33909790142,89790.24318338996,13031.095914511454
2022-11-05,738464.0,102617.94057058352,79423.55928258314,23194.381288000386
2022-11-06,738465.0,101735.8098531713,79423.55928258314,22312.25057058816
2022-11-07,738466.0,101662.34424693629,79423.55928258314,22238.784964353144
2022-11-08,738467.0,100379.48413662855,92729.23909179671,7650.245044831844
2022-11-09,738468.0,99381.92063763959,99381.92063763959,0
2022-11-10,738469.0,99381.92063763959,99381.92063763959,0
2022-11-11,738470.0,99381.92063763959,99381.92063763959,0
2022-11-12,738471.0,99381.92063763959,99381.92063763959,0
2022-11-13,738472.0,99381.92063763959,99381.92063763959,0
2022-11-14,738473.0,99381.92063763959,99381.92063763959,0
2022-11-15,738474.0,99381.92063763959,99381.92063763959,0
2022-11-16,738475.0,99381.92063763959,99381.92063763959,0
2022-11-17,738476.0,99381.92063763959,99381.92063763959,0
2022-11-18,738477.0,99381.92063763959,99381.92063763959,0
2022-11-19,738478.0,99381.92063763959,99381.92063763959,0
2022-11-20,738479.0,99381.92063763959,99381.92063763959,0
2022-11-21,738480.0,99381.92063763959,99381.92063763959,0
2022-11-22,738481.0,99381.92063763959,99381.92063763959,0
2022-11-23,738482.0,99381.92063763959,99381.92063763959,0
2022-11-24,738483.0,99381.92063763959,99381.92063763959,0
2022-11-25,738484.0,99381.92063763959,99381.92063763959,0
2022-11-26,738485.0,99381.92063763959,99381.92063763959,0
2022-11-27,738486.0,99381.92063763959,99381.92063763959,0
2022-11-28,738487.0,99381.92063763959,99381.92063763959,0
2022-11-29,738488.0,99381.92063763959,99381.92063763959,0
2022-11-30,738489.0,99381.92063763959,99381.92063763959,0
2022-12-01,738490.0,99381.92063763959,99381.92063763959,0
2022-12-02,738491.0,99381.92063763959,99381.92063763959,0
2022-12-03,738492.0,99381.92063763959,99381.92063763959,0
2022-12-04,738493.0,99381.92063763959,99381.92063763959,0
2022-12-05,738494.0,99381.92063763959,99381.92063763959,0
2022-12-06,738495.0,99381.92063763959,99381.92063763959,0
2022-12-07,738496.0,99381.92063763959,99381.92063763959,0
2022-12-08,738497.0,99381.92063763959,99381.92063763959,0
2022-12-09,738498.0,99381.92063763959,99381.92063763959,0
2022-12-10,738499.0,99381.92063763959,99381.92063763959,0
2022-12-11,738500.0,99381.92063763959,99381.92063763959,0
2022-12-12,738501.0,99381.92063763959,99381.92063763959,0
2022-12-13,738502.0,99381.92063763959,99381.92063763959,0
2022-12-14,738503.0,99316.04927055747,93405.49124797121,5910.5580225862695
2022-12-15,738504.0,99131.1522021461,93405.49124797121,5725.660954174887
2022-12-16,738505.0,98885.0110344514,98885.0110344514,0
2022-12-17,738506.0,98885.0110344514,98885.0110344514,0
2022-12-18,738507.0,98885.0110344514,98885.0110344514,0
2022-12-19,738508.0,98885.0110344514,98885.0110344514,0
2022-12-20,738509.0,98885.0110344514,98885.0110344514,0
2022-12-21,738510.0,98885.0110344514,98885.0110344514,0
2022-12-22,738511.0,98885.0110344514,98885.0110344514,0
2022-12-23,738512.0,98885.0110344514,98885.0110344514,0
2022-12-24,738513.0,98885.0110344514,98885.0110344514,0
2022-12-25,738514.0,98885.0110344514,98885.0110344514,0
2022-12-26,738515.0,98885.0110344514,98885.0110344514,0
2022-12-27,738516.0,98885.0110344514,98885.0110344514,0
2022-12-28,738517.0,98885.0110344514,98885.0110344514,0
2022-12-29,738518.0,98885.0110344514,98885.0110344514,0
2022-12-30,738519.0,98885.0110344514,98885.0110344514,0
2022-12-31,738520.0,98885.0110344514,98885.0110344514,0
2023-01-01,738521.0,98885.0110344514,98885.0110344514,0
2023-01-02,738522.0,98885.0110344514,98885.0110344514,0
2023-01-03,738523.0,98885.0110344514,98885.0110344514,0
2023-01-04,738524.0,98885.0110344514,98885.0110344514,0
2023-01-05,738525.0,98885.0110344514,98885.0110344514,0
2023-01-06,738526.0,98885.0110344514,98885.0110344514,0
2023-01-07,738527.0,98838.71965715349,92362.60020492018,6476.11945223331
2023-01-08,738528.0,99320.6851944223,92362.60020492018,6958.084989502118
2023-01-09,738529.0,99700.86863534662,79602.05956942866,20098.809065917954
2023-01-10,738530.0,100038.54519021096,56067.27611793595,43971.26907227501
2023-01-11,738531.0,101431.50417884723,60649.62068574219,40781.88349310504
2023-01-12,738532.0,102622.90578508482,65305.847135479795,37317.058649605024
2023-01-13,738533.0,103584.6223617997,70155.03698786869,33429.58537393102
2023-01-14,738534.0,104984.69164816572,76215.27527072681,28769.41637743891
2023-01-15,738535.0,104785.30295490325,76215.27527072681,28570.027684176443
2023-01-16,738536.0,104627.19779637927,76215.27527072681,28411.92252565247
2023-01-17,738537.0,104648.26872771702,76215.27527072681,28432.993456990203
2023-01-18,738538.0,103405.97813928466,76215.27527072681,27190.702868557855
2023-01-19,738539.0,104122.57646059408,76215.27527072681,27907.301189867278
2023-01-20,738540.0,105918.3138733182,76215.27527072681,29703.038602591383
2023-01-21,738541.0,105620.03989922356,76215.27527072681,29404.764628496752
2023-01-22,738542.0,105757.6249845523,76215.27527072681,29542.349713825493
2023-01-23,738543.0,106359.1853341649,76215.27527072681,30143.910063438092
2023-01-24,738544.0,105203.8372396891,76215.27527072681,28988.561968962294
2023-01-25,738545.0,106100.43827958721,76215.27527072681,29885.163008860403
2023-01-26,738546.0,106157.430027563,76215.27527072681,29942.154756836186
2023-01-27,738547.0,106524.39574827402,76215.27527072681,30309.120477547218
2023-01-28,738548.0,106096.01082380635,76215.27527072681,29880.735553079543
2023-01-29,738549.0,107325.38115098617,77823.24451401386,29502.136636972315
2023-01-30,738550.0,105919.97538247867,77823.24451401386,28096.730868464816
2023-01-31,738551.0,106502.11024179928,77823.24451401386,28678.86572778542
2023-02-01,738552.0,107355.05283390333,77823.24451401386,29531.808319889475
2023-02-02,738553.0,107499.06294524118,77823.24451401386,29675.818431227326
2023-02-03,738554.0,108242.14027853045,77823.24451401386,30418.8957645166
2023-02-04,738555.0,108021.76524834485,77823.24451401386,30198.52073433099
2023-02-05,738556.0,107364.16962682293,77823.24451401386,29540.925112809076
2023-02-06,738557.0,106883.54267969032,77823.24451401386,29060.298165676453
2023-02-07,738558.0,108122.31224078898,77823.24451401386,30299.067726775116
2023-02-08,738559.0,107541.40638605054,77823.24451401386,29718.16187203668
2023-02-09,738560.0,105398.68969240173,86964.30260237999,18434.38709002175
2023-02-10,738561.0,105230.67665092087,92343.96735635141,12886.709294569457
2023-02-11,738562.0,105408.16881952345,92343.96735635141,13064.20146317204
2023-02-12,738563.0,105303.6723113625,92343.96735635141,12959.704955011099
2023-02-13,738564.0,104955.9010576783,96893.6116710328,8062.2893866455015
2023-02-14,738565.0,105183.84624046454,96893.6116710328,8290.234569431741
2023-02-15,738566.0,105732.32864230625,96893.6116710328,8838.716971273447
2023-02-16,738567.0,105356.75526982517,96893.6116710328,8463.143598792358
2023-02-17,738568.0,106191.55414718384,96893.6116710328,9297.942476151024
2023-02-18,738569.0,106132.89991518907,96893.6116710328,9239.28824415627
2023-02-19,738570.0,106227.63324580123,96893.6116710328,9334.021574768427
2023-02-20,738571.0,106268.92661613825,96893.6116710328,9375.314945105441
2023-02-21,738572.0,105953.54769204663,96893.6116710328,9059.936021013826
2023-02-22,738573.0,105949.82621536063,96893.6116710328,9056.21454432782
2023-02-23,738574.0,105850.75651927061,96893.6116710328,8957.144848237807
2023-02-24,738575.0,105357.65273128035,96893.6116710328,8464.041060247548
2023-02-25,738576.0,105353.85046717615,96893.6116710328,8460.238796143345
2023-02-26,738577.0,105544.81517888307,96893.6116710328,8651.203507850263
2023-02-27,738578.0,105413.18326459167,96893.6116710328,8519.571593558863
2023-02-28,738579.0,105214.50097118295,96893.6116710328,8320.889300150146
2023-03-01,738580.0,105501.09073058743,96893.6116710328,8607.479059554618
2023-03-02,738581.0,105257.78151643927,96893.6116710328,8364.169845406457
2023-03-03,738582.0,104590.38209362951,104590.38209362951,0
2023-03-04,738583.0,104590.38209362951,104590.38209362951,0
2023-03-05,738584.0,104590.38209362951,104590.38209362951,0
2023-03-06,738585.0,104590.38209362951,104590.38209362951,0
2023-03-07,738586.0,104590.38209362951,104590.38209362951,0
2023-03-08,738587.0,104590.38209362951,104590.38209362951,0
2023-03-09,738588.0,104590.38209362951,104590.38209362951,0
2023-03-10,738589.0,104590.38209362951,104590.38209362951,0
2023-03-11,738590.0,104590.38209362951,104590.38209362951,0
2023-03-12,738591.0,104590.38209362951,104590.38209362951,0
2023-03-13,738592.0,104590.38209362951,104590.38209362951,0
2023-03-14,738593.0,104590.38209362951,104590.38209362951,0
2023-03-15,738594.0,104590.38209362951,104590.38209362951,0
2023-03-16,738595.0,104590.38209362951,104590.38209362951,0
2023-03-17,738596.0,104737.32828104646,99306.87551749873,5430.452763547725
2023-03-18,738597.0,104610.74056540165,99306.87551749873,5303.865047902913
2023-03-19,738598.0,104702.0760058036,99306.87551749873,5395.200488304866
2023-03-20,738599.0,104634.77620761268,99306.87551749873,5327.900690113953
2023-03-21,738600.0,104665.22135441334,99306.87551749873,5358.345836914604
2023-03-22,738601.0,104452.10532680877,99306.87551749873,5145.229809310046
2023-03-23,738602.0,104585.1025470432,99306.87551749873,5278.22702954447
2023-03-24,738603.0,104468.1290882828,99306.87551749873,5161.253570784073
2023-03-25,738604.0,104472.93621672501,99306.87551749873,5166.060699226281
2023-03-26,738605.0,104572.28353786399,99306.87551749873,5265.408020365248
2023-03-27,738606.0,104283.8558313315,99306.87551749873,4976.980313832763
2023-03-28,738607.0,104325.51761116396,99306.87551749873,5018.642093665233
2023-03-29,738608.0,104333.52949190098,99306.87551749873,5026.653974402247
2023-03-30,738609.0,104376.79364788086,99306.87551749873,5069.918130382119
2023-03-31,738610.0,104384.80552861786,99306.87551749873,5077.930011119132
2023-04-01,738611.0,104352.7580056698,99306.87551749873,5045.882488171079
2023-04-02,738612.0,104333.52949190098,99306.87551749873,5026.653974402247
2023-04-03,738613.0,104255.01306067825,99306.87551749873,4948.137543179515
2023-04-04,738614.0,104287.0605836263,99306.87551749873,4980.185066127569
2023-04-05,738615.0,104336.73424419579,99306.87551749873,5029.858726697052
2023-04-06,738616.0,104311.09622583733,99306.87551749873,5004.220708338609
2023-04-07,738617.0,104279.04870288928,99306.87551749873,4972.173185390556
2023-04-08,738618.0,104282.2534551841,99306.87551749873,4975.377937685361
2023-04-09,738619.0,104319.10810657435,99306.87551749873,5012.232589075623
2023-04-10,738620.0,104410.44354697631,99306.87551749873,5103.568029477576
2023-04-11,738621.0,104471.33384057762,99306.87551749873,5164.4583230788785
2023-04-12,738622.0,104432.87681303994,99306.87551749873,5126.001295541213
2023-04-13,738623.0,104509.79086811528,99306.87551749873,5202.915350616543
2023-04-14,738624.0,105145.82927906355,79450.02418440951,25695.805094654035
2023-04-15,738625.0,105601.86755201423,67256.70634863712,38345.16120337711
2023-04-16,738626.0,106392.14857850564,67256.70634863712,39135.44222986852
2023-04-17,738627.0,105892.90984661826,68862.16761835448,37030.742228263785
2023-04-18,738628.0,106860.54330580091,70559.45148349658,36301.09182230432
2023-04-19,738629.0,103912.41537654624,70559.45148349658,33352.96389304965
2023-04-20,738630.0,103184.20126077747,76999.48823656516,26184.71302421231
2023-04-21,738631.0,102346.61055956797,97199.77837411052,5146.832185457449
2023-04-22,738632.0,102522.87193578227,97199.77837411052,5323.093561671745
2023-04-23,738633.0,102498.83629357122,97199.77837411052,5299.057919460704
2023-04-24,738634.0,102506.84817430824,97199.77837411052,5307.069800197718
2023-04-25,738635.0,102622.21925692123,97199.77837411052,5422.440882810712
2023-04-26,738636.0,102497.23391742383,97199.77837411052,5297.455543313302
2023-04-27,738637.0,102502.04104586603,97199.77837411052,5302.2626717555095
2023-04-28,738638.0,102393.07946784265,97199.77837411052,5193.301093732127
2023-04-29,738639.0,102357.8271925998,97199.77837411052,5158.048818489267
2023-04-30,738640.0,102607.79787159461,97199.77837411052,5408.019497484088
2023-05-01,738641.0,102463.58401832837,97199.77837411052,5263.805644217845
2023-05-02,738642.0,102351.41768801017,97199.77837411052,5151.639313899657
2023-05-03,738643.0,102421.9222384959,97199.77837411052,5222.143864385375
2023-05-04,738644.0,102388.27233940044,97199.77837411052,5188.493965289919
2023-05-05,738645.0,102431.53649538031,97199.77837411052,5231.758121269791
2023-05-06,738646.0,102357.8271925998,97199.77837411052,5158.048818489267
2023-05-07,738647.0,102343.40580727317,97199.77837411052,5143.627433162644
2023-05-08,738648.0,102228.03472466017,97199.77837411052,5028.25635054965
2023-05-09,738649.0,102200.79433015433,97199.77837411052,5001.015956043804
2023-05-10,738650.0,102236.04660539719,97199.77837411052,5036.268231286663
2023-05-11,738651.0,102127.0850273738,97199.77837411052,4927.30665326328
2023-05-12,738652.0,102143.10878884784,97199.77837411052,4943.3304147373065
2023-05-13,738653.0,102178.36106409068,97199.77837411052,4978.582689980166
2023-05-14,738654.0,102200.79433015433,97199.77837411052,5001.015956043804
2023-05-15,738655.0,102221.62522007056,97199.77837411052,5021.846845960038
2023-05-16,738656.0,102189.57769712251,97199.77837411052,4989.799323011985
2023-05-17,738657.0,102236.04660539719,97199.77837411052,5036.268231286663
2023-05-18,738658.0,101961.32527735665,92039.49151886528,9921.833758491368
2023-05-19,738659.0,102030.1450942131,92039.49151886528,9990.65357534782
2023-05-20,738660.0,102091.4308750668,92039.49151886528,10051.93935620152
2023-05-21,738661.0,102010.95221764446,92039.49151886528,9971.460698779178
2023-05-22,738662.0,101978.48291430016,92039.49151886528,9938.99139543487
2023-05-23,738663.0,102098.3632056472,92039.49151886528,10058.871686781917
2023-05-24,738664.0,101592.26974617263,96688.99873512039,4903.271011052239
2023-05-25,738665.0,101568.23410396159,96688.99873512039,4879.2353688411995
2023-05-26,738666.0,101605.08875535186,96688.99873512039,4916.0900202314615
2023-05-27,738667.0,101614.70301223626,96688.99873512039,4925.704277115877
2023-05-28,738668.0,101722.06221411224,96688.99873512039,5033.063478991858
2023-05-29,738669.0,101682.00281042718,96688.99873512039,4993.004075306791
2023-05-30,738670.0,102082.62160030112,91342.63034526583,10739.991255035282
2023-05-31,738671.0,101964.23691605538,91342.63034526583,10621.606570789554
2023-06-01,738672.0,101822.24372984197,91342.63034526583,10479.613384576132
2023-06-02,738673.0,102056.7924312806,91342.63034526583,10714.162086014767
2023-06-03,738674.0,101985.32975650395,91342.63034526583,10642.699411238125
2023-06-04,738675.0,102148.55029992358,91342.63034526583,10805.919954657737
2023-06-05,738676.0,101217.75847637145,95596.17906438139,5621.5794119900675
2023-06-06,738677.0,101449.69004346732,95596.17906438139,5853.510979085925
2023-06-07,738678.0,101320.47102751391,95596.17906438139,5724.2919631325185
2023-06-08,738679.0,101379.00613730476,95596.17906438139,5782.827072923377
2023-06-09,738680.0,101538.04492617049,95596.17906438139,5941.865861789109
2023-06-10,738681.0,100824.58415775554,100824.58415775554,0
2023-06-11,738682.0,100824.58415775554,100824.58415775554,0
2023-06-12,738683.0,100824.58415775554,100824.58415775554,0
2023-06-13,738684.0,100824.58415775554,100824.58415775554,0
2023-06-14,738685.0,100824.58415775554,100824.58415775554,0
2023-06-15,738686.0,100824.58415775554,100824.58415775554,0
2023-06-16,738687.0,100824.58415775554,100824.58415775554,0
2023-06-17,738688.0,100824.58415775554,100824.58415775554,0
2023-06-18,738689.0,100824.58415775554,100824.58415775554,0
2023-06-19,738690.0,100824.58415775554,100824.58415775554,0
2023-06-20,738691.0,100824.58415775554,100824.58415775554,0
2023-06-21,738692.0,100824.58415775554,100824.58415775554,0
2023-06-22,738693.0,100824.58415775554,100824.58415775554,0
2023-06-23,738694.0,100824.58415775554,100824.58415775554,0
2023-06-24,738695.0,100824.58415775554,100824.58415775554,0
2023-06-25,738696.0,100824.58415775554,100824.58415775554,0
2023-06-26,738697.0,100824.58415775554,100824.58415775554,0
2023-06-27,738698.0,100824.58415775554,100824.58415775554,0
2023-06-28,738699.0,100824.58415775554,100824.58415775554,0
2023-06-29,738700.0,100824.58415775554,100824.58415775554,0
2023-06-30,738701.0,100824.58415775554,100824.58415775554,0
2023-07-01,738702.0,100824.58415775554,100824.58415775554,0
2023-07-02,738703.0,100824.58415775554,100824.58415775554,0
2023-07-03,738704.0,100824.58415775554,100824.58415775554,0
2023-07-04,738705.0,100824.58415775554,100824.58415775554,0
2023-07-05,738706.0,100824.58415775554,100824.58415775554,0
2023-07-06,738707.0,100824.58415775554,100824.58415775554,0
2023-07-07,738708.0,100824.58415775554,100824.58415775554,0
2023-07-08,738709.0,100824.58415775554,100824.58415775554,0
2023-07-09,738710.0,100824.58415775554,100824.58415775554,0
2023-07-10,738711.0,100824.58415775554,100824.58415775554,0
2023-07-11,738712.0,100824.58415775554,100824.58415775554,0
2023-07-12,738713.0,100824.58415775554,100824.58415775554,0
2023-07-13,738714.0,100824.58415775554,100824.58415775554,0
2023-07-14,738715.0,100213.41776139924,81175.5868453766,19037.83091602264
2023-07-15,738716.0,100240.25879676641,81175.5868453766,19064.67195138981
2023-07-16,738717.0,99747.15172334874,81175.5868453766,18571.564877972145
2023-07-17,738718.0,100030.2320640672,88372.73531231566,11657.496751751532
2023-07-18,738719.0,99659.26798805642,94715.39821462073,4943.869773435695
2023-07-19,738720.0,99662.12943778782,94715.39821462073,4946.7312231671
2023-07-20,738721.0,100598.36956681091,96112.5105910083,4485.858975802616
2023-07-21,738722.0,100476.04259079332,96112.5105910083,4363.531999785035
2023-07-22,738723.0,100340.83909098442,96112.5105910083,4228.32849997613
2023-07-23,738724.0,100345.66778740617,96112.5105910083,4233.157196397876
2023-07-24,738725.0,100182.56515271607,96112.5105910083,4070.0545617077682
2023-07-25,738726.0,100078.4799187362,96112.5105910083,3965.969327727896
2023-07-26,738727.0,100266.26255735967,96112.5105910083,4153.751966351376
2023-07-27,738728.0,100398.78344804537,96112.5105910083,4286.272857037089
2023-07-28,738729.0,100281.28516844954,96112.5105910083,4168.774577441254
2023-07-29,738730.0,100319.91473982352,96112.5105910083,4207.404148815227
2023-07-30,738731.0,100165.93297615227,96112.5105910083,4053.4223851439738
2023-07-31,738732.0,100161.64080155516,96112.5105910083,4049.130210546866
2023-08-01,738733.0,100350.30503960344,90149.12780935665,10201.177230246794
2023-08-02,738734.0,99712.86325051196,90149.12780935665,9563.735441155304
2023-08-03,738735.0,99536.85358405884,90149.12780935665,9387.72577470219
2023-08-04,738736.0,99476.95247059167,93937.49737234514,5539.455098246533
2023-08-05,738737.0,99399.81978473143,99399.81978473143,0
2023-08-06,738738.0,99399.81978473143,99399.81978473143,0
2023-08-07,738739.0,99399.81978473143,99399.81978473143,0
2023-08-08,738740.0,99399.81978473143,99399.81978473143,0
2023-08-09,738741.0,99399.81978473143,99399.81978473143,0
2023-08-10,738742.0,99399.81978473143,99399.81978473143,0
2023-08-11,738743.0,99399.81978473143,99399.81978473143,0
2023-08-12,738744.0,99399.81978473143,99399.81978473143,0
2023-08-13,738745.0,99399.81978473143,99399.81978473143,0
2023-08-14,738746.0,99399.81978473143,99399.81978473143,0
2023-08-15,738747.0,99399.81978473143,99399.81978473143,0
2023-08-16,738748.0,99399.81978473143,99399.81978473143,0
2023-08-17,738749.0,99399.81978473143,99399.81978473143,0
2023-08-18,738750.0,99399.81978473143,99399.81978473143,0
2023-08-19,738751.0,99399.81978473143,99399.81978473143,0
2023-08-20,738752.0,99399.81978473143,99399.81978473143,0
2023-08-21,738753.0,99399.81978473143,99399.81978473143,0
2023-08-22,738754.0,99399.81978473143,99399.81978473143,0
2023-08-23,738755.0,99399.81978473143,99399.81978473143,0
2023-08-24,738756.0,99399.81978473143,99399.81978473143,0
2023-08-25,738757.0,99399.81978473143,99399.81978473143,0
2023-08-26,738758.0,99399.81978473143,99399.81978473143,0
2023-08-27,738759.0,99399.81978473143,99399.81978473143,0
2023-08-28,738760.0,99399.81978473143,99399.81978473143,0
2023-08-29,738761.0,99399.81978473143,99399.81978473143,0
2023-08-30,738762.0,99399.81978473143,99399.81978473143,0
2023-08-31,738763.0,99399.81978473143,99399.81978473143,0
2023-09-01,738764.0,99399.81978473143,99399.81978473143,0
2023-09-02,738765.0,99399.81978473143,99399.81978473143,0
2023-09-03,738766.0,99399.81978473143,99399.81978473143,0
2023-09-04,738767.0,99399.81978473143,99399.81978473143,0
2023-09-05,738768.0,99399.81978473143,99399.81978473143,0
2023-09-06,738769.0,99399.81978473143,99399.81978473143,0
2023-09-07,738770.0,99399.81978473143,99399.81978473143,0
2023-09-08,738771.0,99399.81978473143,99399.81978473143,0
2023-09-09,738772.0,99399.81978473143,99399.81978473143,0
2023-09-10,738773.0,99399.81978473143,99399.81978473143,0
2023-09-11,738774.0,99399.81978473143,99399.81978473143,0
2023-09-12,738775.0,99399.81978473143,99399.81978473143,0
2023-09-13,738776.0,99399.81978473143,99399.81978473143,0
2023-09-14,738777.0,99399.81978473143,99399.81978473143,0
2023-09-15,738778.0,99399.81978473143,99399.81978473143,0
2023-09-16,738779.0,99399.81978473143,99399.81978473143,0
2023-09-17,738780.0,99399.81978473143,99399.81978473143,0
2023-09-18,738781.0,99399.81978473143,99399.81978473143,0
2023-09-19,738782.0,99619.22064069024,94126.02200050799,5493.198640182251
2023-09-20,738783.0,99666.5619669787,94126.02200050799,5540.539966470705
2023-09-21,738784.0,99473.18468502078,94126.02200050799,5347.162684512784
2023-09-22,738785.0,99709.08892110221,94126.02200050799,5583.066920594231
2023-09-23,738786.0,99891.08369524566,95564.7685085377,4326.315186707954
2023-09-24,738787.0,99760.493850272,95564.7685085377,4195.725341734297
2023-09-25,738788.0,100074.63163403352,95564.7685085377,4509.8631254958145
2023-09-26,738789.0,99991.58371418851,95564.7685085377,4426.815205650815
2023-09-27,738790.0,100192.944701659,97125.78843491978,3067.1562667392136
2023-09-28,738791.0,100459.29789264165,92086.02821582141,8373.269676820237
2023-09-29,738792.0,100433.82372619836,92086.02821582141,8347.795510376945
2023-09-30,738793.0,100507.96453400102,92086.02821582141,8421.936318179602
2023-10-01,738794.0,101277.17473079967,87733.29607724636,13543.87865355331
2023-10-02,738795.0,100211.48775459616,66817.24879808647,33394.2389565097
2023-10-03,738796.0,99967.96058765994,66817.24879808647,33150.71178957347
2023-10-04,738797.0,100371.95370847828,73255.25235592008,27116.701352558208
2023-10-05,738798.0,100231.58986482475,73255.25235592008,26976.33750890467
2023-10-06,738799.0,100916.31848186582,75080.26678194103,25836.051699924792
2023-10-07,738800.0,100626.8656957087,77028.72597183596,23598.139723872737
2023-10-08,738801.0,100462.58362923999,77028.72597183596,23433.857657404027
2023-10-09,738802.0,99487.79645374711,93237.17460600885,6250.621847738261
2023-10-10,738803.0,99477.48394692743,93237.17460600885,6240.309340918586
2023-10-11,738804.0,99450.12267692966,93237.17460600885,6212.948070920815
2023-10-12,738805.0,99280.84410847005,96393.4244025548,2887.419705915255
2023-10-13,738806.0,99304.51477161428,96393.4244025548,2911.090369059482
2023-10-14,738807.0,99334.60459764507,96393.4244025548,2941.1801950902786
2023-10-15,738808.0,99371.51478424286,96393.4244025548,2978.0903816880555
2023-10-16,738809.0,99412.43694764473,96393.4244025548,3019.0125450899395
2023-10-17,738810.0,99330.19142316056,96393.4244025548,2936.7670206057614
2023-10-18,738811.0,99344.63453965534,96393.4244025548,2951.2101371005438
2023-10-19,738812.0,99323.77226027398,96393.4244025548,2930.347857719192
2023-10-20,738813.0,99430.49084326321,96393.4244025548,3037.0664407084173
2023-10-21,738814.0,99969.7005257351,96393.4244025548,3576.2761231802947
2023-10-22,738815.0,100481.62876593905,96393.4244025548,4088.2043633842495
2023-10-23,738816.0,100636.89226825796,96393.4244025548,4243.467865703161
2023-10-24,738817.0,100049.51648757228,67751.50527937817,32298.01120819412
2023-10-25,738818.0,100514.5113947971,62165.920599250094,38348.59079554701
2023-10-26,738819.0,100945.13315288085,64023.17827246575,36921.9548804151
2023-10-27,738820.0,100587.95169220134,64023.17827246575,36564.77341973559
2023-10-28,738821.0,100757.2764810849,64023.17827246575,36734.09820861914
2023-10-29,738822.0,101306.49390839676,64023.17827246575,37283.31563593101
2023-10-30,738823.0,102085.5309806792,65928.3647022985,36157.16627838072
2023-10-31,738824.0,101911.96912991902,67446.26828641936,34465.70084349965
2023-11-01,738825.0,102844.8417748815,68996.25780354084,33848.58397134067
2023-11-02,738826.0,102826.4329874785,71024.46205962676,31801.970927851744
2023-11-03,738827.0,103065.89272536484,71024.46205962676,32041.430665738084
2023-11-04,738828.0,103497.80788057727,71024.46205962676,32473.345820950508
2023-11-05,738829.0,104779.70200683142,74994.67476525152,29785.027241579897
2023-11-06,738830.0,106531.4294553882,77445.7045247579,29085.724930630313
2023-11-07,738831.0,105820.7788133462,77445.7045247579,28375.074288588305
2023-11-08,738832.0,106972.82191975106,79425.81681343443,27547.00510631664
2023-11-09,738833.0,106945.51058729128,81099.00854919766,25846.502038093622
2023-11-10,738834.0,107709.54190110228,81099.00854919766,26610.53335190461
2023-11-11,738835.0,108438.3500199189,81099.00854919766,27339.341470721236
2023-11-12,738836.0,108230.4136882971,81099.00854919766,27131.405139099443
2023-11-13,738837.0,106735.56969865617,81099.00854919766,25636.561149458503
2023-11-14,738838.0,105955.34198519983,88681.75926729679,17273.582717903042
2023-11-15,738839.0,107090.3889150442,88681.75926729679,18408.629647747406
2023-11-16,738840.0,106548.35829376333,88681.75926729679,17866.599026466538
2023-11-17,738841.0,106724.60621226994,88681.75926729679,18042.846944973146
2023-11-18,738842.0,106586.06196104476,88681.75926729679,17904.302693747966
2023-11-19,738843.0,107241.26575769445,88681.75926729679,18559.50649039766
2023-11-20,738844.0,106793.04999199543,88681.75926729679,18111.290724698647
2023-11-21,738845.0,105446.64144776264,88681.75926729679,16764.88218046586
2023-11-22,738846.0,106504.7979825688,88681.75926729679,17823.038715272003
2023-11-23,738847.0,106666.01509449503,88681.75926729679,17984.25582719825
2023-11-24,738848.0,106855.14634280297,88681.75926729679,18173.38707550618
2023-11-25,738849.0,107163.27282224226,88681.75926729679,18481.51355494547
2023-11-26,738850.0,107065.78979425346,88681.75926729679,18384.030526956674
2023-11-27,738851.0,106606.07734236236,88681.75926729679,17924.31807506557
2023-11-28,738852.0,107023.74458312007,88681.75926729679,18341.985315823287
2023-11-29,738853.0,106873.178250767,88681.75926729679,18191.418983470205
2023-11-30,738854.0,107117.83747408475,88681.75926729679,18436.078206787963
2023-12-01,738855.0,107477.18603587852,88681.75926729679,18795.42676858174
2023-12-02,738856.0,108226.66775305905,88681.75926729679,19544.90848576227
2023-12-03,738857.0,108039.79775419086,88681.75926729679,19358.038486894067
2023-12-04,738858.0,108611.48086174898,88681.75926729679,19929.72159445218
2023-12-05,738859.0,109251.75573689121,73996.49056123696,35255.26517565425
2023-12-06,738860.0,109023.37091157271,73996.49056123696,35026.88035033575
2023-12-07,738861.0,110032.74352532561,73996.49056123696,36036.25296408864
2023-12-08,738862.0,112538.30413536925,73996.49056123696,38541.81357413229
2023-12-09,738863.0,112642.5888221052,76130.06013921602,36512.52868288919
2023-12-10,738864.0,113236.99051924422,76130.06013921602,37106.93038002821
2023-12-11,738865.0,110107.62994982886,87918.30210021333,22189.32784961552
2023-12-12,738866.0,110661.43696375689,87918.30210021333,22743.134863543564
2023-12-13,738867.0,112306.5491022402,80619.51380984331,31687.03529239689
2023-12-14,738868.0,112217.94643243382,80619.51380984331,31598.432622590517
2023-12-15,738869.0,110543.27161330599,80619.51380984331,29923.75780346267
2023-12-16,738870.0,110948.99671081574,80619.51380984331,30329.482900972434
2023-12-17,738871.0,109936.87846273545,80619.51380984331,29317.364652892138
2023-12-18,738872.0,109895.50709414159,91798.81141561078,18096.695678530807
2023-12-19,738873.0,109336.92907968989,91798.81141561078,17538.117664079113
2023-12-20,738874.0,109731.26552002177,91798.81141561078,17932.45410441099
2023-12-21,738875.0,111692.3687156133,84549.35367965615,27143.015035957134
2023-12-22,738876.0,111427.81282998165,84549.35367965615,26878.459150325492
2023-12-23,738877.0,111503.08774430995,84549.35367965615,26953.7340646538
2023-12-24,738878.0,111122.8980390988,84549.35367965615,26573.54435944265
2023-12-25,738879.0,111999.35654553231,84549.35367965615,27450.002865876162
2023-12-26,738880.0,112196.10535826194,88578.1521731847,23617.95318507723
2023-12-27,738881.0,113189.67728944069,88578.1521731847,24611.525116255983
2023-12-28,738882.0,112678.20346514849,88578.1521731847,24100.051291963777
2023-12-29,738883.0,112250.45585735334,88578.1521731847,23672.30368416864
2023-12-30,738884.0,112222.20354829347,88578.1521731847,23644.05137510878
2023-12-31,738885.0,111937.74264537422,88578.1521731847,23359.59047218952
2024-01-01,738886.0,112777.4684367168,88578.1521731847,24199.3162635321
2024-01-02,738887.0,112416.54301831133,88578.1521731847,23838.390845126632
2024-01-03,738888.0,110500.85390501075,101113.43059443621,9387.423310574535
2024-01-04,738889.0,110776.45560428554,101113.43059443621,9663.02500984933
2024-01-05,738890.0,110409.19329337377,101113.43059443621,9295.762698937555
2024-01-06,738891.0,110062.46158848843,101113.43059443621,8949.030994052217
2024-01-07,738892.0,109838.2437578279,101113.43059443621,8724.813163391686
2024-01-08,738893.0,110238.91020029703,101113.43059443621,9125.47960586082
2024-01-09,738894.0,109970.84309984063,101113.43059443621,8857.412505404413
2024-01-10,738895.0,110600.9124519886,101113.43059443621,9487.481857552379
2024-01-11,738896.0,110737.140183127,101113.43059443621,9623.709588690795
2024-01-12,738897.0,110195.20790851371,101113.43059443621,9081.777314077499
2024-01-13,738898.0,110305.83705779849,101113.43059443621,9192.406463362273
2024-01-14,738899.0,110073.06595290721,101113.43059443621,8959.635358471005
2024-01-15,738900.0,110447.84523598364,101113.43059443621,9334.414641547419
2024-01-16,738901.0,110405.37969053673,101113.43059443621,9291.949096100529
2024-01-17,738902.0,110231.04340975475,101113.43059443621,9117.61281531854
2024-01-18,738903.0,110062.95061029783,101113.43059443621,8949.520015861624
2024-01-19,738904.0,110006.0112352426,101113.43059443621,8892.580640806387
2024-01-20,738905.0,110053.22332176488,101113.43059443621,8939.792727328664
2024-01-21,738906.0,110009.80034174421,101113.43059443621,8896.369747307988
2024-01-22,738907.0,109521.35888828576,101113.43059443621,8407.928293849538
2024-01-23,738908.0,109374.60730942893,105219.51234580984,4155.0949636190935
2024-01-24,738909.0,109295.34344968118,105219.51234580984,4075.83110387134
2024-01-25,738910.0,109281.43750937456,105219.51234580984,4061.9251635647165
2024-01-26,738911.0,109421.88750647145,105219.51234580984,4202.375160661613
2024-01-27,738912.0,109469.16770351397,105219.51234580984,4249.655357704133
2024-01-28,738913.0,109464.99592142199,105219.51234580984,4245.4835756121465
2024-01-29,738914.0,109540.08799907775,105219.51234580984,4320.5756532679125
2024-01-30,738915.0,109496.97958412721,105219.51234580984,4277.46723831738
2024-01-31,738916.0,109398.2474079502,105219.51234580984,4178.735062140354
2024-02-01,738917.0,109394.07562585821,105219.51234580984,4174.563280048366
2024-02-02,738918.0,109410.76275422615,105219.51234580984,4191.250408416315
2024-02-03,738919.0,109387.1226557049,105219.51234580984,4167.610309895054
2024-02-04,738920.0,109456.65235723801,105219.51234580984,4237.140011428172
2024-02-05,738921.0,109407.98156616483,105219.51234580984,4188.469220354989
2024-02-06,738922.0,109428.84047662477,105219.51234580984,4209.328130814925
2024-02-07,738923.0,109492.80780203523,105219.51234580984,4273.2954562253935
2024-02-08,738924.0,109658.28849168406,105219.51234580984,4438.7761458742125
2024-02-09,738925.0,109725.03700515584,105219.51234580984,4505.524659346005
2024-02-10,738926.0,109694.1245686275,83729.0932980686,25965.031270558902
2024-02-11,738927.0,110583.0222325206,88619.07718157818,21963.945050942413
2024-02-12,738928.0,111080.351052406,88619.07718157818,22461.273870827816
2024-02-13,738929.0,110474.6890037696,80322.86909197601,30151.819911793587
2024-02-14,738930.0,111764.87504841728,80322.86909197601,31442.005956441273
2024-02-15,738931.0,112820.81250567627,78512.22835918832,34308.584146487956
2024-02-16,738932.0,112848.91438369072,78512.22835918832,34336.6860245024
2024-02-17,738933.0,112707.58247204678,80406.22684186221,32301.35563018456
2024-02-18,738934.0,113164.429985109,82171.8793163782,30992.550668730804
2024-02-19,738935.0,113834.47058371626,82171.8793163782,31662.591267338063
2024-02-20,738936.0,113488.92394865205,84512.96755972898,28975.95638892307
2024-02-21,738937.0,113375.21126718947,84512.96755972898,28862.243707460493
2024-02-22,738938.0,113251.71491640792,84512.96755972898,28738.74735667894
2024-02-23,738939.0,115143.908944305,84512.96755972898,30630.94138457603
2024-02-24,738940.0,115546.92115555909,84512.96755972898,31033.953595830113
2024-02-25,738941.0,115739.81205244662,84512.96755972898,31226.84449271764
2024-02-26,738942.0,116308.21285604568,84512.96755972898,31795.245296316705
2024-02-27,738943.0,117386.07011103662,88626.06432554928,28760.00578548735
2024-02-28,738944.0,118811.66333442664,88626.06432554928,30185.599008877365
2024-02-29,738945.0,118858.60669731876,88626.06432554928,30232.542371769487
2024-03-01,738946.0,120977.8553588645,88626.06432554928,32351.791033315218
2024-03-02,738947.0,125068.94082072892,88626.06432554928,36442.87649517965
2024-03-03,738948.0,125109.91457541552,88626.06432554928,36483.85024986624
2024-03-04,738949.0,126765.74348950438,88626.06432554928,38139.6791639551
2024-03-05,738950.0,123733.00188270849,88626.06432554928,35106.93755715922
2024-03-06,738951.0,126431.23394454419,88626.06432554928,37805.16961899492
2024-03-07,738952.0,127205.48027393554,88626.06432554928,38579.41594838627
2024-03-08,738953.0,127509.50551344965,88626.06432554928,38883.441187900375
2024-03-09,738954.0,128024.45159456771,88626.06432554928,39398.38726901843
2024-03-10,738955.0,127895.07999814869,88626.06432554928,39269.015672599424
2024-03-11,738956.0,129497.60439686527,88626.06432554928,40871.54007131599
2024-03-12,738957.0,128393.88800545182,88626.06432554928,39767.82367990255
2024-03-13,738958.0,130062.462853003,88626.06432554928,41436.398527453726
2024-03-14,738959.0,129602.71298173864,88626.06432554928,40976.64865618936
2024-03-15,738960.0,128006.30601284208,94243.57047890808,33762.73553393399
2024-03-16,738961.0,124876.75887080314,97844.96438206294,27031.7944887402
2024-03-17,738962.0,125763.05417414554,97844.96438206294,27918.08979208259
2024-03-18,738963.0,124776.213331968,97844.96438206294,26931.248949905064
2024-03-19,738964.0,122074.94059082383,103003.50709112143,19071.433499702405
2024-03-20,738965.0,124683.73363034328,103003.50709112143,21680.226539221858
2024-03-21,738966.0,124862.89837310265,103003.50709112143,21859.391281981232
2024-03-22,738967.0,125061.8603357472,103003.50709112143,22058.353244625778
2024-03-23,738968.0,125863.59664318663,103003.50709112143,22860.0895520652
2024-03-24,738969.0,127239.43089489496,103003.50709112143,24235.923803773534
2024-03-25,738970.0,127494.98384171397,103003.50709112143,24491.47675059254
2024-03-26,738971.0,127562.5485426109,103003.50709112143,24559.04145148947
2024-03-27,738972.0,128904.12438431582,103003.50709112143,25900.61729319439
2024-03-28,738973.0,130816.74994914597,103003.50709112143,27813.24285802454
2024-03-29,738974.0,131872.48145718034,103003.50709112143,28868.97436605892
2024-03-30,738975.0,130695.09307980149,103003.50709112143,27691.58598868006
2024-03-31,738976.0,133137.09764440803,103003.50709112143,30133.590553286605
2024-04-01,738977.0,131501.61755601715,103003.50709112143,28498.110464895723
2024-04-02,738978.0,130032.15572176539,103003.50709112143,27028.64863064396
2024-04-03,738979.0,129029.57472354018,103003.50709112143,26026.06763241875
2024-04-04,738980.0,130871.78668599299,103003.50709112143,27868.279594871565
2024-04-05,738981.0,130499.08661241637,103003.50709112143,27495.579521294938
2024-04-06,738982.0,131632.26572014886,103003.50709112143,28628.758629027427
2024-04-07,738983.0,132015.06154347752,103003.50709112143,29011.554452356082
2024-04-08,738984.0,132150.2475554872,103003.50709112143,29146.74046436578
2024-04-09,738985.0,131312.61656626168,103003.50709112143,28309.109475140267
2024-04-10,738986.0,131412.69746595915,103003.50709112143,28409.19037483773
2024-04-11,738987.0,130816.91051765163,103003.50709112143,27813.403426530203
2024-04-12,738988.0,128379.55205648205,112565.8885891936,15813.663467288448
2024-04-13,738989.0,126714.4668416543,126714.4668416543,0
2024-04-14,738990.0,126714.4668416543,126714.4668416543,0
2024-04-15,738991.0,126714.4668416543,126714.4668416543,0
2024-04-16,738992.0,126714.4668416543,126714.4668416543,0
2024-04-17,738993.0,126714.4668416543,126714.4668416543,0
2024-04-18,738994.0,126714.4668416543,126714.4668416543,0
2024-04-19,738995.0,126714.4668416543,126714.4668416543,0
2024-04-20,738996.0,126714.4668416543,126714.4668416543,0
2024-04-21,738997.0,126714.4668416543,126714.4668416543,0
2024-04-22,738998.0,126714.4668416543,126714.4668416543,0
2024-04-23,738999.0,126714.4668416543,126714.4668416543,0
2024-04-24,739000.0,126714.4668416543,126714.4668416543,0
2024-04-25,739001.0,126714.4668416543,126714.4668416543,0
2024-04-26,739002.0,126714.4668416543,126714.4668416543,0
2024-04-27,739003.0,126714.4668416543,126714.4668416543,0
2024-04-28,739004.0,126714.4668416543,126714.4668416543,0
2024-04-29,739005.0,126714.4668416543,126714.4668416543,0
2024-04-30,739006.0,126714.4668416543,126714.4668416543,0
2024-05-01,739007.0,126714.4668416543,126714.4668416543,0
2024-05-02,739008.0,126714.4668416543,126714.4668416543,0
2024-05-03,739009.0,126714.4668416543,126714.4668416543,0
2024-05-04,739010.0,126714.4668416543,126714.4668416543,0
2024-05-05,739011.0,126714.4668416543,126714.4668416543,0
2024-05-06,739012.0,126714.4668416543,126714.4668416543,0
2024-05-07,739013.0,126714.4668416543,126714.4668416543,0
2024-05-08,739014.0,126714.4668416543,126714.4668416543,0
2024-05-09,739015.0,126714.4668416543,126714.4668416543,0
2024-05-10,739016.0,126714.4668416543,126714.4668416543,0
2024-05-11,739017.0,126714.4668416543,126714.4668416543,0
2024-05-12,739018.0,126714.4668416543,126714.4668416543,0
2024-05-13,739019.0,126714.4668416543,126714.4668416543,0
2024-05-14,739020.0,126714.4668416543,126714.4668416543,0
2024-05-15,739021.0,126714.4668416543,126714.4668416543,0
2024-05-16,739022.0,126714.4668416543,126714.4668416543,0
2024-05-17,739023.0,126714.4668416543,126714.4668416543,0
2024-05-18,739024.0,126701.31969009886,120252.31293357915,6449.006756519715
2024-05-19,739025.0,126503.30039550034,120252.31293357915,6250.987461921185
2024-05-20,739026.0,126968.91333144823,120252.31293357915,6716.6003978690815
2024-05-21,739027.0,126826.32142645099,112001.1765084537,14825.144917997286
2024-05-22,739028.0,126257.98059509382,96853.86730936021,29404.11328573361
2024-05-23,739029.0,125213.03692916046,104470.65421606491,20742.38271309555
2024-05-24,739030.0,125191.36189460191,104470.65421606491,20720.707678537005
2024-05-25,739031.0,125406.53451230918,104470.65421606491,20935.880296244268
2024-05-26,739032.0,125434.25081298428,104470.65421606491,20963.596596919357
2024-05-27,739033.0,125693.70291205497,104470.65421606491,21223.048695990063
2024-05-28,739034.0,125286.3557503444,104470.65421606491,20815.70153427949
2024-05-29,739035.0,124951.59195210856,104470.65421606491,20480.93773604365
2024-05-30,739036.0,124724.55585151221,104470.65421606491,20253.901635447295
2024-05-31,739037.0,124615.63046857904,110434.01059759765,14181.619870981383
2024-06-01,739038.0,124767.699857661,110434.01059759765,14333.689260063362
2024-06-02,739039.0,124736.02214730068,110434.01059759765,14302.011549703031
2024-06-03,739040.0,125205.13311735234,110434.01059759765,14771.122519754685
2024-06-04,739041.0,126002.17479499923,112723.66363257993,13278.511162419296
2024-06-05,739042.0,126166.55322617957,115168.17077948563,10998.38244669394
2024-06-06,739043.0,126210.71810551862,115168.17077948563,11042.547326032985
2024-06-07,739044.0,125720.86971817225,120996.75235335251,4724.117364819749
2024-06-08,739045.0,125711.89113253736,120996.75235335251,4715.138779184858
2024-06-09,739046.0,125644.89707049241,120996.75235335251,4648.1447171398995
2024-06-10,739047.0,125314.07072286833,120996.75235335251,4317.318369515826
2024-06-11,739048.0,125157.98146490792,120996.75235335251,4161.229111555407
2024-06-12,739049.0,125274.7030781615,120996.75235335251,4277.950724808995
2024-06-13,739050.0,125139.33363320467,120996.75235335251,4142.581279852171
2024-06-14,739051.0,125163.50674837554,120996.75235335251,4166.754395023033
2024-06-15,739052.0,125197.34910961475,120996.75235335251,4200.596756262239
2024-06-16,739053.0,125215.30628088453,120996.75235335251,4218.553927532021
2024-06-17,739054.0,125170.41335271008,120996.75235335251,4173.660999357565
2024-06-18,739055.0,124982.47731837226,124982.47731837226,0
2024-06-19,739056.0,124982.47731837226,124982.47731837226,0
2024-06-20,739057.0,124982.47731837226,124982.47731837226,0
2024-06-21,739058.0,124982.47731837226,124982.47731837226,0
2024-06-22,739059.0,124982.47731837226,124982.47731837226,0
2024-06-23,739060.0,124982.47731837226,124982.47731837226,0
2024-06-24,739061.0,124982.47731837226,124982.47731837226,0
2024-06-25,739062.0,124982.47731837226,124982.47731837226,0
2024-06-26,739063.0,124982.47731837226,124982.47731837226,0
2024-06-27,739064.0,124982.47731837226,124982.47731837226,0
2024-06-28,739065.0,124982.47731837226,124982.47731837226,0
2024-06-29,739066.0,124982.47731837226,124982.47731837226,0
2024-06-30,739067.0,124982.47731837226,124982.47731837226,0
2024-07-01,739068.0,124982.47731837226,124982.47731837226,0
2024-07-02,739069.0,124982.47731837226,124982.47731837226,0
2024-07-03,739070.0,124982.47731837226,124982.47731837226,0
2024-07-04,739071.0,124982.47731837226,124982.47731837226,0
2024-07-05,739072.0,124982.47731837226,124982.47731837226,0
2024-07-06,739073.0,124982.47731837226,124982.47731837226,0
2024-07-07,739074.0,124982.47731837226,124982.47731837226,0
2024-07-08,739075.0,124982.47731837226,124982.47731837226,0
2024-07-09,739076.0,124982.47731837226,124982.47731837226,0
2024-07-10,739077.0,124982.47731837226,124982.47731837226,0
2024-07-11,739078.0,124982.47731837226,124982.47731837226,0
2024-07-12,739079.0,124982.47731837226,124982.47731837226,0
2024-07-13,739080.0,124982.47731837226,124982.47731837226,0
2024-07-14,739081.0,124982.47731837226,124982.47731837226,0
2024-07-15,739082.0,124982.47731837226,124982.47731837226,0
2024-07-16,739083.0,124982.47731837226,124982.47731837226,0
2024-07-17,739084.0,124982.47731837226,124982.47731837226,0
2024-07-18,739085.0,124982.47731837226,124982.47731837226,0
2024-07-19,739086.0,124982.47731837226,124982.47731837226,0
2024-07-20,739087.0,124982.47731837226,124982.47731837226,0
2024-07-21,739088.0,124982.47731837226,124982.47731837226,0
2024-07-22,739089.0,124982.47731837226,124982.47731837226,0
2024-07-23,739090.0,124982.47731837226,124982.47731837226,0
2024-07-24,739091.0,124982.47731837226,124982.47731837226,0
2024-07-25,739092.0,124982.47731837226,124982.47731837226,0
2024-07-26,739093.0,124982.47731837226,124982.47731837226,0
2024-07-27,739094.0,124982.47731837226,124982.47731837226,0
2024-07-28,739095.0,124982.47731837226,124982.47731837226,0
2024-07-29,739096.0,124982.47731837226,124982.47731837226,0
2024-07-30,739097.0,124982.47731837226,124982.47731837226,0
2024-07-31,739098.0,124982.47731837226,124982.47731837226,0
2024-08-01,739099.0,124982.47731837226,124982.47731837226,0
2024-08-02,739100.0,124982.47731837226,124982.47731837226,0
2024-08-03,739101.0,124982.47731837226,124982.47731837226,0
2024-08-04,739102.0,124982.47731837226,124982.47731837226,0
2024-08-05,739103.0,124982.47731837226,124982.47731837226,0
2024-08-06,739104.0,124982.47731837226,124982.47731837226,0
2024-08-07,739105.0,124982.47731837226,124982.47731837226,0
2024-08-08,739106.0,124982.47731837226,124982.47731837226,0
2024-08-09,739107.0,124982.47731837226,124982.47731837226,0
2024-08-10,739108.0,124982.47731837226,124982.47731837226,0
2024-08-11,739109.0,124982.47731837226,124982.47731837226,0
2024-08-12,739110.0,124982.47731837226,124982.47731837226,0
2024-08-13,739111.0,124982.47731837226,124982.47731837226,0
2024-08-14,739112.0,124982.47731837226,124982.47731837226,0
2024-08-15,739113.0,124982.47731837226,124982.47731837226,0
2024-08-16,739114.0,124982.47731837226,124982.47731837226,0
2024-08-17,739115.0,124982.47731837226,124982.47731837226,0
2024-08-18,739116.0,124982.47731837226,124982.47731837226,0
2024-08-19,739117.0,124982.47731837226,124982.47731837226,0
2024-08-20,739118.0,124982.47731837226,124982.47731837226,0
2024-08-21,739119.0,124982.47731837226,124982.47731837226,0
2024-08-22,739120.0,124982.47731837226,124982.47731837226,0
2024-08-23,739121.0,124982.47731837226,124982.47731837226,0
2024-08-24,739122.0,124982.47731837226,124982.47731837226,0
2024-08-25,739123.0,124982.47731837226,124982.47731837226,0
2024-08-26,739124.0,124982.47731837226,124982.47731837226,0
2024-08-27,739125.0,124982.47731837226,124982.47731837226,0
2024-08-28,739126.0,124982.47731837226,124982.47731837226,0
2024-08-29,739127.0,124982.47731837226,124982.47731837226,0
2024-08-30,739128.0,124982.47731837226,124982.47731837226,0
2024-08-31,739129.0,124982.47731837226,124982.47731837226,0
2024-09-01,739130.0,124982.47731837226,124982.47731837226,0
2024-09-02,739131.0,124982.47731837226,124982.47731837226,0
2024-09-03,739132.0,124982.47731837226,124982.47731837226,0
2024-09-04,739133.0,124982.47731837226,124982.47731837226,0
2024-09-05,739134.0,124982.47731837226,124982.47731837226,0
2024-09-06,739135.0,124982.47731837226,124982.47731837226,0
2024-09-07,739136.0,124982.47731837226,124982.47731837226,0
2024-09-08,739137.0,124982.47731837226,124982.47731837226,0
2024-09-09,739138.0,124982.47731837226,124982.47731837226,0
2024-09-10,739139.0,124982.47731837226,124982.47731837226,0
2024-09-11,739140.0,124982.47731837226,124982.47731837226,0
2024-09-12,739141.0,124982.47731837226,124982.47731837226,0
2024-09-13,739142.0,124982.47731837226,124982.47731837226,0
2024-09-14,739143.0,124982.47731837226,124982.47731837226,0
2024-09-15,739144.0,124982.47731837226,124982.47731837226,0
2024-09-16,739145.0,124982.47731837226,124982.47731837226,0
2024-09-17,739146.0,124982.47731837226,124982.47731837226,0
2024-09-18,739147.0,124982.47731837226,124982.47731837226,0
2024-09-19,739148.0,124982.47731837226,124982.47731837226,0
2024-09-20,739149.0,125004.42339718514,116858.52729017739,8145.896107007755
2024-09-21,739150.0,125285.02016993971,116858.52729017739,8426.492879762329
2024-09-22,739151.0,125286.45178612723,116858.52729017739,8427.924495949852
2024-09-23,739152.0,125530.24388148187,119039.65399129796,6490.589890183903
2024-09-24,739153.0,125554.48957703178,112205.80916386464,13348.680413167142
2024-09-25,739154.0,125036.83752935402,98932.27937325538,26104.558156098632
2024-09-26,739155.0,125871.16962066203,98932.27937325538,26938.890247406645
2024-09-27,739156.0,126522.96502934968,92667.58037859944,33855.384650750246
2024-09-28,739157.0,126394.05768206061,87137.6106232051,39256.44705885551
2024-09-29,739158.0,126057.86909535452,87137.6106232051,38920.25847214943
2024-09-30,739159.0,124030.17452957852,93255.28249637665,30774.89203320187
2024-10-01,739160.0,122432.85188487198,116119.5810061283,6313.270878743682
2024-10-02,739161.0,122325.69945430435,122325.69945430435,0
2024-10-03,739162.0,122325.69945430435,122325.69945430435,0
2024-10-04,739163.0,122325.69945430435,122325.69945430435,0
2024-10-05,739164.0,122325.69945430435,122325.69945430435,0
2024-10-06,739165.0,122325.69945430435,122325.69945430435,0
2024-10-07,739166.0,122325.69945430435,122325.69945430435,0
2024-10-08,739167.0,122325.69945430435,122325.69945430435,0
2024-10-09,739168.0,122325.69945430435,122325.69945430435,0
2024-10-10,739169.0,122325.69945430435,122325.69945430435,0
2024-10-11,739170.0,122325.69945430435,122325.69945430435,0
2024-10-12,739171.0,122325.69945430435,122325.69945430435,0
2024-10-13,739172.0,122325.69945430435,122325.69945430435,0
2024-10-14,739173.0,122325.69945430435,122325.69945430435,0
2024-10-15,739174.0,122057.76443640426,115833.89637412697,6223.868062277299
2024-10-16,739175.0,122249.02511269077,115833.89637412697,6415.1287385638025
2024-10-17,739176.0,122320.96720193615,115833.89637412697,6487.070827809184
2024-10-18,739177.0,122278.85475945105,115833.89637412697,6444.958385324083
2024-10-19,739178.0,122208.66735530921,115833.89637412697,6374.770981182247
2024-10-20,739179.0,122324.47657214325,115833.89637412697,6490.580198016276
2024-10-21,739180.0,122213.93141061986,115833.89637412697,6380.0350364928845
2024-10-22,739181.0,122103.38624909647,115833.89637412697,6269.489874969493
2024-10-23,739182.0,121941.95521957024,115833.89637412697,6108.058845443271
2024-10-24,739183.0,122289.38287007232,115833.89637412697,6455.486495945358
2024-10-25,739184.0,121349.70456025268,115224.09886377395,6125.605696478729
2024-10-26,739185.0,121330.40302411368,115224.09886377395,6106.304160339724
2024-10-27,739186.0,121404.0997984626,115224.09886377395,6180.000934688652
2024-10-28,739187.0,121633.96354702712,115224.09886377395,6409.864683253165
2024-10-29,739188.0,121998.93804856465,115224.09886377395,6774.839184790711
2024-10-30,739189.0,121697.13221075476,115224.09886377395,6473.0333469808165
2024-10-31,739190.0,121521.66370040018,115224.09886377395,6297.564836626227
2024-11-01,739191.0,121358.47798577041,115224.09886377395,6134.37912199646
2024-11-02,739192.0,121430.42007501579,115224.09886377395,6206.3212112418405
2024-11-03,739193.0,121104.27344667981,121104.27344667981,0
2024-11-04,739194.0,121104.27344667981,121104.27344667981,0
2024-11-05,739195.0,121104.27344667981,121104.27344667981,0
2024-11-06,739196.0,121104.27344667981,121104.27344667981,0
2024-11-07,739197.0,121104.27344667981,121104.27344667981,0
2024-11-08,739198.0,121104.27344667981,121104.27344667981,0
2024-11-09,739199.0,121447.3132496465,114806.87362096326,6640.439628683237
2024-11-10,739200.0,122367.96763830418,104157.90592503983,18210.061713264357
2024-11-11,739201.0,124145.52783981393,92437.14102542249,31708.38681439145
2024-11-12,739202.0,123065.17898969367,102484.12080962822,20581.058180065455
2024-11-13,739203.0,122681.20421978457,102484.12080962822,20197.083410156352
2024-11-14,739204.0,122775.01504015841,102484.12080962822,20290.894230530197
2024-11-15,739205.0,123711.19046376045,102484.12080962822,21227.069654132225
2024-11-16,739206.0,125525.16750864456,102484.12080962822,23041.046699016344
2024-11-17,739207.0,124771.58764211216,102484.12080962822,22287.46683248394
2024-11-18,739208.0,125701.27587726098,102484.12080962822,23217.155067632753
2024-11-19,739209.0,125288.70358486031,102484.12080962822,22804.58277523209
2024-11-20,739210.0,125068.75950596223,102484.12080962822,22584.638696334012
2024-11-21,739211.0,126676.22034648962,102484.12080962822,24192.099536861395
2024-11-22,739212.0,128507.76375221873,102484.12080962822,26023.64294259051
2024-11-23,739213.0,130116.07863753702,104617.02763809901,25499.05099943801
2024-11-24,739214.0,130155.62809805735,104617.02763809901,25538.600459958343
2024-11-25,739215.0,129577.3976074752,106487.05842403045,23090.339183444747
2024-11-26,739216.0,129066.7713729824,106487.05842403045,22579.712948951958
2024-11-27,739217.0,130366.89303342793,106487.05842403045,23879.83460939748
2024-11-28,739218.0,130894.25709987956,106487.05842403045,24407.198675849115
2024-11-29,739219.0,132647.12331618747,106487.05842403045,26160.06489215703
2024-11-30,739220.0,133551.8570994707,106487.05842403045,27064.798675440266
2024-12-01,739221.0,135741.14775947612,106487.05842403045,29254.08933544568
2024-12-02,739222.0,138503.55854758603,106487.05842403045,32016.50012355559
2024-12-03,739223.0,137885.41400690275,108768.94736877542,29116.466638127335
2024-12-04,739224.0,137771.26433667983,108768.94736877542,29002.316967904415
2024-12-05,739225.0,136841.56280143716,108768.94736877542,28072.615432661725
2024-12-06,739226.0,138374.8534877017,108768.94736877542,29605.906118926297
2024-12-07,739227.0,139483.49382365818,108768.94736877542,30714.54645488276
2024-12-08,739228.0,139262.85240194906,108768.94736877542,30493.90503317363
2024-12-09,739229.0,134098.45249301987,120212.27252274667,13886.17997027318
2024-12-10,739230.0,133882.80036023332,120212.27252274667,13670.527837486634
2024-12-11,739231.0,134710.59135061697,120212.27252274667,14498.318827870302
2024-12-12,739232.0,134773.59000552693,120212.27252274667,14561.317482780254
2024-12-13,739233.0,134945.52492995327,120212.27252274667,14733.252407206615
2024-12-14,739234.0,134490.14693016474,120212.27252274667,14277.87440741808
2024-12-15,739235.0,134917.44720114148,120212.27252274667,14705.174678394791
2024-12-16,739236.0,134778.4300662831,120212.27252274667,14566.157543536421
2024-12-17,739237.0,134484.30000046678,120212.27252274667,14272.027477720107
2024-12-18,739238.0,133471.69002038141,120212.27252274667,13259.417497634742
2024-12-19,739239.0,132679.4134018043,128449.33704943862,4230.076352365698
2024-12-20,739240.0,132407.54111335712,132407.54111335712,0
2024-12-21,739241.0,132407.54111335712,132407.54111335712,0
2024-12-22,739242.0,132407.54111335712,132407.54111335712,0
2024-12-23,739243.0,132407.54111335712,132407.54111335712,0
2024-12-24,739244.0,132407.54111335712,132407.54111335712,0
2024-12-25,739245.0,132407.54111335712,132407.54111335712,0
2024-12-26,739246.0,132407.54111335712,132407.54111335712,0
2024-12-27,739247.0,132407.54111335712,132407.54111335712,0
2024-12-28,739248.0,132407.54111335712,132407.54111335712,0
2024-12-29,739249.0,132407.54111335712,132407.54111335712,0
2024-12-30,739250.0,132407.54111335712,132407.54111335712,0
2024-12-31,739251.0,132407.54111335712,132407.54111335712,0
2025-01-01,739252.0,132407.54111335712,132407.54111335712,0
2025-01-02,739253.0,132407.54111335712,132407.54111335712,0
2025-01-03,739254.0,132407.54111335712,132407.54111335712,0
2025-01-04,739255.0,132407.54111335712,132407.54111335712,0
2025-01-05,739256.0,132407.54111335712,132407.54111335712,0
2025-01-06,739257.0,132407.54111335712,132407.54111335712,0
2025-01-07,739258.0,132407.54111335712,132407.54111335712,0
2025-01-08,739259.0,132407.54111335712,132407.54111335712,0
2025-01-09,739260.0,132407.54111335712,132407.54111335712,0
2025-01-10,739261.0,132407.54111335712,132407.54111335712,0
2025-01-11,739262.0,132407.54111335712,132407.54111335712,0
2025-01-12,739263.0,132407.54111335712,132407.54111335712,0
2025-01-13,739264.0,132407.54111335712,132407.54111335712,0
2025-01-14,739265.0,132407.54111335712,132407.54111335712,0
2025-01-15,739266.0,132407.54111335712,132407.54111335712,0
2025-01-16,739267.0,132407.54111335712,132407.54111335712,0
2025-01-17,739268.0,132407.54111335712,132407.54111335712,0
2025-01-18,739269.0,132407.54111335712,132407.54111335712,0
2025-01-19,739270.0,132407.54111335712,132407.54111335712,0
2025-01-20,739271.0,132407.54111335712,132407.54111335712,0
2025-01-21,739272.0,132407.54111335712,132407.54111335712,0
2025-01-22,739273.0,132407.54111335712,132407.54111335712,0
2025-01-23,739274.0,132407.54111335712,132407.54111335712,0
2025-01-24,739275.0,132407.54111335712,132407.54111335712,0
2025-01-25,739276.0,132407.54111335712,132407.54111335712,0
2025-01-26,739277.0,132407.54111335712,132407.54111335712,0
2025-01-27,739278.0,132407.54111335712,132407.54111335712,0
2025-01-28,739279.0,132407.54111335712,132407.54111335712,0
2025-01-29,739280.0,132407.54111335712,132407.54111335712,0
2025-01-30,739281.0,132407.54111335712,132407.54111335712,0
2025-01-31,739282.0,132407.54111335712,132407.54111335712,0
2025-02-01,739283.0,132407.54111335712,132407.54111335712,0
2025-02-02,739284.0,132407.54111335712,132407.54111335712,0
2025-02-03,739285.0,132407.54111335712,132407.54111335712,0
2025-02-04,739286.0,132407.54111335712,132407.54111335712,0
2025-02-05,739287.0,132407.54111335712,132407.54111335712,0
2025-02-06,739288.0,132407.54111335712,132407.54111335712,0
2025-02-07,739289.0,132407.54111335712,132407.54111335712,0
2025-02-08,739290.0,132407.54111335712,132407.54111335712,0
2025-02-09,739291.0,132407.54111335712,132407.54111335712,0
2025-02-10,739292.0,132407.54111335712,132407.54111335712,0
2025-02-11,739293.0,132407.54111335712,132407.54111335712,0
2025-02-12,739294.0,132407.54111335712,132407.54111335712,0
2025-02-13,739295.0,132407.54111335712,132407.54111335712,0
2025-02-14,739296.0,132407.54111335712,132407.54111335712,0
2025-02-15,739297.0,132407.54111335712,132407.54111335712,0
2025-02-16,739298.0,132407.54111335712,132407.54111335712,0
2025-02-17,739299.0,132407.54111335712,132407.54111335712,0
2025-02-18,739300.0,132407.54111335712,132407.54111335712,0
2025-02-19,739301.0,132407.54111335712,132407.54111335712,0
2025-02-20,739302.0,132407.54111335712,132407.54111335712,0
2025-02-21,739303.0,132407.54111335712,132407.54111335712,0
2025-02-22,739304.0,132407.54111335712,132407.54111335712,0
2025-02-23,739305.0,132407.54111335712,132407.54111335712,0
2025-02-24,739306.0,132407.54111335712,132407.54111335712,0
2025-02-25,739307.0,132407.54111335712,132407.54111335712,0
2025-02-26,739308.0,132407.54111335712,132407.54111335712,0
2025-02-27,739309.0,132407.54111335712,132407.54111335712,0
2025-02-28,739310.0,132407.54111335712,132407.54111335712,0
2025-03-01,739311.0,132407.54111335712,132407.54111335712,0
2025-03-02,739312.0,132407.54111335712,132407.54111335712,0
2025-03-03,739313.0,132407.54111335712,132407.54111335712,0
2025-03-04,739314.0,132407.54111335712,132407.54111335712,0
2025-03-05,739315.0,132407.54111335712,132407.54111335712,0
2025-03-06,739316.0,132407.54111335712,132407.54111335712,0
2025-03-07,739317.0,132407.54111335712,132407.54111335712,0
2025-03-08,739318.0,132407.54111335712,132407.54111335712,0
2025-03-09,739319.0,132407.54111335712,132407.54111335712,0
2025-03-10,739320.0,132407.54111335712,132407.54111335712,0
2025-03-11,739321.0,132407.54111335712,132407.54111335712,0
2025-03-12,739322.0,132407.54111335712,132407.54111335712,0
2025-03-13,739323.0,132407.54111335712,132407.54111335712,0
2025-03-14,739324.0,132407.54111335712,132407.54111335712,0
2025-03-15,739325.0,132407.54111335712,132407.54111335712,0
2025-03-16,739326.0,132407.54111335712,132407.54111335712,0
2025-03-17,739327.0,132407.54111335712,132407.54111335712,0
2025-03-18,739328.0,132407.54111335712,132407.54111335712,0
2025-03-19,739329.0,132407.54111335712,132407.54111335712,0
2025-03-20,739330.0,132407.54111335712,132407.54111335712,0
2025-03-21,739331.0,132407.54111335712,132407.54111335712,0
2025-03-22,739332.0,132407.54111335712,132407.54111335712,0
2025-03-23,739333.0,132407.54111335712,132407.54111335712,0
2025-03-24,739334.0,132407.54111335712,132407.54111335712,0
2025-03-25,739335.0,132407.54111335712,132407.54111335712,0
2025-03-26,739336.0,132407.54111335712,132407.54111335712,0
2025-03-27,739337.0,132407.54111335712,132407.54111335712,0
2025-03-28,739338.0,132407.54111335712,132407.54111335712,0
2025-03-29,739339.0,132407.54111335712,132407.54111335712,0
2025-03-30,739340.0,132407.54111335712,132407.54111335712,0
2025-03-31,739341.0,132407.54111335712,132407.54111335712,0
2025-04-01,739342.0,132407.54111335712,132407.54111335712,0
2025-04-02,739343.0,132407.54111335712,132407.54111335712,0
2025-04-03,739344.0,132407.54111335712,132407.54111335712,0
2025-04-04,739345.0,132407.54111335712,132407.54111335712,0
2025-04-05,739346.0,132407.54111335712,132407.54111335712,0
2025-04-06,739347.0,132407.54111335712,132407.54111335712,0
2025-04-07,739348.0,132407.54111335712,132407.54111335712,0
2025-04-08,739349.0,132407.54111335712,132407.54111335712,0
2025-04-09,739350.0,132407.54111335712,132407.54111335712,0
2025-04-10,739351.0,132407.54111335712,132407.54111335712,0
2025-04-11,739352.0,132407.54111335712,132407.54111335712,0
2025-04-12,739353.0,132407.54111335712,132407.54111335712,0
2025-04-13,739354.0,132407.54111335712,132407.54111335712,0
2025-04-14,739355.0,132407.54111335712,132407.54111335712,0
2025-04-15,739356.0,132407.54111335712,132407.54111335712,0
2025-04-16,739357.0,132407.54111335712,132407.54111335712,0
2025-04-17,739358.0,132407.54111335712,132407.54111335712,0
2025-04-18,739359.0,132407.54111335712,132407.54111335712,0
2025-04-19,739360.0,132407.54111335712,132407.54111335712,0
2025-04-20,739361.0,132407.54111335712,132407.54111335712,0
2025-04-21,739362.0,132407.54111335712,132407.54111335712,0
2025-04-22,739363.0,132407.54111335712,132407.54111335712,0
2025-04-23,739364.0,132407.54111335712,132407.54111335712,0
2025-04-24,739365.0,132407.54111335712,132407.54111335712,0
2025-04-25,739366.0,132407.54111335712,132407.54111335712,0
2025-04-26,739367.0,132407.54111335712,132407.54111335712,0
2025-04-27,739368.0,132407.54111335712,132407.54111335712,0
2025-04-28,739369.0,132407.54111335712,132407.54111335712,0
2025-04-29,739370.0,132407.54111335712,132407.54111335712,0
2025-04-30,739371.0,132407.54111335712,132407.54111335712,0
2025-05-01,739372.0,132407.54111335712,132407.54111335712,0
2025-05-02,739373.0,132407.54111335712,132407.54111335712,0
2025-05-03,739374.0,132407.54111335712,132407.54111335712,0
2025-05-04,739375.0,132407.54111335712,132407.54111335712,0
2025-05-05,739376.0,132407.54111335712,132407.54111335712,0
2025-05-06,739377.0,132407.54111335712,132407.54111335712,0
2025-05-07,739378.0,132407.54111335712,132407.54111335712,0
2025-05-08,739379.0,132407.54111335712,132407.54111335712,0
2025-05-09,739380.0,134028.14590606297,108303.83458727784,25724.311318785134
2025-05-10,739381.0,134813.03749707533,110116.51215315623,24696.525343919104
2025-05-11,739382.0,134007.72640535078,106825.16149635639,27182.564908994405
2025-05-12,739383.0,134832.07150087052,110637.30868839068,24194.762812479825
2025-05-13,739384.0,135396.07584765495,110637.30868839068,24758.767159264266
2025-05-14,739385.0,134780.17615806818,110637.30868839068,24142.867469677487
2025-05-15,739386.0,133899.8730297128,110637.30868839068,23262.564341322108
2025-05-16,739387.0,133750.87330446357,110637.30868839068,23113.564616072905
2025-05-17,739388.0,133438.88182857545,110637.30868839068,22801.57314018477
2025-05-18,739389.0,134165.24273324563,110637.30868839068,23527.934044854952
2025-05-19,739390.0,133458.4984590587,115892.85028995821,17565.648169100503
2025-05-20,739391.0,133453.22199318447,115892.85028995821,17560.37170322628
2025-05-21,739392.0,133871.6950509856,115892.85028995821,17978.844761027394
2025-05-22,739393.0,134277.7645249389,115892.85028995821,18384.914234980693
2025-05-23,739394.0,133269.9762232235,115892.85028995821,17377.125933265284
2025-05-24,739395.0,133478.98896986654,115892.85028995821,17586.138679908334
2025-05-25,739396.0,133511.85634254204,115892.85028995821,17619.006052583827
2025-05-26,739397.0,133433.3244761407,115892.85028995821,17540.47418618249
2025-05-27,739398.0,133642.05318394478,115892.85028995821,17749.202893986585
2025-05-28,739399.0,133467.17808611682,122442.84219924075,11024.335886876062
2025-05-29,739400.0,133146.53924563646,122442.84219924075,10703.697046395699
2025-05-30,739401.0,132880.87193847104,125603.32196782935,7277.549970641689
2025-05-31,739402.0,132910.2992874429,125603.32196782935,7306.977319613551
2025-06-01,739403.0,132940.9481490136,125603.32196782935,7337.626181184247
2025-06-02,739404.0,132998.2481945588,125603.32196782935,7394.92622672946
2025-06-03,739405.0,132950.0539702049,125603.32196782935,7346.732002375541
2025-06-04,739406.0,132968.26561258748,125603.32196782935,7364.943644758128
2025-06-05,739407.0,132661.5477608377,132661.5477608377,0
2025-06-06,739408.0,132661.5477608377,132661.5477608377,0
2025-06-07,739409.0,132661.5477608377,132661.5477608377,0
2025-06-08,739410.0,132661.5477608377,132661.5477608377,0
2025-06-09,739411.0,132661.5477608377,132661.5477608377,0
2025-06-10,739412.0,132661.5477608377,132661.5477608377,0
2025-06-11,739413.0,132550.44424729538,126083.53387330356,6466.9103739918355
2025-06-12,739414.0,132249.5459384316,126083.53387330356,6166.012065128039
2025-06-13,739415.0,131998.2400220335,131998.2400220335,0
2025-06-14,739416.0,131998.2400220335,131998.2400220335,0
2025-06-15,739417.0,131998.2400220335,131998.2400220335,0
2025-06-16,739418.0,131998.2400220335,131998.2400220335,0
2025-06-17,739419.0,131998.2400220335,131998.2400220335,0
2025-06-18,739420.0,131998.2400220335,131998.2400220335,0
2025-06-19,739421.0,131998.2400220335,131998.2400220335,0
2025-06-20,739422.0,131998.2400220335,131998.2400220335,0
2025-06-21,739423.0,131998.2400220335,131998.2400220335,0
2025-06-22,739424.0,131998.2400220335,131998.2400220335,0
2025-06-23,739425.0,131998.2400220335,131998.2400220335,0
2025-06-24,739426.0,131998.2400220335,131998.2400220335,0
2025-06-25,739427.0,131998.2400220335,131998.2400220335,0
2025-06-26,739428.0,131998.2400220335,131998.2400220335,0
2025-06-27,739429.0,131998.2400220335,131998.2400220335,0
2025-06-28,739430.0,131998.2400220335,131998.2400220335,0
2025-06-29,739431.0,131998.2400220335,131998.2400220335,0
2025-06-30,739432.0,131998.2400220335,131998.2400220335,0
2025-07-01,739433.0,131998.2400220335,131998.2400220335,0
2025-07-02,739434.0,131998.2400220335,131998.2400220335,0
2025-07-03,739435.0,131998.2400220335,131998.2400220335,0
2025-07-04,739436.0,131807.48495236313,124695.22952951472,7112.255422848404
2025-07-05,739437.0,131865.6344382017,124695.22952951472,7170.4049086869845
2025-07-06,739438.0,131849.25430134576,124695.22952951472,7154.024771831047
2025-07-07,739439.0,131742.78341178218,124695.22952951472,7047.553882267448
2025-07-08,739440.0,131882.01457505763,124695.22952951472,7186.785045542923
2025-07-09,739441.0,132116.25053209756,124695.22952951472,7421.021002582841
2025-07-10,739442.0,133891.9567311333,102173.6760701289,31718.280661004406
2025-07-11,739443.0,134600.6426140124,87453.09175470262,47147.550859309806
2025-07-12,739444.0,134224.27895694415,87453.09175470262,46771.18720224153
2025-07-13,739445.0,134942.17991927356,87453.09175470262,47489.08816457094
2025-07-14,739446.0,135299.79330617003,87453.09175470262,47846.70155146743
2025-07-15,739447.0,135752.42079654988,87453.09175470262,48299.32904184727
2025-07-16,739448.0,137570.8492517269,96342.28263987937,41228.56661184753
2025-07-17,739449.0,139381.63357709922,96342.28263987937,43039.35093721984
2025-07-18,739450.0,139688.3727939765,105269.77370204366,34418.59909193285
2025-07-19,739451.0,140403.42346557937,105269.77370204366,35133.6497635357
2025-07-20,739452.0,141482.77440576424,105269.77370204366,36213.000703720565
2025-07-21,739453.0,142240.58190264096,107380.545903445,34860.03599919596
2025-07-22,739454.0,142917.88493612048,107380.545903445,35537.33903267546
2025-07-23,739455.0,140979.16211853683,107380.545903445,33598.61621509183
2025-07-24,739456.0,140740.38514458173,107380.545903445,33359.839241136724
2025-07-25,739457.0,141188.98703049548,107380.545903445,33808.44112705048
2025-07-26,739458.0,141350.67558117566,107380.545903445,33970.129677730656
2025-07-27,739459.0,142635.03330199135,107380.545903445,35254.48739854635
2025-07-28,739460.0,141450.7975478845,107380.545903445,34070.25164443949
2025-07-29,739461.0,141075.81944193522,107380.545903445,33695.273538490226
2025-07-30,739462.0,140700.18372782768,111070.3335112739,29629.850216553794
2025-07-31,739463.0,139916.29240586207,111070.3335112739,28845.958894588177
2025-08-01,739464.0,138975.09443660104,119298.3163397736,19676.778096827424
2025-08-02,739465.0,138425.94926248997,128730.97796711941,9694.971295370558
2025-08-03,739466.0,138620.6596525643,128730.97796711941,9889.681685444879
2025-08-04,739467.0,138849.99399976473,128730.97796711941,10119.016032645328
2025-08-05,739468.0,138672.26646318575,128730.97796711941,9941.288496066334
2025-08-06,739469.0,138862.10580225755,128730.97796711941,10131.127835138119
2025-08-07,739470.0,139113.8206540642,128730.97796711941,10382.842686944812
2025-08-08,739471.0,139177.4076171514,128730.97796711941,10446.429650031963
2025-08-09,739472.0,139678.51820739557,121731.40437562414,17947.113831771425
2025-08-10,739473.0,139771.4453956089,121731.40437562414,18040.04101998477
2025-08-11,739474.0,139695.70558196522,121731.40437562414,17964.30120634107
2025-08-12,739475.0,140613.97572517782,123650.11106269411,16963.864662483713
2025-08-13,739476.0,141026.24392385574,123650.11106269411,17376.13286116163
2025-08-14,739477.0,140661.50410717956,123650.11106269411,17011.393044485438
2025-08-15,739478.0,140355.0535870499,123650.11106269411,16704.94252435577
2025-08-16,739479.0,140475.68829677757,123650.11106269411,16825.577234083466
2025-08-17,739480.0,140760.99355379122,123650.11106269411,17110.88249109711
2025-08-18,739481.0,140442.12264513355,123650.11106269411,16792.011582439438
2025-08-19,739482.0,139830.38845739226,123650.11106269411,16180.27739469814
2025-08-20,739483.0,140762.84893813948,123650.11106269411,17112.73787544538
2025-08-21,739484.0,140228.68670611465,123650.11106269411,16578.57564342053
2025-08-22,739485.0,141805.08253774862,125740.25413003814,16064.828407710476
2025-08-23,739486.0,141497.74693546092,125740.25413003814,15757.49280542277
2025-08-24,739487.0,141447.79777351877,125740.25413003814,15707.543643480632
2025-08-25,739488.0,140605.9297938712,125740.25413003814,14865.67566383307
2025-08-26,739489.0,141122.61278706815,125740.25413003814,15382.358657030023
2025-08-27,739490.0,140928.548796316,125740.25413003814,15188.294666277867
2025-08-28,739491.0,141173.26069240808,125740.25413003814,15433.00656236992
2025-08-29,739492.0,140894.50956845933,125740.25413003814,15154.255438421174
2025-08-30,739493.0,140902.34949723392,125740.25413003814,15162.095367195769
2025-08-31,739494.0,140860.89108148438,125740.25413003814,15120.636951446237
2025-09-01,739495.0,140635.87429860735,125740.25413003814,14895.620168569192
2025-09-02,739496.0,140726.90810594792,125740.25413003814,14986.653975909772
2025-09-03,739497.0,140873.9695384994,125740.25413003814,15133.71540846125
2025-09-04,739498.0,140594.10565610693,125740.25413003814,14853.851526068785
2025-09-05,739499.0,140688.44261612155,125740.25413003814,14948.188486083423
2025-09-06,739500.0,140799.52150156503,125740.25413003814,15059.267371526887
2025-09-07,739501.0,141081.10912813476,125740.25413003814,15340.854998096616
2025-09-08,739502.0,141055.33103265832,125740.25413003814,15315.076902620165
2025-09-09,739503.0,141083.98332502277,125740.25413003814,15343.729194984617
2025-09-10,739504.0,141299.34229209294,125740.25413003814,15559.08816205479
2025-09-11,739505.0,141513.3112321466,125740.25413003814,15773.057102108469
2025-09-12,739506.0,142024.24852672624,125740.25413003814,16283.9943966881
2025-09-13,739507.0,142101.3644259294,125740.25413003814,16361.110295891265
2025-09-14,739508.0,141627.85060088098,117643.22074113096,23984.629859750028
2025-09-15,739509.0,141082.77725534508,125030.48976741672,16052.287487928377
2025-09-16,739510.0,141536.74602009784,125030.48976741672,16506.256252681123
2025-09-17,739511.0,142066.51777438796,125030.48976741672,17036.028006971235
2025-09-18,739512.0,141946.3200123749,125030.48976741672,16915.830244958168
2025-09-19,739513.0,141882.77597236887,125030.48976741672,16852.28620495214
2025-09-20,739514.0,142678.64743493704,125030.48976741672,17648.15766752032
2025-09-21,739515.0,142700.79002315865,125030.48976741672,17670.30025574193
2025-09-22,739516.0,141885.4474971279,128813.91630681066,13071.531190317248
2025-09-23,739517.0,142189.29575966444,128813.91630681066,13375.37945285378
2025-09-24,739518.0,142222.33991646543,128813.91630681066,13408.423609654763
2025-09-25,739519.0,141266.69236977882,128813.91630681066,12452.77606296816
2025-09-26,739520.0,141462.85091015117,128813.91630681066,12648.934603340529
2025-09-27,739521.0,141563.56318087928,128813.91630681066,12749.646874068627
2025-09-28,739522.0,141886.89564742596,128813.91630681066,13072.9793406153
2025-09-29,739523.0,142371.1044470834,128813.91630681066,13557.188140272736
2025-09-30,739524.0,142090.95318942406,128813.91630681066,13277.036882613404
2025-10-01,739525.0,142327.79158816897,128813.91630681066,13513.8752813583
2025-10-02,739526.0,143166.6655608218,128813.91630681066,14352.74925401115
2025-10-03,739527.0,144472.37052955548,128813.91630681066,15658.454222744826
2025-10-04,739528.0,143963.54317483117,128813.91630681066,15149.62686802052
2025-10-05,739529.0,144182.4771698911,128813.91630681066,15368.560863080422
2025-10-06,739530.0,144917.21597111135,128813.91630681066,16103.29966430069
2025-10-07,739531.0,145986.7407912356,128813.91630681066,17172.824484424946
2025-10-08,739532.0,146025.84084928298,128813.91630681066,17211.924542472327
2025-10-09,739533.0,145340.60245825065,128813.91630681066,16526.68615143998
2025-10-10,739534.0,140083.8759720836,140083.8759720836,0
2025-10-11,739535.0,140083.8759720836,140083.8759720836,0
2025-10-12,739536.0,140083.8759720836,140083.8759720836,0
2025-10-13,739537.0,140083.8759720836,140083.8759720836,0
2025-10-14,739538.0,140083.8759720836,140083.8759720836,0
2025-10-15,739539.0,140083.8759720836,140083.8759720836,0
2025-10-16,739540.0,140083.8759720836,140083.8759720836,0
2025-10-17,739541.0,140083.8759720836,140083.8759720836,0
2025-10-18,739542.0,140083.8759720836,140083.8759720836,0
2025-10-19,739543.0,140083.8759720836,140083.8759720836,0
2025-10-20,739544.0,140083.8759720836,140083.8759720836,0
2025-10-21,739545.0,140083.8759720836,140083.8759720836,0
2025-10-22,739546.0,140083.8759720836,140083.8759720836,0
2025-10-23,739547.0,140083.8759720836,140083.8759720836,0
2025-10-24,739548.0,140083.8759720836,140083.8759720836,0
2025-10-25,739549.0,140083.8759720836,140083.8759720836,0
2025-10-26,739550.0,140083.8759720836,140083.8759720836,0
2025-10-27,739551.0,140083.8759720836,140083.8759720836,0
2025-10-28,739552.0,140083.8759720836,140083.8759720836,0
2025-10-29,739553.0,140083.8759720836,140083.8759720836,0
2025-10-30,739554.0,140083.8759720836,140083.8759720836,0
2025-10-31,739555.0,140083.8759720836,140083.8759720836,0
2025-11-01,739556.0,140083.8759720836,140083.8759720836,0
2025-11-02,739557.0,140083.8759720836,140083.8759720836,0
2025-11-03,739558.0,140083.8759720836,140083.8759720836,0
2025-11-04,739559.0,140083.8759720836,140083.8759720836,0
2025-11-05,739560.0,140083.8759720836,140083.8759720836,0
2025-11-06,739561.0,140083.8759720836,140083.8759720836,0
2025-11-07,739562.0,140083.8759720836,140083.8759720836,0
2025-11-08,739563.0,140083.8759720836,140083.8759720836,0
2025-11-09,739564.0,140083.8759720836,140083.8759720836,0
2025-11-10,739565.0,140083.8759720836,140083.8759720836,0
2025-11-11,739566.0,140083.8759720836,140083.8759720836,0
2025-11-12,739567.0,140083.8759720836,140083.8759720836,0
2025-11-13,739568.0,140083.8759720836,140083.8759720836,0
2025-11-14,739569.0,140083.8759720836,140083.8759720836,0
2025-11-15,739570.0,140083.8759720836,140083.8759720836,0
2025-11-16,739571.0,140083.8759720836,140083.8759720836,0
2025-11-17,739572.0,140083.8759720836,140083.8759720836,0
2025-11-18,739573.0,140083.8759720836,140083.8759720836,0
2025-11-19,739574.0,140083.8759720836,140083.8759720836,0
2025-11-20,739575.0,140083.8759720836,140083.8759720836,0
2025-11-21,739576.0,140083.8759720836,140083.8759720836,0
2025-11-22,739577.0,140083.8759720836,140083.8759720836,0
2025-11-23,739578.0,140083.8759720836,140083.8759720836,0
2025-11-24,739579.0,140083.8759720836,140083.8759720836,0
2025-11-25,739580.0,140083.8759720836,140083.8759720836,0
2025-11-26,739581.0,140083.8759720836,140083.8759720836,0
2025-11-27,739582.0,140083.8759720836,140083.8759720836,0
2025-11-28,739583.0,140083.8759720836,140083.8759720836,0
2025-11-29,739584.0,140083.8759720836,140083.8759720836,0
2025-11-30,739585.0,140083.8759720836,140083.8759720836,0
2025-12-01,739586.0,140083.8759720836,140083.8759720836,0
2025-12-02,739587.0,140083.8759720836,140083.8759720836,0
2025-12-03,739588.0,140083.8759720836,140083.8759720836,0
2025-12-04,739589.0,140083.8759720836,140083.8759720836,0
2025-12-05,739590.0,140083.8759720836,140083.8759720836,0
2025-12-06,739591.0,140083.8759720836,140083.8759720836,0
2025-12-07,739592.0,140083.8759720836,140083.8759720836,0
2025-12-08,739593.0,140083.8759720836,140083.8759720836,0
2025-12-09,739594.0,140083.8759720836,140083.8759720836,0
2025-12-10,739595.0,140083.8759720836,140083.8759720836,0
2025-12-11,739596.0,140083.8759720836,140083.8759720836,0
2025-12-12,739597.0,140083.8759720836,140083.8759720836,0
2025-12-13,739598.0,140083.8759720836,140083.8759720836,0
2025-12-14,739599.0,140083.8759720836,140083.8759720836,0
2025-12-15,739600.0,140083.8759720836,140083.8759720836,0
2025-12-16,739601.0,140083.8759720836,140083.8759720836,0
2025-12-17,739602.0,140083.8759720836,140083.8759720836,0
2025-12-18,739603.0,140083.8759720836,140083.8759720836,0
2025-12-19,739604.0,140083.8759720836,140083.8759720836,0
2025-12-20,739605.0,140083.8759720836,140083.8759720836,0
2025-12-21,739606.0,140083.8759720836,140083.8759720836,0
2025-12-22,739607.0,140083.8759720836,140083.8759720836,0
2025-12-23,739608.0,140083.8759720836,140083.8759720836,0
2025-12-24,739609.0,140083.8759720836,140083.8759720836,0
2025-12-25,739610.0,140083.8759720836,140083.8759720836,0
2025-12-26,739611.0,140083.8759720836,140083.8759720836,0
2025-12-27,739612.0,140083.8759720836,140083.8759720836,0
2025-12-28,739613.0,140083.8759720836,140083.8759720836,0
2025-12-29,739614.0,140083.8759720836,140083.8759720836,0
2025-12-30,739615.0,140083.8759720836,140083.8759720836,0
2025-12-31,739616.0,140083.8759720836,140083.8759720836,0
2026-01-01,739617.0,140083.8759720836,140083.8759720836,0.0
