date,ordinal,equity,cash,gross_exposure
2021-01-01,737791.0,100000.0,100000.0,0
2021-01-02,737792.0,100000.0,100000.0,0
2021-01-03,737793.0,100000.0,100000.0,0
2021-01-04,737794.0,100000.0,100000.0,0
2021-01-05,737795.0,100000.0,100000.0,0
2021-01-06,737796.0,100000.0,100000.0,0
2021-01-07,737797.0,100000.0,100000.0,0
2021-01-08,737798.0,100000.0,100000.0,0
2021-01-09,737799.0,100000.0,100000.0,0
2021-01-10,737800.0,100000.0,100000.0,0
2021-01-11,737801.0,100000.0,100000.0,0
2021-01-12,737802.0,100000.0,100000.0,0
2021-01-13,737803.0,100000.0,100000.0,0
2021-01-14,737804.0,100000.0,100000.0,0
2021-01-15,737805.0,100000.0,100000.0,0
2021-01-16,737806.0,100000.0,100000.0,0
2021-01-17,737807.0,100000.0,100000.0,0
2021-01-18,737808.0,100000.0,100000.0,0
2021-01-19,737809.0,100000.0,100000.0,0
2021-01-20,737810.0,100000.0,100000.0,0
2021-01-21,737811.0,100000.0,100000.0,0
2021-01-22,737812.0,100000.0,100000.0,0
2021-01-23,737813.0,100000.0,100000.0,0
2021-01-24,737814.0,100000.0,100000.0,0
2021-01-25,737815.0,100000.0,100000.0,0
2021-01-26,737816.0,100000.0,100000.0,0
2021-01-27,737817.0,100000.0,100000.0,0
2021-01-28,737818.0,100000.0,100000.0,0
2021-01-29,737819.0,100000.0,100000.0,0
2021-01-30,737820.0,100000.0,100000.0,0
2021-01-31,737821.0,100000.0,100000.0,0
2021-02-01,737822.0,100000.0,100000.0,0
2021-02-02,737823.0,100000.0,100000.0,0
2021-02-03,737824.0,100000.0,100000.0,0
2021-02-04,737825.0,100000.0,100000.0,0
2021-02-05,737826.0,100000.0,100000.0,0
2021-02-06,737827.0,100000.0,100000.0,0
2021-02-07,737828.0,100000.0,100000.0,0
2021-02-08,737829.0,100000.0,100000.0,0
2021-02-09,737830.0,100000.0,100000.0,0
2021-02-10,737831.0,100000.0,100000.0,0
2021-02-11,737832.0,100000.0,100000.0,0
2021-02-12,737833.0,100000.0,100000.0,0
2021-02-13,737834.0,100000.0,100000.0,0
2021-02-14,737835.0,100000.0,100000.0,0
2021-02-15,737836.0,100000.0,100000.0,0
2021-02-16,737837.0,100000.0,100000.0,0
2021-02-17,737838.0,100000.0,100000.0,0
2021-02-18,737839.0,100000.0,100000.0,0
2021-02-19,737840.0,100000.0,100000.0,0
2021-02-20,737841.0,100000.0,100000.0,0
2021-02-21,737842.0,100000.0,100000.0,0
2021-02-22,737843.0,100000.0,100000.0,0
2021-02-23,737844.0,100000.0,100000.0,0
2021-02-24,737845.0,100000.0,100000.0,0
2021-02-25,737846.0,100000.0,100000.0,0
2021-02-26,737847.0,100000.0,100000.0,0
2021-02-27,737848.0,100000.0,100000.0,0
2021-02-28,737849.0,100000.0,100000.0,0
2021-03-01,737850.0,100000.0,100000.0,0
2021-03-02,737851.0,100000.0,100000.0,0
2021-03-03,737852.0,100000.0,100000.0,0
2021-03-04,737853.0,100000.0,100000.0,0
2021-03-05,737854.0,100000.0,100000.0,0
2021-03-06,737855.0,100000.0,100000.0,0
2021-03-07,737856.0,100000.0,100000.0,0
2021-03-08,737857.0,100000.0,100000.0,0
2021-03-09,737858.0,100000.0,100000.0,0
2021-03-10,737859.0,100000.0,100000.0,0
2021-03-11,737860.0,100000.0,100000.0,0
2021-03-12,737861.0,100000.0,100000.0,0
2021-03-13,737862.0,100000.0,100000.0,0
2021-03-14,737863.0,100000.0,100000.0,0
2021-03-15,737864.0,100000.0,100000.0,0
2021-03-16,737865.0,100000.0,100000.0,0
2021-03-17,737866.0,100000.0,100000.0,0
2021-03-18,737867.0,100000.0,100000.0,0
2021-03-19,737868.0,100000.0,100000.0,0
2021-03-20,737869.0,100000.0,100000.0,0
2021-03-21,737870.0,100000.0,100000.0,0
2021-03-22,737871.0,100000.0,100000.0,0
2021-03-23,737872.0,100000.0,100000.0,0
2021-03-24,737873.0,100000.0,100000.0,0
2021-03-25,737874.0,100000.0,100000.0,0
2021-03-26,737875.0,100000.0,100000.0,0
2021-03-27,737876.0,100000.0,100000.0,0
2021-03-28,737877.0,100000.0,100000.0,0
2021-03-29,737878.0,100000.0,100000.0,0
2021-03-30,737879.0,100000.0,100000.0,0
2021-03-31,737880.0,100000.0,100000.0,0
2021-04-01,737881.0,100000.0,100000.0,0
2021-04-02,737882.0,100000.0,100000.0,0
2021-04-03,737883.0,100000.0,100000.0,0
2021-04-04,737884.0,100000.0,100000.0,0
2021-04-05,737885.0,100000.0,100000.0,0
2021-04-06,737886.0,100000.0,100000.0,0
2021-04-07,737887.0,100000.0,100000.0,0
2021-04-08,737888.0,100000.0,100000.0,0
2021-04-09,737889.0,100000.0,100000.0,0
2021-04-10,737890.0,100000.0,100000.0,0
2021-04-11,737891.0,100000.0,100000.0,0
2021-04-12,737892.0,100000.0,100000.0,0
2021-04-13,737893.0,100000.0,100000.0,0
2021-04-14,737894.0,100000.0,100000.0,0
2021-04-15,737895.0,100000.0,100000.0,0
2021-04-16,737896.0,100000.0,100000.0,0
2021-04-17,737897.0,100000.0,100000.0,0
2021-04-18,737898.0,100000.0,100000.0,0
2021-04-19,737899.0,100000.0,100000.0,0
2021-04-20,737900.0,100000.0,100000.0,0
2021-04-21,737901.0,100000.0,100000.0,0
2021-04-22,737902.0,100000.0,100000.0,0
2021-04-23,737903.0,100000.0,100000.0,0
2021-04-24,737904.0,100000.0,100000.0,0
2021-04-25,737905.0,100000.0,100000.0,0
2021-04-26,737906.0,100000.0,100000.0,0
2021-04-27,737907.0,100000.0,100000.0,0
2021-04-28,737908.0,100000.0,100000.0,0
2021-04-29,737909.0,100000.0,100000.0,0
2021-04-30,737910.0,100000.0,100000.0,0
2021-05-01,737911.0,100000.0,100000.0,0
2021-05-02,737912.0,100000.0,100000.0,0
2021-05-03,737913.0,100000.0,100000.0,0
2021-05-04,737914.0,100000.0,100000.0,0
2021-05-05,737915.0,100000.0,100000.0,0
2021-05-06,737916.0,100000.0,100000.0,0
2021-05-07,737917.0,100000.0,100000.0,0
2021-05-08,737918.0,100000.0,100000.0,0
2021-05-09,737919.0,100000.0,100000.0,0
2021-05-10,737920.0,100000.0,100000.0,0
2021-05-11,737921.0,100000.0,100000.0,0
2021-05-12,737922.0,100000.0,100000.0,0
2021-05-13,737923.0,100000.0,100000.0,0
2021-05-14,737924.0,100000.0,100000.0,0
2021-05-15,737925.0,100000.0,100000.0,0
2021-05-16,737926.0,100000.0,100000.0,0
2021-05-17,737927.0,100000.0,100000.0,0
2021-05-18,737928.0,100000.0,100000.0,0
2021-05-19,737929.0,100000.0,100000.0,0
2021-05-20,737930.0,100000.0,100000.0,0
2021-05-21,737931.0,100000.0,100000.0,0
2021-05-22,737932.0,100000.0,100000.0,0
2021-05-23,737933.0,100000.0,100000.0,0
2021-05-24,737934.0,100000.0,100000.0,0
2021-05-25,737935.0,100000.0,100000.0,0
2021-05-26,737936.0,100000.0,100000.0,0
2021-05-27,737937.0,100000.0,100000.0,0
2021-05-28,737938.0,100000.0,100000.0,0
2021-05-29,737939.0,100000.0,100000.0,0
2021-05-30,737940.0,100000.0,100000.0,0
2021-05-31,737941.0,100000.0,100000.0,0
2021-06-01,737942.0,100000.0,100000.0,0
2021-06-02,737943.0,100000.0,100000.0,0
2021-06-03,737944.0,100000.0,100000.0,0
2021-06-04,737945.0,100000.0,100000.0,0
2021-06-05,737946.0,100000.0,100000.0,0
2021-06-06,737947.0,100000.0,100000.0,0
2021-06-07,737948.0,100000.0,100000.0,0
2021-06-08,737949.0,100000.0,100000.0,0
2021-06-09,737950.0,100000.0,100000.0,0
2021-06-10,737951.0,100000.0,100000.0,0
2021-06-11,737952.0,100000.0,100000.0,0
2021-06-12,737953.0,100000.0,100000.0,0
2021-06-13,737954.0,100000.0,100000.0,0
2021-06-14,737955.0,100000.0,100000.0,0
2021-06-15,737956.0,100000.0,100000.0,0
2021-06-16,737957.0,100000.0,100000.0,0
2021-06-17,737958.0,100000.0,100000.0,0
2021-06-18,737959.0,100000.0,100000.0,0
2021-06-19,737960.0,100000.0,100000.0,0
2021-06-20,737961.0,100000.0,100000.0,0
2021-06-21,737962.0,100000.0,100000.0,0
2021-06-22,737963.0,100000.0,100000.0,0
2021-06-23,737964.0,100000.0,100000.0,0
2021-06-24,737965.0,100000.0,100000.0,0
2021-06-25,737966.0,100000.0,100000.0,0
2021-06-26,737967.0,100000.0,100000.0,0
2021-06-27,737968.0,100000.0,100000.0,0
2021-06-28,737969.0,100000.0,100000.0,0
2021-06-29,737970.0,100000.0,100000.0,0
2021-06-30,737971.0,100000.0,100000.0,0
2021-07-01,737972.0,100000.0,100000.0,0
2021-07-02,737973.0,100000.0,100000.0,0
2021-07-03,737974.0,100000.0,100000.0,0
2021-07-04,737975.0,100000.0,100000.0,0
2021-07-05,737976.0,100000.0,100000.0,0
2021-07-06,737977.0,100000.0,100000.0,0
2021-07-07,737978.0,100000.0,100000.0,0
2021-07-08,737979.0,100000.0,100000.0,0
2021-07-09,737980.0,100000.0,100000.0,0
2021-07-10,737981.0,100000.0,100000.0,0
2021-07-11,737982.0,100000.0,100000.0,0
2021-07-12,737983.0,100000.0,100000.0,0
2021-07-13,737984.0,100000.0,100000.0,0
2021-07-14,737985.0,100000.0,100000.0,0
2021-07-15,737986.0,100000.0,100000.0,0
2021-07-16,737987.0,100000.0,100000.0,0
2021-07-17,737988.0,100000.0,100000.0,0
2021-07-18,737989.0,100000.0,100000.0,0
2021-07-19,737990.0,100000.0,100000.0,0
2021-07-20,737991.0,100000.0,100000.0,0
2021-07-21,737992.0,100000.0,100000.0,0
2021-07-22,737993.0,100000.0,100000.0,0
2021-07-23,737994.0,100000.0,100000.0,0
2021-07-24,737995.0,100000.0,100000.0,0
2021-07-25,737996.0,100000.0,100000.0,0
2021-07-26,737997.0,100000.0,100000.0,0
2021-07-27,737998.0,100000.0,100000.0,0
2021-07-28,737999.0,100000.0,100000.0,0
2021-07-29,738000.0,100000.0,100000.0,0
2021-07-30,738001.0,100000.0,100000.0,0
2021-07-31,738002.0,100000.0,100000.0,0
2021-08-01,738003.0,100000.0,100000.0,0
2021-08-02,738004.0,100000.0,100000.0,0
2021-08-03,738005.0,100000.0,100000.0,0
2021-08-04,738006.0,100000.0,100000.0,0
2021-08-05,738007.0,100000.0,100000.0,0
2021-08-06,738008.0,100000.0,100000.0,0
2021-08-07,738009.0,100000.0,100000.0,0
2021-08-08,738010.0,100000.0,100000.0,0
2021-08-09,738011.0,100000.0,100000.0,0
2021-08-10,738012.0,100000.0,100000.0,0
2021-08-11,738013.0,100000.0,100000.0,0
2021-08-12,738014.0,100000.0,100000.0,0
2021-08-13,738015.0,100000.0,100000.0,0
2021-08-14,738016.0,100000.0,100000.0,0
2021-08-15,738017.0,100000.0,100000.0,0
2021-08-16,738018.0,100000.0,100000.0,0
2021-08-17,738019.0,100000.0,100000.0,0
2021-08-18,738020.0,100000.0,100000.0,0
2021-08-19,738021.0,100000.0,100000.0,0
2021-08-20,738022.0,100000.0,100000.0,0
2021-08-21,738023.0,100000.0,100000.0,0
2021-08-22,738024.0,100000.0,100000.0,0
2021-08-23,738025.0,100000.0,100000.0,0
2021-08-24,738026.0,100000.0,100000.0,0
2021-08-25,738027.0,100000.0,100000.0,0
2021-08-26,738028.0,100000.0,100000.0,0
2021-08-27,738029.0,100000.0,100000.0,0
2021-08-28,738030.0,100000.0,100000.0,0
2021-08-29,738031.0,100000.0,100000.0,0
2021-08-30,738032.0,100000.0,100000.0,0
2021-08-31,738033.0,100000.0,100000.0,0
2021-09-01,738034.0,100000.0,100000.0,0
2021-09-02,738035.0,100000.0,100000.0,0
2021-09-03,738036.0,100000.0,100000.0,0
2021-09-04,738037.0,100000.0,100000.0,0
2021-09-05,738038.0,100000.0,100000.0,0
2021-09-06,738039.0,100000.0,100000.0,0
2021-09-07,738040.0,100000.0,100000.0,0
2021-09-08,738041.0,100000.0,100000.0,0
2021-09-09,738042.0,100000.0,100000.0,0
2021-09-10,738043.0,100000.0,100000.0,0
2021-09-11,738044.0,100000.0,100000.0,0
2021-09-12,738045.0,100000.0,100000.0,0
2021-09-13,738046.0,100000.0,100000.0,0
2021-09-14,738047.0,100000.0,100000.0,0
2021-09-15,738048.0,100000.0,100000.0,0
2021-09-16,738049.0,100000.0,100000.0,0
2021-09-17,738050.0,100000.0,100000.0,0
2021-09-18,738051.0,100000.0,100000.0,0
2021-09-19,738052.0,100000.0,100000.0,0
2021-09-20,738053.0,100000.0,100000.0,0
2021-09-21,738054.0,100000.0,100000.0,0
2021-09-22,738055.0,100000.0,100000.0,0
2021-09-23,738056.0,100000.0,100000.0,0
2021-09-24,738057.0,100000.0,100000.0,0
2021-09-25,738058.0,100000.0,100000.0,0
2021-09-26,738059.0,100000.0,100000.0,0
2021-09-27,738060.0,100000.0,100000.0,0
2021-09-28,738061.0,100000.0,100000.0,0
2021-09-29,738062.0,100000.0,100000.0,0
2021-09-30,738063.0,100000.0,100000.0,0
2021-10-01,738064.0,100000.0,100000.0,0
2021-10-02,738065.0,100000.0,100000.0,0
2021-10-03,738066.0,100000.0,100000.0,0
2021-10-04,738067.0,100000.0,100000.0,0
2021-10-05,738068.0,100000.0,100000.0,0
2021-10-06,738069.0,100000.0,100000.0,0
2021-10-07,738070.0,100000.0,100000.0,0
2021-10-08,738071.0,100000.0,100000.0,0
2021-10-09,738072.0,100000.0,100000.0,0
2021-10-10,738073.0,100000.0,100000.0,0
2021-10-11,738074.0,100000.0,100000.0,0
2021-10-12,738075.0,100000.0,100000.0,0
2021-10-13,738076.0,100000.0,100000.0,0
2021-10-14,738077.0,100000.0,100000.0,0
2021-10-15,738078.0,100000.0,100000.0,0
2021-10-16,738079.0,100000.0,100000.0,0
2021-10-17,738080.0,100000.0,100000.0,0
2021-10-18,738081.0,100000.0,100000.0,0
2021-10-19,738082.0,100000.0,100000.0,0
2021-10-20,738083.0,100000.0,100000.0,0
2021-10-21,738084.0,100000.0,100000.0,0
2021-10-22,738085.0,100000.0,100000.0,0
2021-10-23,738086.0,100000.0,100000.0,0
2021-10-24,738087.0,100000.0,100000.0,0
2021-10-25,738088.0,100000.0,100000.0,0
2021-10-26,738089.0,100000.0,100000.0,0
2021-10-27,738090.0,100000.0,100000.0,0
2021-10-28,738091.0,100000.0,100000.0,0
2021-10-29,738092.0,100000.0,100000.0,0
2021-10-30,738093.0,100000.0,100000.0,0
2021-10-31,738094.0,100000.0,100000.0,0
2021-11-01,738095.0,100000.0,100000.0,0
2021-11-02,738096.0,100000.0,100000.0,0
2021-11-03,738097.0,100000.0,100000.0,0
2021-11-04,738098.0,100000.0,100000.0,0
2021-11-05,738099.0,100000.0,100000.0,0
2021-11-06,738100.0,100000.0,100000.0,0
2021-11-07,738101.0,100000.0,100000.0,0
2021-11-08,738102.0,100000.0,100000.0,0
2021-11-09,738103.0,100000.0,100000.0,0
2021-11-10,738104.0,100000.0,100000.0,0
2021-11-11,738105.0,100000.0,100000.0,0
2021-11-12,738106.0,100000.0,100000.0,0
2021-11-13,738107.0,100000.0,100000.0,0
2021-11-14,738108.0,100000.0,100000.0,0
2021-11-15,738109.0,100000.0,100000.0,0
2021-11-16,738110.0,100000.0,100000.0,0
2021-11-17,738111.0,100000.0,100000.0,0
2021-11-18,738112.0,100000.0,100000.0,0
2021-11-19,738113.0,100000.0,100000.0,0
2021-11-20,738114.0,100000.0,100000.0,0
2021-11-21,738115.0,100000.0,100000.0,0
2021-11-22,738116.0,100000.0,100000.0,0
2021-11-23,738117.0,100000.0,100000.0,0
2021-11-24,738118.0,100000.0,100000.0,0
2021-11-25,738119.0,100000.0,100000.0,0
2021-11-26,738120.0,100000.0,100000.0,0
2021-11-27,738121.0,100000.0,100000.0,0
2021-11-28,738122.0,100000.0,100000.0,0
2021-11-29,738123.0,100000.0,100000.0,0
2021-11-30,738124.0,100000.0,100000.0,0
2021-12-01,738125.0,100000.0,100000.0,0
2021-12-02,738126.0,100000.0,100000.0,0
2021-12-03,738127.0,100000.0,100000.0,0
2021-12-04,738128.0,100000.0,100000.0,0
2021-12-05,738129.0,100000.0,100000.0,0
2021-12-06,738130.0,100000.0,100000.0,0
2021-12-07,738131.0,100000.0,100000.0,0
2021-12-08,738132.0,100000.0,100000.0,0
2021-12-09,738133.0,100000.0,100000.0,0
2021-12-10,738134.0,100000.0,100000.0,0
2021-12-11,738135.0,100000.0,100000.0,0
2021-12-12,738136.0,100000.0,100000.0,0
2021-12-13,738137.0,100000.0,100000.0,0
2021-12-14,738138.0,100000.0,100000.0,0
2021-12-15,738139.0,100000.0,100000.0,0
2021-12-16,738140.0,100000.0,100000.0,0
2021-12-17,738141.0,100000.0,100000.0,0
2021-12-18,738142.0,100000.0,100000.0,0
2021-12-19,738143.0,100000.0,100000.0,0
2021-12-20,738144.0,100000.0,100000.0,0
2021-12-21,738145.0,100000.0,100000.0,0
2021-12-22,738146.0,100000.0,100000.0,0
2021-12-23,738147.0,100000.0,100000.0,0
2021-12-24,738148.0,100000.0,100000.0,0
2021-12-25,738149.0,100000.0,100000.0,0
2021-12-26,738150.0,100000.0,100000.0,0
2021-12-27,738151.0,100000.0,100000.0,0
2021-12-28,738152.0,100000.0,100000.0,0
2021-12-29,738153.0,100000.0,100000.0,0
2021-12-30,738154.0,100000.0,100000.0,0
2021-12-31,738155.0,100000.0,100000.0,0
2022-01-01,738156.0,100000.0,100000.0,0
2022-01-02,738157.0,100000.0,100000.0,0
2022-01-03,738158.0,100000.0,100000.0,0
2022-01-04,738159.0,100000.0,100000.0,0
2022-01-05,738160.0,100000.0,100000.0,0
2022-01-06,738161.0,100000.0,100000.0,0
2022-01-07,738162.0,100000.0,100000.0,0
2022-01-08,738163.0,100000.0,100000.0,0
2022-01-09,738164.0,100000.0,100000.0,0
2022-01-10,738165.0,100000.0,100000.0,0
2022-01-11,738166.0,100000.0,100000.0,0
2022-01-12,738167.0,100000.0,100000.0,0
2022-01-13,738168.0,100000.0,100000.0,0
2022-01-14,738169.0,100000.0,100000.0,0
2022-01-15,738170.0,100000.0,100000.0,0
2022-01-16,738171.0,100000.0,100000.0,0
2022-01-17,738172.0,100000.0,100000.0,0
2022-01-18,738173.0,100000.0,100000.0,0
2022-01-19,738174.0,100000.0,100000.0,0
2022-01-20,738175.0,100000.0,100000.0,0
2022-01-21,738176.0,100000.0,100000.0,0
2022-01-22,738177.0,100000.0,100000.0,0
2022-01-23,738178.0,100000.0,100000.0,0
2022-01-24,738179.0,100000.0,100000.0,0
2022-01-25,738180.0,100000.0,100000.0,0
2022-01-26,738181.0,100000.0,100000.0,0
2022-01-27,738182.0,100000.0,100000.0,0
2022-01-28,738183.0,100000.0,100000.0,0
2022-01-29,738184.0,100000.0,100000.0,0
2022-01-30,738185.0,100000.0,100000.0,0
2022-01-31,738186.0,100000.0,100000.0,0
2022-02-01,738187.0,100000.0,100000.0,0
2022-02-02,738188.0,100000.0,100000.0,0
2022-02-03,738189.0,100000.0,100000.0,0
2022-02-04,738190.0,100000.0,100000.0,0
2022-02-05,738191.0,100000.0,100000.0,0
2022-02-06,738192.0,100000.0,100000.0,0
2022-02-07,738193.0,100000.0,100000.0,0
2022-02-08,738194.0,100000.0,100000.0,0
2022-02-09,738195.0,100000.0,100000.0,0
2022-02-10,738196.0,100000.0,100000.0,0
2022-02-11,738197.0,100000.0,100000.0,0
2022-02-12,738198.0,100000.0,100000.0,0
2022-02-13,738199.0,100000.0,100000.0,0
2022-02-14,738200.0,100000.0,100000.0,0
2022-02-15,738201.0,100000.0,100000.0,0
2022-02-16,738202.0,100000.0,100000.0,0
2022-02-17,738203.0,100000.0,100000.0,0
2022-02-18,738204.0,100000.0,100000.0,0
2022-02-19,738205.0,100000.0,100000.0,0
2022-02-20,738206.0,100000.0,100000.0,0
2022-02-21,738207.0,100000.0,100000.0,0
2022-02-22,738208.0,100000.0,100000.0,0
2022-02-23,738209.0,100000.0,100000.0,0
2022-02-24,738210.0,100000.0,100000.0,0
2022-02-25,738211.0,100000.0,100000.0,0
2022-02-26,738212.0,100000.0,100000.0,0
2022-02-27,738213.0,100000.0,100000.0,0
2022-02-28,738214.0,100000.0,100000.0,0
2022-03-01,738215.0,100000.0,100000.0,0
2022-03-02,738216.0,100000.0,100000.0,0
2022-03-03,738217.0,100000.0,100000.0,0
2022-03-04,738218.0,100000.0,100000.0,0
2022-03-05,738219.0,100000.0,100000.0,0
2022-03-06,738220.0,100000.0,100000.0,0
2022-03-07,738221.0,100000.0,100000.0,0
2022-03-08,738222.0,100000.0,100000.0,0
2022-03-09,738223.0,100000.0,100000.0,0
2022-03-10,738224.0,100000.0,100000.0,0
2022-03-11,738225.0,100000.0,100000.0,0
2022-03-12,738226.0,100000.0,100000.0,0
2022-03-13,738227.0,100000.0,100000.0,0
2022-03-14,738228.0,100000.0,100000.0,0
2022-03-15,738229.0,100000.0,100000.0,0
2022-03-16,738230.0,100000.0,100000.0,0
2022-03-17,738231.0,100000.0,100000.0,0
2022-03-18,738232.0,100000.0,100000.0,0
2022-03-19,738233.0,100000.0,100000.0,0
2022-03-20,738234.0,100000.0,100000.0,0
2022-03-21,738235.0,100000.0,100000.0,0
2022-03-22,738236.0,100000.0,100000.0,0
2022-03-23,738237.0,100000.0,100000.0,0
2022-03-24,738238.0,100000.0,100000.0,0
2022-03-25,738239.0,99980.18194199723,94735.26915487886,5244.912787118372
2022-03-26,738240.0,100052.6470667356,94735.26915487886,5317.377911856744
2022-03-27,738241.0,100307.35707704442,94735.26915487886,5572.087922165558
2022-03-28,738242.0,100398.8323059875,96172.5059490752,4226.3263569123
2022-03-29,738243.0,100484.54015329968,96172.5059490752,4312.034204224477
2022-03-30,738244.0,100465.87438155185,96172.5059490752,4293.3684324766555
2022-03-31,738245.0,100122.43561038218,89321.15577095088,10801.279839431303
2022-04-01,738246.0,100633.75463701051,89321.15577095088,11312.59886605963
2022-04-02,738247.0,100456.68918179414,89321.15577095088,11135.533410843258
2022-04-03,738248.0,100760.13477636066,89321.15577095088,11438.979005409781
2022-04-04,738249.0,100713.72972229977,89321.15577095088,11392.573951348897
2022-04-05,738250.0,100526.1636166326,89321.15577095088,11205.007845681725
2022-04-06,738251.0,99842.90553525083,89321.15577095088,10521.749764299953
2022-04-07,738252.0,100163.47563779575,89321.15577095088,10842.31986684487
2022-04-08,738253.0,99894.86121271482,89321.15577095088,10573.705441763945
2022-04-09,738254.0,100057.73828438274,89321.15577095088,10736.582513431855
2022-04-10,738255.0,99855.72787861114,89321.15577095088,10534.57210766026
2022-04-11,738256.0,99644.27334767014,99644.27334767014,0
2022-04-12,738257.0,99644.27334767014,99644.27334767014,0
2022-04-13,738258.0,99644.27334767014,99644.27334767014,0
2022-04-14,738259.0,99644.27334767014,99644.27334767014,0
2022-04-15,738260.0,99644.27334767014,99644.27334767014,0
2022-04-16,738261.0,99644.27334767014,99644.27334767014,0
2022-04-17,738262.0,99644.27334767014,99644.27334767014,0
2022-04-18,738263.0,99644.27334767014,99644.27334767014,0
2022-04-19,738264.0,99644.27334767014,99644.27334767014,0
2022-04-20,738265.0,99644.27334767014,99644.27334767014,0
2022-04-21,738266.0,99644.27334767014,99644.27334767014,0
2022-04-22,738267.0,99644.27334767014,99644.27334767014,0
2022-04-23,738268.0,99644.27334767014,99644.27334767014,0
2022-04-24,738269.0,99644.27334767014,99644.27334767014,0
2022-04-25,738270.0,99644.27334767014,99644.27334767014,0
2022-04-26,738271.0,99644.27334767014,99644.27334767014,0
2022-04-27,738272.0,99644.27334767014,99644.27334767014,0
2022-04-28,738273.0,99644.27334767014,99644.27334767014,0
2022-04-29,738274.0,99644.27334767014,99644.27334767014,0
2022-04-30,738275.0,99644.27334767014,99644.27334767014,0
2022-05-01,738276.0,99644.27334767014,99644.27334767014,0
2022-05-02,738277.0,99644.27334767014,99644.27334767014,0
2022-05-03,738278.0,99644.27334767014,99644.27334767014,0
2022-05-04,738279.0,99644.27334767014,99644.27334767014,0
2022-05-05,738280.0,99644.27334767014,99644.27334767014,0
2022-05-06,738281.0,99644.27334767014,99644.27334767014,0
2022-05-07,738282.0,99644.27334767014,99644.27334767014,0
2022-05-08,738283.0,99644.27334767014,99644.27334767014,0
2022-05-09,738284.0,99644.27334767014,99644.27334767014,0
2022-05-10,738285.0,99644.27334767014,99644.27334767014,0
2022-05-11,738286.0,99644.27334767014,99644.27334767014,0
2022-05-12,738287.0,99644.27334767014,99644.27334767014,0
2022-05-13,738288.0,99644.27334767014,99644.27334767014,0
2022-05-14,738289.0,99644.27334767014,99644.27334767014,0
2022-05-15,738290.0,99644.27334767014,99644.27334767014,0
2022-05-16,738291.0,99644.27334767014,99644.27334767014,0
2022-05-17,738292.0,99644.27334767014,99644.27334767014,0
2022-05-18,738293.0,99644.27334767014,99644.27334767014,0
2022-05-19,738294.0,99644.27334767014,99644.27334767014,0
2022-05-20,738295.0,99644.27334767014,99644.27334767014,0
2022-05-21,738296.0,99644.27334767014,99644.27334767014,0
2022-05-22,738297.0,99644.27334767014,99644.27334767014,0
2022-05-23,738298.0,99644.27334767014,99644.27334767014,0
2022-05-24,738299.0,99644.27334767014,99644.27334767014,0
2022-05-25,738300.0,99644.27334767014,99644.27334767014,0
2022-05-26,738301.0,99644.27334767014,99644.27334767014,0
2022-05-27,738302.0,99644.27334767014,99644.27334767014,0
2022-05-28,738303.0,99644.27334767014,99644.27334767014,0
2022-05-29,738304.0,99644.27334767014,99644.27334767014,0
2022-05-30,738305.0,99644.27334767014,99644.27334767014,0
2022-05-31,738306.0,99644.27334767014,99644.27334767014,0
2022-06-01,738307.0,99644.27334767014,99644.27334767014,0
2022-06-02,738308.0,99644.27334767014,99644.27334767014,0
2022-06-03,738309.0,99644.27334767014,99644.27334767014,0
2022-06-04,738310.0,99644.27334767014,99644.27334767014,0
2022-06-05,738311.0,99644.27334767014,99644.27334767014,0
2022-06-06,738312.0,99644.27334767014,99644.27334767014,0
2022-06-07,738313.0,99644.27334767014,99644.27334767014,0
2022-06-08,738314.0,99644.27334767014,99644.27334767014,0
2022-06-09,738315.0,99644.27334767014,99644.27334767014,0
2022-06-10,738316.0,99644.27334767014,99644.27334767014,0
2022-06-11,738317.0,99644.27334767014,99644.27334767014,0
2022-06-12,738318.0,99644.27334767014,99644.27334767014,0
2022-06-13,738319.0,99644.27334767014,99644.27334767014,0
2022-06-14,738320.0,99644.27334767014,99644.27334767014,0
2022-06-15,738321.0,99644.27334767014,99644.27334767014,0
2022-06-16,738322.0,99644.27334767014,99644.27334767014,0
2022-06-17,738323.0,99644.27334767014,99644.27334767014,0
2022-06-18,738324.0,99644.27334767014,99644.27334767014,0
2022-06-19,738325.0,99644.27334767014,99644.27334767014,0
2022-06-20,738326.0,99644.27334767014,99644.27334767014,0
2022-06-21,738327.0,99644.27334767014,99644.27334767014,0
2022-06-22,738328.0,99644.27334767014,99644.27334767014,0
2022-06-23,738329.0,99644.27334767014,99644.27334767014,0
2022-06-24,738330.0,99644.27334767014,99644.27334767014,0
2022-06-25,738331.0,99644.27334767014,99644.27334767014,0
2022-06-26,738332.0,99644.27334767014,99644.27334767014,0
2022-06-27,738333.0,99644.27334767014,99644.27334767014,0
2022-06-28,738334.0,99644.27334767014,99644.27334767014,0
2022-06-29,738335.0,99644.27334767014,99644.27334767014,0
2022-06-30,738336.0,99644.27334767014,99644.27334767014,0
2022-07-01,738337.0,99644.27334767014,99644.27334767014,0
2022-07-02,738338.0,99644.27334767014,99644.27334767014,0
2022-07-03,738339.0,99644.27334767014,99644.27334767014,0
2022-07-04,738340.0,99644.27334767014,99644.27334767014,0
2022-07-05,738341.0,99644.27334767014,99644.27334767014,0
2022-07-06,738342.0,99644.27334767014,99644.27334767014,0
2022-07-07,738343.0,99644.27334767014,99644.27334767014,0
2022-07-08,738344.0,99644.27334767014,99644.27334767014,0
2022-07-09,738345.0,99644.27334767014,99644.27334767014,0
2022-07-10,738346.0,99644.27334767014,99644.27334767014,0
2022-07-11,738347.0,99644.27334767014,99644.27334767014,0
2022-07-12,738348.0,99644.27334767014,99644.27334767014,0
2022-07-13,738349.0,99644.27334767014,99644.27334767014,0
2022-07-14,738350.0,99644.27334767014,99644.27334767014,0
2022-07-15,738351.0,99644.27334767014,99644.27334767014,0
2022-07-16,738352.0,99644.27334767014,99644.27334767014,0
2022-07-17,738353.0,99644.27334767014,99644.27334767014,0
2022-07-18,738354.0,99644.27334767014,99644.27334767014,0
2022-07-19,738355.0,99644.27334767014,99644.27334767014,0
2022-07-20,738356.0,99644.27334767014,99644.27334767014,0
2022-07-21,738357.0,99644.27334767014,99644.27334767014,0
2022-07-22,738358.0,99644.27334767014,99644.27334767014,0
2022-07-23,738359.0,99644.27334767014,99644.27334767014,0
2022-07-24,738360.0,99644.27334767014,99644.27334767014,0
2022-07-25,738361.0,99644.27334767014,99644.27334767014,0
2022-07-26,738362.0,99644.27334767014,99644.27334767014,0
2022-07-27,738363.0,99644.27334767014,99644.27334767014,0
2022-07-28,738364.0,99644.27334767014,99644.27334767014,0
2022-07-29,738365.0,99644.27334767014,99644.27334767014,0
2022-07-30,738366.0,99644.27334767014,99644.27334767014,0
2022-07-31,738367.0,99644.27334767014,99644.27334767014,0
2022-08-01,738368.0,99644.27334767014,99644.27334767014,0
2022-08-02,738369.0,99644.27334767014,99644.27334767014,0
2022-08-03,738370.0,99644.27334767014,99644.27334767014,0
2022-08-04,738371.0,99644.27334767014,99644.27334767014,0
2022-08-05,738372.0,99644.27334767014,99644.27334767014,0
2022-08-06,738373.0,99644.27334767014,99644.27334767014,0
2022-08-07,738374.0,99644.27334767014,99644.27334767014,0
2022-08-08,738375.0,99644.27334767014,99644.27334767014,0
2022-08-09,738376.0,99644.27334767014,99644.27334767014,0
2022-08-10,738377.0,99644.27334767014,99644.27334767014,0
2022-08-11,738378.0,99644.27334767014,99644.27334767014,0
2022-08-12,738379.0,99644.27334767014,99644.27334767014,0
2022-08-13,738380.0,99644.27334767014,99644.27334767014,0
2022-08-14,738381.0,99644.27334767014,99644.27334767014,0
2022-08-15,738382.0,99644.27334767014,99644.27334767014,0
2022-08-16,738383.0,99644.27334767014,99644.27334767014,0
2022-08-17,738384.0,99644.27334767014,99644.27334767014,0
2022-08-18,738385.0,99644.27334767014,99644.27334767014,0
2022-08-19,738386.0,99644.27334767014,99644.27334767014,0
2022-08-20,738387.0,99644.27334767014,99644.27334767014,0
2022-08-21,738388.0,99644.27334767014,99644.27334767014,0
2022-08-22,738389.0,99644.27334767014,99644.27334767014,0
2022-08-23,738390.0,99644.27334767014,99644.27334767014,0
2022-08-24,738391.0,99644.27334767014,99644.27334767014,0
2022-08-25,738392.0,99644.27334767014,99644.27334767014,0
2022-08-26,738393.0,99644.27334767014,99644.27334767014,0
2022-08-27,738394.0,99644.27334767014,99644.27334767014,0
2022-08-28,738395.0,99644.27334767014,99644.27334767014,0
2022-08-29,738396.0,99644.27334767014,99644.27334767014,0
2022-08-30,738397.0,99644.27334767014,99644.27334767014,0
2022-08-31,738398.0,99644.27334767014,99644.27334767014,0
2022-09-01,738399.0,99644.27334767014,99644.27334767014,0
2022-09-02,738400.0,99644.27334767014,99644.27334767014,0
2022-09-03,738401.0,99644.27334767014,99644.27334767014,0
2022-09-04,738402.0,99644.27334767014,99644.27334767014,0
2022-09-05,738403.0,99644.27334767014,99644.27334767014,0
2022-09-06,738404.0,99644.27334767014,99644.27334767014,0
2022-09-07,738405.0,99644.27334767014,99644.27334767014,0
2022-09-08,738406.0,99644.27334767014,99644.27334767014,0
2022-09-09,738407.0,99644.27334767014,99644.27334767014,0
2022-09-10,738408.0,99644.27334767014,99644.27334767014,0
2022-09-11,738409.0,99644.27334767014,99644.27334767014,0
2022-09-12,738410.0,99644.27334767014,99644.27334767014,0
2022-09-13,738411.0,99644.27334767014,99644.27334767014,0
2022-09-14,738412.0,99644.27334767014,99644.27334767014,0
2022-09-15,738413.0,99644.27334767014,99644.27334767014,0
2022-09-16,738414.0,99644.27334767014,99644.27334767014,0
2022-09-17,738415.0,99644.27334767014,99644.27334767014,0
2022-09-18,738416.0,99644.27334767014,99644.27334767014,0
2022-09-19,738417.0,99644.27334767014,99644.27334767014,0
2022-09-20,738418.0,99644.27334767014,99644.27334767014,0
2022-09-21,738419.0,99644.27334767014,99644.27334767014,0
2022-09-22,738420.0,99644.27334767014,99644.27334767014,0
2022-09-23,738421.0,99644.27334767014,99644.27334767014,0
2022-09-24,738422.0,99644.27334767014,99644.27334767014,0
2022-09-25,738423.0,99644.27334767014,99644.27334767014,0
2022-09-26,738424.0,99644.27334767014,99644.27334767014,0
2022-09-27,738425.0,99644.27334767014,99644.27334767014,0
2022-09-28,738426.0,99644.27334767014,99644.27334767014,0
2022-09-29,738427.0,99644.27334767014,99644.27334767014,0
2022-09-30,738428.0,99644.27334767014,99644.27334767014,0
2022-10-01,738429.0,99644.27334767014,99644.27334767014,0
2022-10-02,738430.0,99644.27334767014,99644.27334767014,0
2022-10-03,738431.0,99644.27334767014,99644.27334767014,0
2022-10-04,738432.0,99644.27334767014,99644.27334767014,0
2022-10-05,738433.0,99644.27334767014,99644.27334767014,0
2022-10-06,738434.0,99644.27334767014,99644.27334767014,0
2022-10-07,738435.0,99644.27334767014,99644.27334767014,0
2022-10-08,738436.0,99644.27334767014,99644.27334767014,0
2022-10-09,738437.0,99644.27334767014,99644.27334767014,0
2022-10-10,738438.0,99644.27334767014,99644.27334767014,0
2022-10-11,738439.0,99644.27334767014,99644.27334767014,0
2022-10-12,738440.0,99644.27334767014,99644.27334767014,0
2022-10-13,738441.0,99644.27334767014,99644.27334767014,0
2022-10-14,738442.0,99644.27334767014,99644.27334767014,0
2022-10-15,738443.0,99644.27334767014,99644.27334767014,0
2022-10-16,738444.0,99644.27334767014,99644.27334767014,0
2022-10-17,738445.0,99644.27334767014,99644.27334767014,0
2022-10-18,738446.0,99644.27334767014,99644.27334767014,0
2022-10-19,738447.0,99644.27334767014,99644.27334767014,0
2022-10-20,738448.0,99644.27334767014,99644.27334767014,0
2022-10-21,738449.0,99644.27334767014,99644.27334767014,0
2022-10-22,738450.0,99644.27334767014,99644.27334767014,0
2022-10-23,738451.0,99644.27334767014,99644.27334767014,0
2022-10-24,738452.0,99644.27334767014,99644.27334767014,0
2022-10-25,738453.0,99644.27334767014,99644.27334767014,0
2022-10-26,738454.0,100022.33173262299,94378.11982652158,5644.211906101412
2022-10-27,738455.0,99834.74394786303,94378.11982652158,5456.624121341449
2022-10-28,738456.0,99980.20106588247,94378.11982652158,5602.081239360894
2022-10-29,738457.0,100192.90052488276,95815.26656511333,4377.633959769431
2022-10-30,738458.0,100332.60635955604,88159.94470373463,12172.661655821414
2022-10-31,738459.0,100579.24272388774,90193.18027389265,10386.062449995097
2022-11-01,738460.0,100560.98712304026,90193.18027389265,10367.806849147612
2022-11-02,738461.0,100328.73352734408,90193.18027389265,10135.553253451439
2022-11-03,738462.0,100606.00655032869,85200.24794944338,15405.758600885303
2022-11-04,738463.0,101772.62119318188,88725.92103574116,13046.700157440719
2022-11-05,738464.0,101757.96886778007,88725.92103574116,13032.047832038905
2022-11-06,738465.0,101397.89137232654,88725.92103574116,12671.970336585378
2022-11-07,738466.0,101449.12737336785,90219.88621364612,11229.24115972173
2022-11-08,738467.0,100526.56876241055,96415.16005379008,4111.408708620464
2022-11-09,738468.0,99992.53544355679,99992.53544355679,0
2022-11-10,738469.0,99992.53544355679,99992.53544355679,0
2022-11-11,738470.0,99992.53544355679,99992.53544355679,0
2022-11-12,738471.0,99992.53544355679,99992.53544355679,0
2022-11-13,738472.0,99992.53544355679,99992.53544355679,0
2022-11-14,738473.0,99992.53544355679,99992.53544355679,0
2022-11-15,738474.0,99992.53544355679,99992.53544355679,0
2022-11-16,738475.0,99992.53544355679,99992.53544355679,0
2022-11-17,738476.0,99992.53544355679,99992.53544355679,0
2022-11-18,738477.0,99992.53544355679,99992.53544355679,0
2022-11-19,738478.0,99992.53544355679,99992.53544355679,0
2022-11-20,738479.0,99992.53544355679,99992.53544355679,0
2022-11-21,738480.0,99992.53544355679,99992.53544355679,0
2022-11-22,738481.0,99992.53544355679,99992.53544355679,0
2022-11-23,738482.0,99992.53544355679,99992.53544355679,0
2022-11-24,738483.0,99992.53544355679,99992.53544355679,0
2022-11-25,738484.0,99992.53544355679,99992.53544355679,0
2022-11-26,738485.0,99992.53544355679,99992.53544355679,0
2022-11-27,738486.0,99992.53544355679,99992.53544355679,0
2022-11-28,738487.0,99992.53544355679,99992.53544355679,0
2022-11-29,738488.0,99992.53544355679,99992.53544355679,0
2022-11-30,738489.0,99992.53544355679,99992.53544355679,0
2022-12-01,738490.0,99992.53544355679,99992.53544355679,0
2022-12-02,738491.0,99992.53544355679,99992.53544355679,0
2022-12-03,738492.0,99992.53544355679,99992.53544355679,0
2022-12-04,738493.0,99992.53544355679,99992.53544355679,0
2022-12-05,738494.0,99992.53544355679,99992.53544355679,0
2022-12-06,738495.0,99992.53544355679,99992.53544355679,0
2022-12-07,738496.0,99992.53544355679,99992.53544355679,0
2022-12-08,738497.0,99992.53544355679,99992.53544355679,0
2022-12-09,738498.0,99992.53544355679,99992.53544355679,0
2022-12-10,738499.0,99992.53544355679,99992.53544355679,0
2022-12-11,738500.0,99992.53544355679,99992.53544355679,0
2022-12-12,738501.0,99992.53544355679,99992.53544355679,0
2022-12-13,738502.0,99992.53544355679,99992.53544355679,0
2022-12-14,738503.0,99992.53544355679,99992.53544355679,0
2022-12-15,738504.0,99992.53544355679,99992.53544355679,0
2022-12-16,738505.0,99992.53544355679,99992.53544355679,0
2022-12-17,738506.0,99992.53544355679,99992.53544355679,0
2022-12-18,738507.0,99992.53544355679,99992.53544355679,0
2022-12-19,738508.0,99992.53544355679,99992.53544355679,0
2022-12-20,738509.0,99992.53544355679,99992.53544355679,0
2022-12-21,738510.0,99992.53544355679,99992.53544355679,0
2022-12-22,738511.0,99992.53544355679,99992.53544355679,0
2022-12-23,738512.0,99992.53544355679,99992.53544355679,0
2022-12-24,738513.0,99992.53544355679,99992.53544355679,0
2022-12-25,738514.0,99992.53544355679,99992.53544355679,0
2022-12-26,738515.0,99992.53544355679,99992.53544355679,0
2022-12-27,738516.0,99992.53544355679,99992.53544355679,0
2022-12-28,738517.0,99992.53544355679,99992.53544355679,0
2022-12-29,738518.0,99992.53544355679,99992.53544355679,0
2022-12-30,738519.0,99992.53544355679,99992.53544355679,0
2022-12-31,738520.0,99992.53544355679,99992.53544355679,0
2023-01-01,738521.0,99992.53544355679,99992.53544355679,0
2023-01-02,738522.0,99992.53544355679,99992.53544355679,0
2023-01-03,738523.0,99992.53544355679,99992.53544355679,0
2023-01-04,738524.0,99992.53544355679,99992.53544355679,0
2023-01-05,738525.0,99992.53544355679,99992.53544355679,0
2023-01-06,738526.0,99992.53544355679,99992.53544355679,0
2023-01-07,738527.0,99992.53544355679,99992.53544355679,0
2023-01-08,738528.0,99992.53544355679,99992.53544355679,0
2023-01-09,738529.0,99992.53544355679,99992.53544355679,0
2023-01-10,738530.0,100034.73107275167,85053.3089820667,14981.422090684984
2023-01-11,738531.0,100634.07930044491,87542.18769690426,13091.891603540644
2023-01-12,738532.0,100911.07818653616,87542.18769690426,13368.890489631896
2023-01-13,738533.0,101326.0458575103,85032.77904292432,16293.266814585973
2023-01-14,738534.0,101857.36839085005,86517.61599557816,15339.752395271888
2023-01-15,738535.0,101800.46458577468,86517.61599557816,15282.848590196521
2023-01-16,738536.0,101789.29625576292,86517.61599557816,15271.680260184756
2023-01-17,738537.0,101739.9502788462,86517.61599557816,15222.334283268032
2023-01-18,738538.0,101154.28389976804,86517.61599557816,14636.667904189875
2023-01-19,738539.0,101500.22346495307,86517.61599557816,14982.607469374914
2023-01-20,738540.0,102467.63132383756,86517.61599557816,15950.015328259393
2023-01-21,738541.0,102264.37534201611,87920.09760267616,14344.277739339941
2023-01-22,738542.0,102269.89003819285,87920.09760267616,14349.792435516698
2023-01-23,738543.0,102529.49542582771,87920.09760267616,14609.397823151545
2023-01-24,738544.0,101981.11215439759,87920.09760267616,14061.014551721419
2023-01-25,738545.0,102407.06523765688,87920.09760267616,14486.967634980716
2023-01-26,738546.0,102345.54335218496,87920.09760267616,14425.445749508806
2023-01-27,738547.0,102440.1966092681,87920.09760267616,14520.099006591932
2023-01-28,738548.0,102307.5198128715,87920.09760267616,14387.422210195338
2023-01-29,738549.0,102976.67126500713,89528.00553975816,13448.665725248971
2023-01-30,738550.0,102405.90581910724,89528.00553975816,12877.900279349085
2023-01-31,738551.0,102632.71176655979,89528.00553975816,13104.706226801627
2023-02-01,738552.0,103136.24211887411,89528.00553975816,13608.236579115957
2023-02-02,738553.0,103166.49881790881,91054.95639275761,12111.5424251512
2023-02-03,738554.0,103306.08217811484,91054.95639275761,12251.125785357226
2023-02-04,738555.0,103273.40587288195,91054.95639275761,12218.449480124336
2023-02-05,738556.0,102999.62038408006,91054.95639275761,11944.66399132245
2023-02-06,738557.0,102861.39228000044,91054.95639275761,11806.435887242835
2023-02-07,738558.0,103323.65106723657,91054.95639275761,12268.694674478957
2023-02-08,738559.0,103103.04204626646,91054.95639275761,12048.085653508853
2023-02-09,738560.0,102329.52086317854,93711.72558820814,8617.795274970402
2023-02-10,738561.0,102207.73596792943,99091.18523450606,3116.5507334233725
2023-02-11,738562.0,102239.12184418204,99091.18523450606,3147.936609675976
2023-02-12,738563.0,102180.02290698298,99091.18523450606,3088.8376724769255
2023-02-13,738564.0,102131.27463110129,99091.18523450606,3040.0893965952223
2023-02-14,738565.0,102290.54125846822,99091.18523450606,3199.3560239621547
2023-02-15,738566.0,102524.26586885995,99091.18523450606,3433.0806343538798
2023-02-16,738567.0,102381.69385652099,99091.18523450606,3290.508622014928
2023-02-17,738568.0,102434.11494770885,99091.18523450606,3342.9297132027864
2023-02-18,738569.0,102420.4253633859,99091.18523450606,3329.240128879842
2023-02-19,738570.0,102344.29791885831,99091.18523450606,3253.112684352252
2023-02-20,738571.0,102293.2123968727,99091.18523450606,3202.027162366632
2023-02-21,738572.0,102223.09501375517,99091.18523450606,3131.9097792491143
2023-02-22,738573.0,102272.51107423799,99091.18523450606,3181.3258397319364
2023-02-23,738574.0,102249.47250549939,99091.18523450606,3158.2872709933235
2023-02-24,738575.0,102147.96924612926,99091.18523450606,3056.784011623203
2023-02-25,738576.0,102201.3920142188,99091.18523450606,3110.20677971274
2023-02-26,738577.0,102272.17718193744,99091.18523450606,3180.9919474313765
2023-02-27,738578.0,102232.11010587029,99091.18523450606,3140.9248713642237
2023-02-28,738579.0,102223.09501375517,99091.18523450606,3131.9097792491143
2023-03-01,738580.0,102355.9841493779,99091.18523450606,3264.7989148718384
2023-03-02,738581.0,102276.18388954415,99091.18523450606,3184.9986550380922
2023-03-03,738582.0,102025.90564311547,102025.90564311547,0
2023-03-04,738583.0,102025.90564311547,102025.90564311547,0
2023-03-05,738584.0,102025.90564311547,102025.90564311547,0
2023-03-06,738585.0,102025.90564311547,102025.90564311547,0
2023-03-07,738586.0,102025.90564311547,102025.90564311547,0
2023-03-08,738587.0,102025.90564311547,102025.90564311547,0
2023-03-09,738588.0,102025.90564311547,102025.90564311547,0
2023-03-10,738589.0,102025.90564311547,102025.90564311547,0
2023-03-11,738590.0,102025.90564311547,102025.90564311547,0
2023-03-12,738591.0,102025.90564311547,102025.90564311547,0
2023-03-13,738592.0,102025.90564311547,102025.90564311547,0
2023-03-14,738593.0,102025.90564311547,102025.90564311547,0
2023-03-15,738594.0,102025.90564311547,102025.90564311547,0
2023-03-16,738595.0,102025.90564311547,102025.90564311547,0
2023-03-17,738596.0,102025.90564311547,102025.90564311547,0
2023-03-18,738597.0,102025.90564311547,102025.90564311547,0
2023-03-19,738598.0,102025.90564311547,102025.90564311547,0
2023-03-20,738599.0,102025.90564311547,102025.90564311547,0
2023-03-21,738600.0,102025.90564311547,102025.90564311547,0
2023-03-22,738601.0,102025.90564311547,102025.90564311547,0
2023-03-23,738602.0,102025.90564311547,102025.90564311547,0
2023-03-24,738603.0,102025.90564311547,102025.90564311547,0
2023-03-25,738604.0,102025.90564311547,102025.90564311547,0
2023-03-26,738605.0,102025.90564311547,102025.90564311547,0
2023-03-27,738606.0,102025.90564311547,102025.90564311547,0
2023-03-28,738607.0,102025.90564311547,102025.90564311547,0
2023-03-29,738608.0,102025.90564311547,102025.90564311547,0
2023-03-30,738609.0,102025.90564311547,102025.90564311547,0
2023-03-31,738610.0,102025.90564311547,102025.90564311547,0
2023-04-01,738611.0,102025.90564311547,102025.90564311547,0
2023-04-02,738612.0,102025.90564311547,102025.90564311547,0
2023-04-03,738613.0,102025.90564311547,102025.90564311547,0
2023-04-04,738614.0,102025.90564311547,102025.90564311547,0
2023-04-05,738615.0,102025.90564311547,102025.90564311547,0
2023-04-06,738616.0,102025.90564311547,102025.90564311547,0
2023-04-07,738617.0,102025.90564311547,102025.90564311547,0
2023-04-08,738618.0,102025.90564311547,102025.90564311547,0
2023-04-09,738619.0,102025.90564311547,102025.90564311547,0
2023-04-10,738620.0,102025.90564311547,102025.90564311547,0
2023-04-11,738621.0,102025.90564311547,102025.90564311547,0
2023-04-12,738622.0,102025.90564311547,102025.90564311547,0
2023-04-13,738623.0,102025.90564311547,102025.90564311547,0
2023-04-14,738624.0,102193.60615226944,96350.99794198279,5842.608210286643
2023-04-15,738625.0,102345.30971374702,89703.3715787193,12641.938135027707
2023-04-16,738626.0,102422.0753331553,89703.3715787193,12718.703754435996
2023-04-17,738627.0,102064.12240773135,78323.05670986985,23741.0656978615
2023-04-18,738628.0,102653.38654693481,78323.05670986985,24330.329837064957
2023-04-19,738629.0,100049.10374194544,89340.43647479637,10708.667267149067
2023-04-20,738630.0,99659.60086521685,94315.7681561051,5343.832709111751
2023-04-21,738631.0,99480.54632902221,99480.54632902221,0
2023-04-22,738632.0,99480.54632902221,99480.54632902221,0
2023-04-23,738633.0,99480.54632902221,99480.54632902221,0
2023-04-24,738634.0,99480.54632902221,99480.54632902221,0
2023-04-25,738635.0,99480.54632902221,99480.54632902221,0
2023-04-26,738636.0,99480.54632902221,99480.54632902221,0
2023-04-27,738637.0,99480.54632902221,99480.54632902221,0
2023-04-28,738638.0,99480.54632902221,99480.54632902221,0
2023-04-29,738639.0,99480.54632902221,99480.54632902221,0
2023-04-30,738640.0,99480.54632902221,99480.54632902221,0
2023-05-01,738641.0,99480.54632902221,99480.54632902221,0
2023-05-02,738642.0,99480.54632902221,99480.54632902221,0
2023-05-03,738643.0,99480.54632902221,99480.54632902221,0
2023-05-04,738644.0,99480.54632902221,99480.54632902221,0
2023-05-05,738645.0,99480.54632902221,99480.54632902221,0
2023-05-06,738646.0,99480.54632902221,99480.54632902221,0
2023-05-07,738647.0,99480.54632902221,99480.54632902221,0
2023-05-08,738648.0,99480.54632902221,99480.54632902221,0
2023-05-09,738649.0,99480.54632902221,99480.54632902221,0
2023-05-10,738650.0,99480.54632902221,99480.54632902221,0
2023-05-11,738651.0,99480.54632902221,99480.54632902221,0
2023-05-12,738652.0,99480.54632902221,99480.54632902221,0
2023-05-13,738653.0,99480.54632902221,99480.54632902221,0
2023-05-14,738654.0,99480.54632902221,99480.54632902221,0
2023-05-15,738655.0,99480.54632902221,99480.54632902221,0
2023-05-16,738656.0,99480.54632902221,99480.54632902221,0
2023-05-17,738657.0,99480.54632902221,99480.54632902221,0
2023-05-18,738658.0,99291.04029162835,94455.40323023687,4835.637061391483
2023-05-19,738659.0,99364.29941773812,94455.40323023687,4908.896187501251
2023-05-20,738660.0,99397.4531828389,94455.40323023687,4942.049952602022
2023-05-21,738661.0,99384.61946731602,94455.40323023687,4929.216237079144
2023-05-22,738662.0,99312.42981749983,94455.40323023687,4857.026587262948
2023-05-23,738663.0,99358.95203627026,94455.40323023687,4903.5488060333855
2023-05-24,738664.0,98983.1435973771,98983.1435973771,0
2023-05-25,738665.0,98983.1435973771,98983.1435973771,0
2023-05-26,738666.0,98983.1435973771,98983.1435973771,0
2023-05-27,738667.0,98983.1435973771,98983.1435973771,0
2023-05-28,738668.0,98983.1435973771,98983.1435973771,0
2023-05-29,738669.0,98983.1435973771,98983.1435973771,0
2023-05-30,738670.0,99374.69511826168,93778.59731513173,5596.097803129943
2023-05-31,738671.0,99332.76470244571,93778.59731513173,5554.167387313983
2023-06-01,738672.0,99224.17567687105,93778.59731513173,5445.57836173932
2023-06-02,738673.0,99416.62553407763,93778.59731513173,5638.028218945902
2023-06-03,738674.0,99356.41775752138,93778.59731513173,5577.820442389654
2023-06-04,738675.0,99540.26650379135,93778.59731513173,5761.669188659629
2023-06-05,738676.0,99251.05414854795,93778.59731513173,5472.456833416218
2023-06-06,738677.0,99476.83331063388,93778.59731513173,5698.235995502152
2023-06-07,738678.0,99351.042063186,93778.59731513173,5572.444748054274
2023-06-08,738679.0,99408.02442314103,93778.59731513173,5629.427108009295
2023-06-09,738680.0,99562.84441999995,93778.59731513173,5784.247104868223
2023-06-10,738681.0,98868.30949105111,98868.30949105111,0
2023-06-11,738682.0,98868.30949105111,98868.30949105111,0
2023-06-12,738683.0,98868.30949105111,98868.30949105111,0
2023-06-13,738684.0,98868.30949105111,98868.30949105111,0
2023-06-14,738685.0,98868.30949105111,98868.30949105111,0
2023-06-15,738686.0,98868.30949105111,98868.30949105111,0
2023-06-16,738687.0,98868.30949105111,98868.30949105111,0
2023-06-17,738688.0,98868.30949105111,98868.30949105111,0
2023-06-18,738689.0,98868.30949105111,98868.30949105111,0
2023-06-19,738690.0,98868.30949105111,98868.30949105111,0
2023-06-20,738691.0,98868.30949105111,98868.30949105111,0
2023-06-21,738692.0,98868.30949105111,98868.30949105111,0
2023-06-22,738693.0,98868.30949105111,98868.30949105111,0
2023-06-23,738694.0,98868.30949105111,98868.30949105111,0
2023-06-24,738695.0,98868.30949105111,98868.30949105111,0
2023-06-25,738696.0,98868.30949105111,98868.30949105111,0
2023-06-26,738697.0,98868.30949105111,98868.30949105111,0
2023-06-27,738698.0,98868.30949105111,98868.30949105111,0
2023-06-28,738699.0,98868.30949105111,98868.30949105111,0
2023-06-29,738700.0,98868.30949105111,98868.30949105111,0
2023-06-30,738701.0,98868.30949105111,98868.30949105111,0
2023-07-01,738702.0,98868.30949105111,98868.30949105111,0
2023-07-02,738703.0,98868.30949105111,98868.30949105111,0
2023-07-03,738704.0,98868.30949105111,98868.30949105111,0
2023-07-04,738705.0,98868.30949105111,98868.30949105111,0
2023-07-05,738706.0,98868.30949105111,98868.30949105111,0
2023-07-06,738707.0,98868.30949105111,98868.30949105111,0
2023-07-07,738708.0,98868.30949105111,98868.30949105111,0
2023-07-08,738709.0,98868.30949105111,98868.30949105111,0
2023-07-09,738710.0,98868.30949105111,98868.30949105111,0
2023-07-10,738711.0,98868.30949105111,98868.30949105111,0
2023-07-11,738712.0,98868.30949105111,98868.30949105111,0
2023-07-12,738713.0,98868.30949105111,98868.30949105111,0
2023-07-13,738714.0,98868.30949105111,98868.30949105111,0
2023-07-14,738715.0,98745.57024538405,93840.98483226929,4904.585413114766
2023-07-15,738716.0,98717.37487077575,93840.98483226929,4876.390038506461
2023-07-16,738717.0,98498.15583319617,93840.98483226929,4657.1710009268845
2023-07-17,738718.0,98906.28388065139,93840.98483226929,5065.299048382109
2023-07-18,738719.0,98712.4406802193,93840.98483226929,4871.455847950007
2023-07-19,738720.0,98715.26021768013,93840.98483226929,4874.275385410838
2023-07-20,738721.0,99637.78703586641,95217.6334027406,4420.153633125815
2023-07-21,738722.0,99517.2518094159,95217.6334027406,4299.618406675308
2023-07-22,738723.0,99384.02866439166,95217.6334027406,4166.395261651064
2023-07-23,738724.0,99388.78663385681,95217.6334027406,4171.1532311162155
2023-07-24,738725.0,99228.07299858947,95217.6334027406,4010.4395958488735
2023-07-25,738726.0,99125.51232345175,95217.6334027406,3907.8789207111618
2023-07-26,738727.0,99310.54446931876,95217.6334027406,4092.9110665781677
2023-07-27,738728.0,99441.12429797348,95217.6334027406,4223.490895232883
2023-07-28,738729.0,99325.34704098813,95217.6334027406,4107.713638247527
2023-07-29,738730.0,99363.41079670934,95217.6334027406,4145.77739396874
2023-07-30,738731.0,99211.68443709839,95217.6334027406,3994.0510343577957
2023-07-31,738732.0,99207.45513090715,95217.6334027406,3989.8217281665497
2023-08-01,738733.0,99394.06345535097,89311.07590524112,10082.987550109854
2023-08-02,738734.0,98763.4922159429,89311.07590524112,9452.416310701785
2023-08-03,738735.0,98589.78035127027,89311.07590524112,9278.704446029156
2023-08-04,738736.0,98530.6258391137,93043.95640322217,5486.669435891524
2023-08-05,738737.0,98454.22815332838,98454.22815332838,0
2023-08-06,738738.0,98454.22815332838,98454.22815332838,0
2023-08-07,738739.0,98454.22815332838,98454.22815332838,0
2023-08-08,738740.0,98454.22815332838,98454.22815332838,0
2023-08-09,738741.0,98454.22815332838,98454.22815332838,0
2023-08-10,738742.0,98454.22815332838,98454.22815332838,0
2023-08-11,738743.0,98454.22815332838,98454.22815332838,0
2023-08-12,738744.0,98454.22815332838,98454.22815332838,0
2023-08-13,738745.0,98454.22815332838,98454.22815332838,0
2023-08-14,738746.0,98454.22815332838,98454.22815332838,0
2023-08-15,738747.0,98454.22815332838,98454.22815332838,0
2023-08-16,738748.0,98454.22815332838,98454.22815332838,0
2023-08-17,738749.0,98454.22815332838,98454.22815332838,0
2023-08-18,738750.0,98454.22815332838,98454.22815332838,0
2023-08-19,738751.0,98454.22815332838,98454.22815332838,0
2023-08-20,738752.0,98454.22815332838,98454.22815332838,0
2023-08-21,738753.0,98454.22815332838,98454.22815332838,0
2023-08-22,738754.0,98454.22815332838,98454.22815332838,0
2023-08-23,738755.0,98454.22815332838,98454.22815332838,0
2023-08-24,738756.0,98454.22815332838,98454.22815332838,0
2023-08-25,738757.0,98454.22815332838,98454.22815332838,0
2023-08-26,738758.0,98454.22815332838,98454.22815332838,0
2023-08-27,738759.0,98454.22815332838,98454.22815332838,0
2023-08-28,738760.0,98454.22815332838,98454.22815332838,0
2023-08-29,738761.0,98454.22815332838,98454.22815332838,0
2023-08-30,738762.0,98454.22815332838,98454.22815332838,0
2023-08-31,738763.0,98454.22815332838,98454.22815332838,0
2023-09-01,738764.0,98454.22815332838,98454.22815332838,0
2023-09-02,738765.0,98454.22815332838,98454.22815332838,0
2023-09-03,738766.0,98454.22815332838,98454.22815332838,0
2023-09-04,738767.0,98454.22815332838,98454.22815332838,0
2023-09-05,738768.0,98454.22815332838,98454.22815332838,0
2023-09-06,738769.0,98454.22815332838,98454.22815332838,0
2023-09-07,738770.0,98454.22815332838,98454.22815332838,0
2023-09-08,738771.0,98454.22815332838,98454.22815332838,0
2023-09-09,738772.0,98454.22815332838,98454.22815332838,0
2023-09-10,738773.0,98454.22815332838,98454.22815332838,0
2023-09-11,738774.0,98454.22815332838,98454.22815332838,0
2023-09-12,738775.0,98454.22815332838,98454.22815332838,0
2023-09-13,738776.0,98454.22815332838,98454.22815332838,0
2023-09-14,738777.0,98454.22815332838,98454.22815332838,0
2023-09-15,738778.0,98454.22815332838,98454.22815332838,0
2023-09-16,738779.0,98454.22815332838,98454.22815332838,0
2023-09-17,738780.0,98454.22815332838,98454.22815332838,0
2023-09-18,738781.0,98454.22815332838,98454.22815332838,0
2023-09-19,738782.0,98454.22815332838,98454.22815332838,0
2023-09-20,738783.0,98493.07196088247,93350.12428062924,5142.947680253231
2023-09-21,738784.0,98313.5715422089,93350.12428062924,4963.447261579657
2023-09-22,738785.0,98532.54715669036,93350.12428062924,5182.422876061112
2023-09-23,738786.0,98704.5994252115,93350.12428062924,5354.475144582256
2023-09-24,738787.0,98542.97456690375,93350.12428062924,5192.850286274515
2023-09-25,738788.0,98931.62530004125,94745.39250686772,4186.232793173539
2023-09-26,738789.0,98854.5369459636,94745.39250686772,4109.144439095883
2023-09-27,738790.0,99015.97560051753,94745.39250686772,4270.583093649813
2023-09-28,738791.0,99106.47062486956,94745.39250686772,4361.078118001844
2023-09-29,738792.0,99184.11759020865,94745.39250686772,4438.725083340931
2023-09-30,738793.0,99312.20564966176,96261.81575473386,3050.389894927894
2023-10-01,738794.0,99892.17326259671,91968.60877983605,7923.564482760656
2023-10-02,738795.0,99271.02234674855,85091.28978070428,14179.732566044273
2023-10-03,738796.0,99155.56960476351,85091.28978070428,14064.279824059242
2023-10-04,738797.0,99100.14448809497,91470.75107390368,7629.393414191292
2023-10-05,738798.0,98933.60568016495,91470.75107390368,7462.854606261273
2023-10-06,738799.0,99144.87203666402,91470.75107390368,7674.120962760338
2023-10-07,738800.0,99079.35303311991,91470.75107390368,7608.601959216228
2023-10-08,738801.0,99118.33837708815,91470.75107390368,7647.587303184464
2023-10-09,738802.0,98702.3444572454,95992.7074317912,2709.6370254542003
2023-10-10,738803.0,98696.01352961584,95992.7074317912,2703.306097824635
2023-10-11,738804.0,98745.17132062188,95992.7074317912,2752.463888830676
2023-10-12,738805.0,98672.92426414331,95992.7074317912,2680.2168323521
2023-10-13,738806.0,98694.89630709297,95992.7074317912,2702.18887530177
2023-10-14,738807.0,98722.82687016459,95992.7074317912,2730.1194383733846
2023-10-15,738808.0,98757.08836086578,95992.7074317912,2764.3809290745644
2023-10-16,738809.0,98795.07392664316,95992.7074317912,2802.36649485196
2023-10-17,738810.0,98718.73038758076,95992.7074317912,2726.0229557895477
2023-10-18,738811.0,98732.13705785513,95992.7074317912,2739.429626063922
2023-10-19,738812.0,98712.77186745881,95992.7074317912,2720.0644356676034
2023-10-20,738813.0,98811.83226448613,95992.7074317912,2819.1248326949285
2023-10-21,738814.0,99312.34795472946,95992.7074317912,3319.640522938255
2023-10-22,738815.0,99787.53993445453,95992.7074317912,3794.832502663318
2023-10-23,738816.0,99931.66163990405,95992.7074317912,3938.9542081128475
2023-10-24,738817.0,99855.31810084164,95992.7074317912,3862.6106690504353
2023-10-25,738818.0,100110.78965107001,95992.7074317912,4118.0822192788
2023-10-26,738819.0,100062.37667507921,95992.7074317912,4069.6692432880022
2023-10-27,738820.0,100158.08540453794,95992.7074317912,4165.377972746734
2023-10-28,738821.0,100060.5146375411,95992.7074317912,4067.8072057498944
2023-10-29,738822.0,100119.3550237453,95992.7074317912,4126.647591954094
2023-10-30,738823.0,100171.1196673047,95992.7074317912,4178.412235513487
2023-10-31,738824.0,100220.64986581836,95992.7074317912,4227.942434027149
2023-11-01,738825.0,100326.78600549049,95992.7074317912,4334.078573699283
2023-11-02,738826.0,100091.7968681813,95992.7074317912,4099.0894363901025
2023-11-03,738827.0,100260.49746913386,95992.7074317912,4267.790037342653
2023-11-04,738828.0,100273.90413940823,95992.7074317912,4281.196707617028
2023-11-05,738829.0,100547.62365751005,95992.7074317912,4554.916225718846
2023-11-06,738830.0,101122.16853348295,90999.11518551451,10123.053347968442
2023-11-07,738831.0,100979.60613588295,90999.11518551451,9980.490950368428
2023-11-08,738832.0,101774.20019245149,90999.11518551451,10775.085006936977
2023-11-09,738833.0,101839.5168458123,92369.80560658577,9469.711239226528
2023-11-10,738834.0,102221.91952323852,85843.94817846965,16377.971344768866
2023-11-11,738835.0,102496.50602135524,85843.94817846965,16652.55784288558
2023-11-12,738836.0,102291.1429820648,85843.94817846965,16447.194803595157
2023-11-13,738837.0,101406.81962654808,85843.94817846965,15562.871448078426
2023-11-14,738838.0,100967.7576539724,91857.99328618593,9109.764367786462
2023-11-15,738839.0,101599.41372834123,91857.99328618593,9741.4204421553
2023-11-16,738840.0,101077.31505030827,91857.99328618593,9219.321764122345
2023-11-17,738841.0,100977.9393085833,91857.99328618593,9119.94602239738
2023-11-18,738842.0,101106.34035346282,91857.99328618593,9248.347067276887
2023-11-19,738843.0,101612.00144478289,91857.99328618593,9754.008158596964
2023-11-20,738844.0,101412.09858679512,91857.99328618593,9554.105300609195
2023-11-21,738845.0,100735.30080204402,91857.99328618593,8877.307515858092
2023-11-22,738846.0,101314.50490900327,91857.99328618593,9456.51162281735
2023-11-23,738847.0,101458.18590291523,91857.99328618593,9600.192616729306
2023-11-24,738848.0,101477.430704549,91857.99328618593,9619.437418363075
2023-11-25,738849.0,101668.15543318383,91857.99328618593,9810.162146997896
2023-11-26,738850.0,101595.23186571995,91857.99328618593,9737.238579534027
2023-11-27,738851.0,101274.18158542509,91857.99328618593,9416.188299239162
2023-11-28,738852.0,101487.57735043482,91857.99328618593,9629.584064248884
2023-11-29,738853.0,101437.89218278855,91857.99328618593,9579.898896602623
2023-11-30,738854.0,101338.6480710461,91857.99328618593,9480.65478486018
2023-12-01,738855.0,101646.17129230405,91857.99328618593,9788.17800611812
2023-12-02,738856.0,102164.51757803334,91857.99328618593,10306.524291847405
2023-12-03,738857.0,102028.09020669379,91857.99328618593,10170.096920507858
2023-12-04,738858.0,102209.50074004788,93352.84741607743,8856.653323970448
2023-12-05,738859.0,102609.78100827913,80655.00732277276,21954.773685506367
2023-12-06,738860.0,102475.43909264164,82072.04879584037,20403.39029680127
2023-12-07,738861.0,103179.3798488167,82072.04879584037,21107.331052976333
2023-12-08,738862.0,104545.63744955942,82072.04879584037,22473.588653719053
2023-12-09,738863.0,104367.71450055978,84075.90773326185,20291.806767297945
2023-12-10,738864.0,104719.24539554659,84075.90773326185,20643.337662284743
2023-12-11,738865.0,102911.62665841727,89331.1283297422,13580.498328675061
2023-12-12,738866.0,103045.77074730473,89331.1283297422,13714.642417562529
2023-12-13,738867.0,103948.38811886722,89331.1283297422,14617.259789125024
2023-12-14,738868.0,103989.77561662528,89331.1283297422,14658.647286883075
2023-12-15,738869.0,103216.20193379858,89331.1283297422,13885.073604056384
2023-12-16,738870.0,103464.3764787735,89331.1283297422,14133.24814903129
2023-12-17,738871.0,103006.64598806796,89331.1283297422,13675.517658325749
2023-12-18,738872.0,102942.09292139055,92971.00205282084,9971.090868569712
2023-12-19,738873.0,102648.05195841345,92971.00205282084,9677.049905592612
2023-12-20,738874.0,102806.05829173407,92971.00205282084,9835.056238913225
2023-12-21,738875.0,103233.56380684354,92971.00205282084,10262.5617540227
2023-12-22,738876.0,103355.84219314196,92971.00205282084,10384.840140321125
2023-12-23,738877.0,103244.73575351061,92971.00205282084,10273.733700689772
2023-12-24,738878.0,102979.8318182255,92971.00205282084,10008.82976540467
2023-12-25,738879.0,103233.8221151902,92971.00205282084,10262.82006236936
2023-12-26,738880.0,103019.02214167608,92971.00205282084,10048.020088855235
2023-12-27,738881.0,104047.56816903356,87517.48636348596,16530.081805547605
2023-12-28,738882.0,103818.57318315578,89006.24022912295,14812.332954032825
2023-12-29,738883.0,103528.72004580236,89006.24022912295,14522.479816679413
2023-12-30,738884.0,103503.95794780581,89006.24022912295,14497.71771868286
2023-12-31,738885.0,103354.75856517337,89006.24022912295,14348.51833605042
2024-01-01,738886.0,103767.48961224673,89006.24022912295,14761.24938312378
2024-01-02,738887.0,103625.1646404399,89006.24022912295,14618.924411316955
2024-01-03,738888.0,102620.56458490036,98286.0852636662,4334.479321234167
2024-01-04,738889.0,102728.99519489957,98286.0852636662,4442.909931233376
2024-01-05,738890.0,102643.89775414071,98286.0852636662,4357.812490474504
2024-01-06,738891.0,102506.64381743285,98286.0852636662,4220.558553766645
2024-01-07,738892.0,102436.64430971185,98286.0852636662,4150.559046045637
2024-01-08,738893.0,102454.48732148386,98286.0852636662,4168.402057817659
2024-01-09,738894.0,102418.80129793982,98286.0852636662,4132.716034273616
2024-01-10,738895.0,102483.3106481925,98286.0852636662,4197.225384526309
2024-01-11,738896.0,102516.2515930024,98286.0852636662,4230.166329336195
2024-01-12,738897.0,102357.03702642128,98286.0852636662,4070.95176275508
2024-01-13,738898.0,102433.89923097768,98286.0852636662,4147.81396731148
2024-01-14,738899.0,102396.84066806656,98286.0852636662,4110.755404400358
2024-01-15,738900.0,102643.89775414071,98286.0852636662,4357.812490474504
2024-01-16,738901.0,102612.3293486979,98286.0852636662,4326.244085031696
2024-01-17,738902.0,102532.72206540735,98286.0852636662,4246.636801741138
2024-01-18,738903.0,102582.13348262217,98286.0852636662,4296.048218955967
2024-01-19,738904.0,102605.4666518625,98286.0852636662,4319.381388196303
2024-01-20,738905.0,102639.78013603947,98286.0852636662,4353.694872373268
2024-01-21,738906.0,102658.99568717857,98286.0852636662,4372.910423512369
2024-01-22,738907.0,102484.6831875596,98286.0852636662,4198.597923893388
2024-01-23,738908.0,102387.232892497,98286.0852636662,4101.147628830809
2024-01-24,738909.0,102308.99814857353,98286.0852636662,4022.9128849073295
2024-01-25,738910.0,102295.27275490275,98286.0852636662,4009.187491236544
2024-01-26,738911.0,102433.89923097768,98286.0852636662,4147.81396731148
2024-01-27,738912.0,102480.56556945835,98286.0852636662,4194.480305792153
2024-01-28,738913.0,102476.44795135711,98286.0852636662,4190.362687690917
2024-01-29,738914.0,102550.56507717936,98286.0852636662,4264.47981351316
2024-01-30,738915.0,102508.01635679993,98286.0852636662,4221.931093133724
2024-01-31,738916.0,102410.56606173735,98286.0852636662,4124.480798071144
2024-02-01,738917.0,102406.44844363611,98286.0852636662,4120.363179969909
2024-02-02,738918.0,102422.91891604106,98286.0852636662,4136.833652374851
2024-02-03,738919.0,102399.58574680072,98286.0852636662,4113.500483134516
2024-02-04,738920.0,102468.21271515464,98286.0852636662,4182.127451488444
2024-02-05,738921.0,102420.1738373069,98286.0852636662,4134.088573640694
2024-02-06,738922.0,102440.76192781307,98286.0852636662,4154.676664146873
2024-02-07,738923.0,102503.89873869868,98286.0852636662,4217.813475032488
2024-02-08,738924.0,102667.23092338104,98286.0852636662,4381.145659714839
2024-02-09,738925.0,102733.11281300081,98286.0852636662,4447.027549334612
2024-02-10,738926.0,102689.51765280514,92193.65876706578,10495.858885739355
2024-02-11,738927.0,102708.25712608203,92193.65876706578,10514.598359016247
2024-02-12,738928.0,102945.65479285576,92193.65876706578,10751.996025789984
2024-02-13,738929.0,102760.41463465318,92193.65876706578,10566.755867587406
2024-02-14,738930.0,103077.85819555927,92193.65876706578,10884.199428493484
2024-02-15,738931.0,103847.03388286661,95456.77086493469,8390.26301793192
2024-02-16,738932.0,103858.48841919146,95456.77086493469,8401.717554256775
2024-02-17,738933.0,104010.69040008498,97229.8265448608,6780.863855224183
2024-02-18,738934.0,103932.47405213099,97229.8265448608,6702.647507270191
2024-02-19,738935.0,103967.69564296782,97229.8265448608,6737.869098107022
2024-02-20,738936.0,103931.57556538178,97229.8265448608,6701.749020520976
2024-02-21,738937.0,104079.83817044712,97229.8265448608,6850.011625586325
2024-02-22,738938.0,104096.77138785565,97229.8265448608,6866.944842994859
2024-02-23,738939.0,105879.47570654949,97229.8265448608,8649.64916168869
2024-02-24,738940.0,105871.72178009046,97229.8265448608,8641.89523522966
2024-02-25,738941.0,105878.60489813969,97229.8265448608,8648.778353278889
2024-02-26,738942.0,105757.91020704733,97229.8265448608,8528.083662186533
2024-02-27,738943.0,105927.46380956667,90543.61295963041,15383.850849936267
2024-02-28,738944.0,106469.90022500136,92342.39812984435,14127.502095156999
2024-02-29,738945.0,106353.07037542133,92342.39812984435,14010.672245576978
2024-03-01,738946.0,106775.19308046917,92342.39812984435,14432.794950624811
2024-03-02,738947.0,107265.7107374963,92342.39812984435,14923.312607651947
2024-03-03,738948.0,107416.66783187137,92342.39812984435,15074.269702027017
2024-03-04,738949.0,107545.05041399591,92342.39812984435,15202.65228415155
2024-03-05,738950.0,107643.61514010839,94270.92073334107,13372.694406767312
2024-03-06,738951.0,109261.44421743261,94270.92073334107,14990.523484091536
2024-03-07,738952.0,109484.94400864253,94270.92073334107,15214.023275301453
2024-03-08,738953.0,109468.77812409005,94270.92073334107,15197.857390748974
2024-03-09,738954.0,109332.60775586352,94270.92073334107,15061.687022522445
2024-03-10,738955.0,109698.39902945378,94270.92073334107,15427.478296112713
2024-03-11,738956.0,109933.65167073274,94270.92073334107,15662.730937391669
2024-03-12,738957.0,109806.067622925,94270.92073334107,15535.146889583924
2024-03-13,738958.0,110758.15724103956,94270.92073334107,16487.23650769848
2024-03-14,738959.0,110250.85964871106,94270.92073334107,15979.938915369992
2024-03-15,738960.0,109827.79753528227,98062.76518174875,11765.03235353352
2024-03-16,738961.0,108838.3716664843,98062.76518174875,10775.606484735543
2024-03-17,738962.0,108975.10176331742,98062.76518174875,10912.336581568667
2024-03-18,738963.0,108576.69981358972,98062.76518174875,10513.934631840959
2024-03-19,738964.0,107537.49322440146,102891.90497996281,4645.588244438647
2024-03-20,738965.0,107986.77111055852,102891.90497996281,5094.866130595703
2024-03-21,738966.0,107959.32032321695,102891.90497996281,5067.415343254132
2024-03-22,738967.0,107959.32032321695,102891.90497996281,5067.415343254132
2024-03-23,738968.0,107941.93482456729,102891.90497996281,5050.02984460447
2024-03-24,738969.0,108086.50897123289,102891.90497996281,5194.603991270081
2024-03-25,738970.0,108263.10903646368,102891.90497996281,5371.204056500858
2024-03-26,738971.0,108202.71730431222,102891.90497996281,5310.812324349401
2024-03-27,738972.0,108146.90070338435,102891.90497996281,5254.995723421538
2024-03-28,738973.0,108230.16809165379,102891.90497996281,5338.263111690972
2024-03-29,738974.0,108496.44072886703,102891.90497996281,5604.535748904218
2024-03-30,738975.0,108388.46763199018,102891.90497996281,5496.56265202737
2024-03-31,738976.0,108443.36920667332,102891.90497996281,5551.464226710513
2024-04-01,738977.0,108160.62609705514,102891.90497996281,5268.721117092324
2024-04-02,738978.0,107937.3596933437,102891.90497996281,5045.454713380875
2024-04-03,738979.0,108029.7773440603,102891.90497996281,5137.8723640974995
2024-04-04,738980.0,108249.38364279289,102891.90497996281,5357.478662830073
2024-04-05,738981.0,108178.92662194952,102891.90497996281,5287.021641986705
2024-04-06,738982.0,108248.46861654817,102891.90497996281,5356.563636585353
2024-04-07,738983.0,108234.74322287738,102891.90497996281,5342.838242914568
2024-04-08,738984.0,108257.61887899536,102891.90497996281,5365.713899032544
2024-04-09,738985.0,108203.63233055694,102891.90497996281,5311.72735059412
2024-04-10,738986.0,108470.81999401489,102891.90497996281,5578.915014052085
2024-04-11,738987.0,108424.15365553423,102891.90497996281,5532.248675571413
2024-04-12,738988.0,108341.8012935095,102891.90497996281,5449.8963135466975
2024-04-13,738989.0,107702.16607907429,107702.16607907429,0
2024-04-14,738990.0,107702.16607907429,107702.16607907429,0
2024-04-15,738991.0,107702.16607907429,107702.16607907429,0
2024-04-16,738992.0,107702.16607907429,107702.16607907429,0
2024-04-17,738993.0,107702.16607907429,107702.16607907429,0
2024-04-18,738994.0,107702.16607907429,107702.16607907429,0
2024-04-19,738995.0,107702.16607907429,107702.16607907429,0
2024-04-20,738996.0,107702.16607907429,107702.16607907429,0
2024-04-21,738997.0,107702.16607907429,107702.16607907429,0
2024-04-22,738998.0,107702.16607907429,107702.16607907429,0
2024-04-23,738999.0,107702.16607907429,107702.16607907429,0
2024-04-24,739000.0,107702.16607907429,107702.16607907429,0
2024-04-25,739001.0,107702.16607907429,107702.16607907429,0
2024-04-26,739002.0,107702.16607907429,107702.16607907429,0
2024-04-27,739003.0,107702.16607907429,107702.16607907429,0
2024-04-28,739004.0,107702.16607907429,107702.16607907429,0
2024-04-29,739005.0,107702.16607907429,107702.16607907429,0
2024-04-30,739006.0,107702.16607907429,107702.16607907429,0
2024-05-01,739007.0,107702.16607907429,107702.16607907429,0
2024-05-02,739008.0,107702.16607907429,107702.16607907429,0
2024-05-03,739009.0,107702.16607907429,107702.16607907429,0
2024-05-04,739010.0,107702.16607907429,107702.16607907429,0
2024-05-05,739011.0,107702.16607907429,107702.16607907429,0
2024-05-06,739012.0,107702.16607907429,107702.16607907429,0
2024-05-07,739013.0,107702.16607907429,107702.16607907429,0
2024-05-08,739014.0,107702.16607907429,107702.16607907429,0
2024-05-09,739015.0,107702.16607907429,107702.16607907429,0
2024-05-10,739016.0,107702.16607907429,107702.16607907429,0
2024-05-11,739017.0,107702.16607907429,107702.16607907429,0
2024-05-12,739018.0,107702.16607907429,107702.16607907429,0
2024-05-13,739019.0,107702.16607907429,107702.16607907429,0
2024-05-14,739020.0,107702.16607907429,107702.16607907429,0
2024-05-15,739021.0,107702.16607907429,107702.16607907429,0
2024-05-16,739022.0,107702.16607907429,107702.16607907429,0
2024-05-17,739023.0,107702.16607907429,107702.16607907429,0
2024-05-18,739024.0,107702.16607907429,107702.16607907429,0
2024-05-19,739025.0,107702.16607907429,107702.16607907429,0
2024-05-20,739026.0,107702.16607907429,107702.16607907429,0
2024-05-21,739027.0,107702.16607907429,107702.16607907429,0
2024-05-22,739028.0,107702.16607907429,107702.16607907429,0
2024-05-23,739029.0,107702.16607907429,107702.16607907429,0
2024-05-24,739030.0,107702.16607907429,107702.16607907429,0
2024-05-25,739031.0,107702.16607907429,107702.16607907429,0
2024-05-26,739032.0,107702.16607907429,107702.16607907429,0
2024-05-27,739033.0,107702.16607907429,107702.16607907429,0
2024-05-28,739034.0,107702.16607907429,107702.16607907429,0
2024-05-29,739035.0,107702.16607907429,107702.16607907429,0
2024-05-30,739036.0,107702.16607907429,107702.16607907429,0
2024-05-31,739037.0,107702.16607907429,107702.16607907429,0
2024-06-01,739038.0,107702.16607907429,107702.16607907429,0
2024-06-02,739039.0,107702.16607907429,107702.16607907429,0
2024-06-03,739040.0,107702.16607907429,107702.16607907429,0
2024-06-04,739041.0,107702.16607907429,107702.16607907429,0
2024-06-05,739042.0,107838.45405350965,100166.70843237771,7671.745621131936
2024-06-06,739043.0,107974.58691799453,100166.70843237771,7807.8784856168195
2024-06-07,739044.0,107675.97289267286,100166.70843237771,7509.264460295141
2024-06-08,739045.0,107661.70089881556,100166.70843237771,7494.992466437856
2024-06-09,739046.0,107555.20986772659,100166.70843237771,7388.501435348874
2024-06-10,739047.0,107163.65524867892,107163.65524867892,0
2024-06-11,739048.0,107163.65524867892,107163.65524867892,0
2024-06-12,739049.0,107163.65524867892,107163.65524867892,0
2024-06-13,739050.0,107163.65524867892,107163.65524867892,0
2024-06-14,739051.0,107163.65524867892,107163.65524867892,0
2024-06-15,739052.0,107163.65524867892,107163.65524867892,0
2024-06-16,739053.0,107163.65524867892,107163.65524867892,0
2024-06-17,739054.0,107163.65524867892,107163.65524867892,0
2024-06-18,739055.0,107163.65524867892,107163.65524867892,0
2024-06-19,739056.0,107163.65524867892,107163.65524867892,0
2024-06-20,739057.0,107163.65524867892,107163.65524867892,0
2024-06-21,739058.0,107163.65524867892,107163.65524867892,0
2024-06-22,739059.0,107163.65524867892,107163.65524867892,0
2024-06-23,739060.0,107163.65524867892,107163.65524867892,0
2024-06-24,739061.0,107163.65524867892,107163.65524867892,0
2024-06-25,739062.0,107163.65524867892,107163.65524867892,0
2024-06-26,739063.0,107163.65524867892,107163.65524867892,0
2024-06-27,739064.0,107163.65524867892,107163.65524867892,0
2024-06-28,739065.0,107163.65524867892,107163.65524867892,0
2024-06-29,739066.0,107163.65524867892,107163.65524867892,0
2024-06-30,739067.0,107163.65524867892,107163.65524867892,0
2024-07-01,739068.0,107163.65524867892,107163.65524867892,0
2024-07-02,739069.0,107163.65524867892,107163.65524867892,0
2024-07-03,739070.0,107163.65524867892,107163.65524867892,0
2024-07-04,739071.0,107163.65524867892,107163.65524867892,0
2024-07-05,739072.0,107163.65524867892,107163.65524867892,0
2024-07-06,739073.0,107163.65524867892,107163.65524867892,0
2024-07-07,739074.0,107163.65524867892,107163.65524867892,0
2024-07-08,739075.0,107163.65524867892,107163.65524867892,0
2024-07-09,739076.0,107163.65524867892,107163.65524867892,0
2024-07-10,739077.0,107163.65524867892,107163.65524867892,0
2024-07-11,739078.0,107163.65524867892,107163.65524867892,0
2024-07-12,739079.0,107163.65524867892,107163.65524867892,0
2024-07-13,739080.0,107163.65524867892,107163.65524867892,0
2024-07-14,739081.0,107163.65524867892,107163.65524867892,0
2024-07-15,739082.0,107163.65524867892,107163.65524867892,0
2024-07-16,739083.0,107163.65524867892,107163.65524867892,0
2024-07-17,739084.0,107163.65524867892,107163.65524867892,0
2024-07-18,739085.0,107163.65524867892,107163.65524867892,0
2024-07-19,739086.0,107163.65524867892,107163.65524867892,0
2024-07-20,739087.0,107163.65524867892,107163.65524867892,0
2024-07-21,739088.0,107163.65524867892,107163.65524867892,0
2024-07-22,739089.0,107163.65524867892,107163.65524867892,0
2024-07-23,739090.0,107163.65524867892,107163.65524867892,0
2024-07-24,739091.0,107163.65524867892,107163.65524867892,0
2024-07-25,739092.0,107163.65524867892,107163.65524867892,0
2024-07-26,739093.0,107163.65524867892,107163.65524867892,0
2024-07-27,739094.0,107163.65524867892,107163.65524867892,0
2024-07-28,739095.0,107163.65524867892,107163.65524867892,0
2024-07-29,739096.0,107163.65524867892,107163.65524867892,0
2024-07-30,739097.0,107163.65524867892,107163.65524867892,0
2024-07-31,739098.0,107163.65524867892,107163.65524867892,0
2024-08-01,739099.0,107163.65524867892,107163.65524867892,0
2024-08-02,739100.0,107163.65524867892,107163.65524867892,0
2024-08-03,739101.0,107163.65524867892,107163.65524867892,0
2024-08-04,739102.0,107163.65524867892,107163.65524867892,0
2024-08-05,739103.0,107163.65524867892,107163.65524867892,0
2024-08-06,739104.0,107163.65524867892,107163.65524867892,0
2024-08-07,739105.0,107163.65524867892,107163.65524867892,0
2024-08-08,739106.0,107163.65524867892,107163.65524867892,0
2024-08-09,739107.0,107163.65524867892,107163.65524867892,0
2024-08-10,739108.0,107163.65524867892,107163.65524867892,0
2024-08-11,739109.0,107163.65524867892,107163.65524867892,0
2024-08-12,739110.0,107163.65524867892,107163.65524867892,0
2024-08-13,739111.0,107163.65524867892,107163.65524867892,0
2024-08-14,739112.0,107163.65524867892,107163.65524867892,0
2024-08-15,739113.0,107163.65524867892,107163.65524867892,0
2024-08-16,739114.0,107163.65524867892,107163.65524867892,0
2024-08-17,739115.0,107163.65524867892,107163.65524867892,0
2024-08-18,739116.0,107163.65524867892,107163.65524867892,0
2024-08-19,739117.0,107163.65524867892,107163.65524867892,0
2024-08-20,739118.0,107163.65524867892,107163.65524867892,0
2024-08-21,739119.0,107163.65524867892,107163.65524867892,0
2024-08-22,739120.0,107163.65524867892,107163.65524867892,0
2024-08-23,739121.0,107163.65524867892,107163.65524867892,0
2024-08-24,739122.0,107163.65524867892,107163.65524867892,0
2024-08-25,739123.0,107163.65524867892,107163.65524867892,0
2024-08-26,739124.0,107163.65524867892,107163.65524867892,0
2024-08-27,739125.0,107163.65524867892,107163.65524867892,0
2024-08-28,739126.0,107163.65524867892,107163.65524867892,0
2024-08-29,739127.0,107163.65524867892,107163.65524867892,0
2024-08-30,739128.0,107163.65524867892,107163.65524867892,0
2024-08-31,739129.0,107163.65524867892,107163.65524867892,0
2024-09-01,739130.0,107163.65524867892,107163.65524867892,0
2024-09-02,739131.0,107163.65524867892,107163.65524867892,0
2024-09-03,739132.0,107163.65524867892,107163.65524867892,0
2024-09-04,739133.0,107163.65524867892,107163.65524867892,0
2024-09-05,739134.0,107163.65524867892,107163.65524867892,0
2024-09-06,739135.0,107163.65524867892,107163.65524867892,0
2024-09-07,739136.0,107163.65524867892,107163.65524867892,0
2024-09-08,739137.0,107163.65524867892,107163.65524867892,0
2024-09-09,739138.0,107163.65524867892,107163.65524867892,0
2024-09-10,739139.0,107163.65524867892,107163.65524867892,0
2024-09-11,739140.0,107163.65524867892,107163.65524867892,0
2024-09-12,739141.0,107163.65524867892,107163.65524867892,0
2024-09-13,739142.0,107163.65524867892,107163.65524867892,0
2024-09-14,739143.0,107163.65524867892,107163.65524867892,0
2024-09-15,739144.0,107163.65524867892,107163.65524867892,0
2024-09-16,739145.0,107163.65524867892,107163.65524867892,0
2024-09-17,739146.0,107163.65524867892,107163.65524867892,0
2024-09-18,739147.0,107163.65524867892,107163.65524867892,0
2024-09-19,739148.0,107163.65524867892,107163.65524867892,0
2024-09-20,739149.0,107163.65524867892,107163.65524867892,0
2024-09-21,739150.0,107163.65524867892,107163.65524867892,0
2024-09-22,739151.0,107163.65524867892,107163.65524867892,0
2024-09-23,739152.0,107163.65524867892,107163.65524867892,0
2024-09-24,739153.0,107172.78204615459,100219.95069838555,6952.831347769034
2024-09-25,739154.0,106853.75656457865,94534.78998619805,12318.966578380603
2024-09-26,739155.0,107256.116323781,94534.78998619805,12721.326337582947
2024-09-27,739156.0,107690.62620401912,83532.14554328767,24158.480660731446
2024-09-28,739157.0,107730.6376435353,84994.51420906861,22736.123434466695
2024-09-29,739158.0,107466.00099693898,84994.51420906861,22471.486787870363
2024-09-30,739159.0,105760.41412635829,78890.29609922906,26870.11802712923
2024-10-01,739160.0,104752.2575104455,104752.2575104455,0
2024-10-02,739161.0,104752.2575104455,104752.2575104455,0
2024-10-03,739162.0,104752.2575104455,104752.2575104455,0
2024-10-04,739163.0,104752.2575104455,104752.2575104455,0
2024-10-05,739164.0,104752.2575104455,104752.2575104455,0
2024-10-06,739165.0,104752.2575104455,104752.2575104455,0
2024-10-07,739166.0,104752.2575104455,104752.2575104455,0
2024-10-08,739167.0,104752.2575104455,104752.2575104455,0
2024-10-09,739168.0,104752.2575104455,104752.2575104455,0
2024-10-10,739169.0,104752.2575104455,104752.2575104455,0
2024-10-11,739170.0,104752.2575104455,104752.2575104455,0
2024-10-12,739171.0,104752.2575104455,104752.2575104455,0
2024-10-13,739172.0,104752.2575104455,104752.2575104455,0
2024-10-14,739173.0,104752.2575104455,104752.2575104455,0
2024-10-15,739174.0,104522.81432625493,99193.07386387355,5329.740462381374
2024-10-16,739175.0,104686.59828746146,99193.07386387355,5493.524423587906
2024-10-17,739176.0,104748.20509855749,99193.07386387355,5555.13123468394
2024-10-18,739177.0,104712.14257498908,99193.07386387355,5519.06871111553
2024-10-19,739178.0,104652.03836904172,99193.07386387355,5458.964505168179
2024-10-20,739179.0,104751.21030885486,99193.07386387355,5558.136444981308
2024-10-21,739180.0,104656.54618448779,99193.07386387355,5463.472320614231
2024-10-22,739181.0,104561.8820601207,99193.07386387355,5368.808196247152
2024-10-23,739182.0,104423.64238644179,99193.07386387355,5230.568522568245
2024-10-24,739183.0,104721.15820588118,99193.07386387355,5528.084342007633
2024-10-25,739184.0,103916.47509573898,98670.8805216839,5245.594574055082
2024-10-26,739185.0,103899.94643910346,98670.8805216839,5229.065917419561
2024-10-27,739186.0,103963.05585534817,98670.8805216839,5292.175333664279
2024-10-28,739187.0,104159.89712982575,98670.8805216839,5489.016608141855
2024-10-29,739188.0,104472.43900075198,98670.8805216839,5801.558479068081
2024-10-30,739189.0,104213.99091517836,98670.8805216839,5543.11039349447
2024-10-31,739190.0,104063.73040030999,98670.8805216839,5392.8498786260925
2024-11-01,739191.0,103923.9881214824,98670.8805216839,5253.107599798501
2024-11-02,739192.0,103985.59493257843,98670.8805216839,5314.714410894536
2024-11-03,739193.0,103706.30288070362,103706.30288070362,0
2024-11-04,739194.0,103706.30288070362,103706.30288070362,0
2024-11-05,739195.0,103706.30288070362,103706.30288070362,0
2024-11-06,739196.0,103706.30288070362,103706.30288070362,0
2024-11-07,739197.0,103706.30288070362,103706.30288070362,0
2024-11-08,739198.0,103706.30288070362,103706.30288070362,0
2024-11-09,739199.0,103706.30288070362,103706.30288070362,0
2024-11-10,739200.0,103798.68742951755,98340.94901601574,5457.738413501807
2024-11-11,739201.0,104121.6723291426,98340.94901601574,5780.723313126862
2024-11-12,739202.0,103979.11578568596,99807.89902672634,4171.216758959626
2024-11-13,739203.0,103906.28215931336,99807.89902672634,4098.383132587015
2024-11-14,739204.0,103741.24918599661,99807.89902672634,3933.350159270264
2024-11-15,739205.0,103781.35654486952,99807.89902672634,3973.457518143176
2024-11-16,739206.0,103836.47040832874,99807.89902672634,4028.571381602393
2024-11-17,739207.0,103763.34102393943,99807.89902672634,3955.4419972130863
2024-11-18,739208.0,103932.82322655084,99807.89902672634,4124.9241998244925
2024-11-19,739209.0,103803.76985891744,99807.89902672634,3995.870832191103
2024-11-20,739210.0,103755.58702028429,99807.89902672634,3947.687993557951
2024-11-21,739211.0,104123.14993981726,99807.89902672634,4315.250913090912
2024-11-22,739212.0,104087.10603891287,99807.89902672634,4279.207012186529
2024-11-23,739213.0,104172.14289823527,99807.89902672634,4364.243871508928
2024-11-24,739214.0,104130.08096464332,99807.89902672634,4322.181937916978
2024-11-25,739215.0,104198.60681120753,99807.89902672634,4390.70778448118
2024-11-26,739216.0,104083.1840304306,99807.89902672634,4275.285003704247
2024-11-27,739217.0,104505.6679277597,99807.89902672634,4697.768901033362
2024-11-28,739218.0,104409.8809074826,99807.89902672634,4601.981880756249
2024-11-29,739219.0,104427.13774480464,99807.89902672634,4619.23871807829
2024-11-30,739220.0,104577.45498998597,101402.47124900669,3174.983740979277
2024-12-01,739221.0,104580.89264113655,101402.47124900669,3178.421392129868
2024-12-02,739222.0,104525.8645046387,101402.47124900669,3123.3932556320115
2024-12-03,739223.0,104501.08084010913,101402.47124900669,3098.609591102443
2024-12-04,739224.0,104692.5005721329,101402.47124900669,3290.0293231262203
2024-12-05,739225.0,104647.40819045683,101402.47124900669,3244.9369414501457
2024-12-06,739226.0,104830.58098879765,101402.47124900669,3428.1097397909607
2024-12-07,739227.0,104828.30922432158,101402.47124900669,3425.8379753148843
2024-12-08,739228.0,104835.10737235752,101402.47124900669,3432.6361233508405
2024-12-09,739229.0,104584.65605474032,101402.47124900669,3182.184805733631
2024-12-10,739230.0,104512.85972460019,101402.47124900669,3110.3884755934932
2024-12-11,739231.0,104687.36552714737,101402.47124900669,3284.894278140675
2024-12-12,739232.0,104730.05755390532,101402.47124900669,3327.5863048986316
2024-12-13,739233.0,104751.65217547225,101402.47124900669,3349.180926465558
2024-12-14,739234.0,104720.35326187921,101402.47124900669,3317.8820128725256
2024-12-15,739235.0,104796.4788035681,101402.47124900669,3394.0075545614122
2024-12-16,739236.0,104819.75367357771,101402.47124900669,3417.282424571021
2024-12-17,739237.0,104739.83042750052,101402.47124900669,3337.3591784938267
2024-12-18,739238.0,104511.61668366044,101402.47124900669,3109.145434653754
2024-12-19,739239.0,104324.11315344203,104324.11315344203,0
2024-12-20,739240.0,104324.11315344203,104324.11315344203,0
2024-12-21,739241.0,104324.11315344203,104324.11315344203,0
2024-12-22,739242.0,104324.11315344203,104324.11315344203,0
2024-12-23,739243.0,104324.11315344203,104324.11315344203,0
2024-12-24,739244.0,104324.11315344203,104324.11315344203,0
2024-12-25,739245.0,104324.11315344203,104324.11315344203,0
2024-12-26,739246.0,104324.11315344203,104324.11315344203,0
2024-12-27,739247.0,104324.11315344203,104324.11315344203,0
2024-12-28,739248.0,104324.11315344203,104324.11315344203,0
2024-12-29,739249.0,104324.11315344203,104324.11315344203,0
2024-12-30,739250.0,104324.11315344203,104324.11315344203,0
2024-12-31,739251.0,104324.11315344203,104324.11315344203,0
2025-01-01,739252.0,104324.11315344203,104324.11315344203,0
2025-01-02,739253.0,104324.11315344203,104324.11315344203,0
2025-01-03,739254.0,104324.11315344203,104324.11315344203,0
2025-01-04,739255.0,104324.11315344203,104324.11315344203,0
2025-01-05,739256.0,104324.11315344203,104324.11315344203,0
2025-01-06,739257.0,104324.11315344203,104324.11315344203,0
2025-01-07,739258.0,104324.11315344203,104324.11315344203,0
2025-01-08,739259.0,104324.11315344203,104324.11315344203,0
2025-01-09,739260.0,104324.11315344203,104324.11315344203,0
2025-01-10,739261.0,104324.11315344203,104324.11315344203,0
2025-01-11,739262.0,104324.11315344203,104324.11315344203,0
2025-01-12,739263.0,104324.11315344203,104324.11315344203,0
2025-01-13,739264.0,104324.11315344203,104324.11315344203,0
2025-01-14,739265.0,104324.11315344203,104324.11315344203,0
2025-01-15,739266.0,104324.11315344203,104324.11315344203,0
2025-01-16,739267.0,104324.11315344203,104324.11315344203,0
2025-01-17,739268.0,104324.11315344203,104324.11315344203,0
2025-01-18,739269.0,104324.11315344203,104324.11315344203,0
2025-01-19,739270.0,104324.11315344203,104324.11315344203,0
2025-01-20,739271.0,104324.11315344203,104324.11315344203,0
2025-01-21,739272.0,104324.11315344203,104324.11315344203,0
2025-01-22,739273.0,104324.11315344203,104324.11315344203,0
2025-01-23,739274.0,104324.11315344203,104324.11315344203,0
2025-01-24,739275.0,104324.11315344203,104324.11315344203,0
2025-01-25,739276.0,104324.11315344203,104324.11315344203,0
2025-01-26,739277.0,104324.11315344203,104324.11315344203,0
2025-01-27,739278.0,104324.11315344203,104324.11315344203,0
2025-01-28,739279.0,104324.11315344203,104324.11315344203,0
2025-01-29,739280.0,104324.11315344203,104324.11315344203,0
2025-01-30,739281.0,104324.11315344203,104324.11315344203,0
2025-01-31,739282.0,104324.11315344203,104324.11315344203,0
2025-02-01,739283.0,104324.11315344203,104324.11315344203,0
2025-02-02,739284.0,104324.11315344203,104324.11315344203,0
2025-02-03,739285.0,104324.11315344203,104324.11315344203,0
2025-02-04,739286.0,104324.11315344203,104324.11315344203,0
2025-02-05,739287.0,104324.11315344203,104324.11315344203,0
2025-02-06,739288.0,104324.11315344203,104324.11315344203,0
2025-02-07,739289.0,104324.11315344203,104324.11315344203,0
2025-02-08,739290.0,104324.11315344203,104324.11315344203,0
2025-02-09,739291.0,104324.11315344203,104324.11315344203,0
2025-02-10,739292.0,104324.11315344203,104324.11315344203,0
2025-02-11,739293.0,104324.11315344203,104324.11315344203,0
2025-02-12,739294.0,104324.11315344203,104324.11315344203,0
2025-02-13,739295.0,104324.11315344203,104324.11315344203,0
2025-02-14,739296.0,104324.11315344203,104324.11315344203,0
2025-02-15,739297.0,104324.11315344203,104324.11315344203,0
2025-02-16,739298.0,104324.11315344203,104324.11315344203,0
2025-02-17,739299.0,104324.11315344203,104324.11315344203,0
2025-02-18,739300.0,104324.11315344203,104324.11315344203,0
2025-02-19,739301.0,104324.11315344203,104324.11315344203,0
2025-02-20,739302.0,104324.11315344203,104324.11315344203,0
2025-02-21,739303.0,104324.11315344203,104324.11315344203,0
2025-02-22,739304.0,104324.11315344203,104324.11315344203,0
2025-02-23,739305.0,104324.11315344203,104324.11315344203,0
2025-02-24,739306.0,104324.11315344203,104324.11315344203,0
2025-02-25,739307.0,104324.11315344203,104324.11315344203,0
2025-02-26,739308.0,104324.11315344203,104324.11315344203,0
2025-02-27,739309.0,104324.11315344203,104324.11315344203,0
2025-02-28,739310.0,104324.11315344203,104324.11315344203,0
2025-03-01,739311.0,104324.11315344203,104324.11315344203,0
2025-03-02,739312.0,104324.11315344203,104324.11315344203,0
2025-03-03,739313.0,104324.11315344203,104324.11315344203,0
2025-03-04,739314.0,104324.11315344203,104324.11315344203,0
2025-03-05,739315.0,104324.11315344203,104324.11315344203,0
2025-03-06,739316.0,104324.11315344203,104324.11315344203,0
2025-03-07,739317.0,104324.11315344203,104324.11315344203,0
2025-03-08,739318.0,104324.11315344203,104324.11315344203,0
2025-03-09,739319.0,104324.11315344203,104324.11315344203,0
2025-03-10,739320.0,104324.11315344203,104324.11315344203,0
2025-03-11,739321.0,104324.11315344203,104324.11315344203,0
2025-03-12,739322.0,104324.11315344203,104324.11315344203,0
2025-03-13,739323.0,104324.11315344203,104324.11315344203,0
2025-03-14,739324.0,104324.11315344203,104324.11315344203,0
2025-03-15,739325.0,104324.11315344203,104324.11315344203,0
2025-03-16,739326.0,104324.11315344203,104324.11315344203,0
2025-03-17,739327.0,104324.11315344203,104324.11315344203,0
2025-03-18,739328.0,104324.11315344203,104324.11315344203,0
2025-03-19,739329.0,104324.11315344203,104324.11315344203,0
2025-03-20,739330.0,104324.11315344203,104324.11315344203,0
2025-03-21,739331.0,104324.11315344203,104324.11315344203,0
2025-03-22,739332.0,104324.11315344203,104324.11315344203,0
2025-03-23,739333.0,104324.11315344203,104324.11315344203,0
2025-03-24,739334.0,104324.11315344203,104324.11315344203,0
2025-03-25,739335.0,104324.11315344203,104324.11315344203,0
2025-03-26,739336.0,104324.11315344203,104324.11315344203,0
2025-03-27,739337.0,104324.11315344203,104324.11315344203,0
2025-03-28,739338.0,104324.11315344203,104324.11315344203,0
2025-03-29,739339.0,104324.11315344203,104324.11315344203,0
2025-03-30,739340.0,104324.11315344203,104324.11315344203,0
2025-03-31,739341.0,104324.11315344203,104324.11315344203,0
2025-04-01,739342.0,104324.11315344203,104324.11315344203,0
2025-04-02,739343.0,104324.11315344203,104324.11315344203,0
2025-04-03,739344.0,104324.11315344203,104324.11315344203,0
2025-04-04,739345.0,104324.11315344203,104324.11315344203,0
2025-04-05,739346.0,104324.11315344203,104324.11315344203,0
2025-04-06,739347.0,104324.11315344203,104324.11315344203,0
2025-04-07,739348.0,104324.11315344203,104324.11315344203,0
2025-04-08,739349.0,104324.11315344203,104324.11315344203,0
2025-04-09,739350.0,104324.11315344203,104324.11315344203,0
2025-04-10,739351.0,104324.11315344203,104324.11315344203,0
2025-04-11,739352.0,104324.11315344203,104324.11315344203,0
2025-04-12,739353.0,104324.11315344203,104324.11315344203,0
2025-04-13,739354.0,104324.11315344203,104324.11315344203,0
2025-04-14,739355.0,104324.11315344203,104324.11315344203,0
2025-04-15,739356.0,104324.11315344203,104324.11315344203,0
2025-04-16,739357.0,104324.11315344203,104324.11315344203,0
2025-04-17,739358.0,104324.11315344203,104324.11315344203,0
2025-04-18,739359.0,104324.11315344203,104324.11315344203,0
2025-04-19,739360.0,104324.11315344203,104324.11315344203,0
2025-04-20,739361.0,104324.11315344203,104324.11315344203,0
2025-04-21,739362.0,104324.11315344203,104324.11315344203,0
2025-04-22,739363.0,104324.11315344203,104324.11315344203,0
2025-04-23,739364.0,104324.11315344203,104324.11315344203,0
2025-04-24,739365.0,104324.11315344203,104324.11315344203,0
2025-04-25,739366.0,104324.11315344203,104324.11315344203,0
2025-04-26,739367.0,104324.11315344203,104324.11315344203,0
2025-04-27,739368.0,104324.11315344203,104324.11315344203,0
2025-04-28,739369.0,104324.11315344203,104324.11315344203,0
2025-04-29,739370.0,104324.11315344203,104324.11315344203,0
2025-04-30,739371.0,104324.11315344203,104324.11315344203,0
2025-05-01,739372.0,104324.11315344203,104324.11315344203,0
2025-05-02,739373.0,104324.11315344203,104324.11315344203,0
2025-05-03,739374.0,104324.11315344203,104324.11315344203,0
2025-05-04,739375.0,104324.11315344203,104324.11315344203,0
2025-05-05,739376.0,104324.11315344203,104324.11315344203,0
2025-05-06,739377.0,104324.11315344203,104324.11315344203,0
2025-05-07,739378.0,104324.11315344203,104324.11315344203,0
2025-05-08,739379.0,104324.11315344203,104324.11315344203,0
2025-05-09,739380.0,104600.98713858168,98735.21634675255,5865.770791829126
2025-05-10,739381.0,104774.46837915493,98735.21634675255,6039.25203240238
2025-05-11,739382.0,104668.42433304575,100258.65681031358,4409.767522732172
2025-05-12,739383.0,104694.65021530463,100258.65681031358,4435.993404991045
2025-05-13,739384.0,104937.30328125322,100258.65681031358,4678.646470939643
2025-05-14,739385.0,104756.26830760216,100258.65681031358,4497.61149728859
2025-05-15,739386.0,104565.81238595521,100258.65681031358,4307.155575641633
2025-05-16,739387.0,104520.99922792063,100258.65681031358,4262.342417607055
2025-05-17,739388.0,104483.82467636923,100258.65681031358,4225.167866055643
2025-05-18,739389.0,104671.22515542292,100258.65681031358,4412.568345109335
2025-05-19,739390.0,104358.83844954729,104358.83844954729,0
2025-05-20,739391.0,104358.83844954729,104358.83844954729,0
2025-05-21,739392.0,104358.83844954729,104358.83844954729,0
2025-05-22,739393.0,104358.83844954729,104358.83844954729,0
2025-05-23,739394.0,104358.83844954729,104358.83844954729,0
2025-05-24,739395.0,104358.83844954729,104358.83844954729,0
2025-05-25,739396.0,104358.83844954729,104358.83844954729,0
2025-05-26,739397.0,104358.83844954729,104358.83844954729,0
2025-05-27,739398.0,104358.83844954729,104358.83844954729,0
2025-05-28,739399.0,104358.83844954729,104358.83844954729,0
2025-05-29,739400.0,104358.83844954729,104358.83844954729,0
2025-05-30,739401.0,104358.83844954729,104358.83844954729,0
2025-05-31,739402.0,104358.83844954729,104358.83844954729,0
2025-06-01,739403.0,104358.83844954729,104358.83844954729,0
2025-06-02,739404.0,104358.83844954729,104358.83844954729,0
2025-06-03,739405.0,104358.83844954729,104358.83844954729,0
2025-06-04,739406.0,104358.83844954729,104358.83844954729,0
2025-06-05,739407.0,104358.83844954729,104358.83844954729,0
2025-06-06,739408.0,104358.83844954729,104358.83844954729,0
2025-06-07,739409.0,104358.83844954729,104358.83844954729,0
2025-06-08,739410.0,104358.83844954729,104358.83844954729,0
2025-06-09,739411.0,104358.83844954729,104358.83844954729,0
2025-06-10,739412.0,104358.83844954729,104358.83844954729,0
2025-06-11,739413.0,104271.4383414026,99184.21249202696,5087.225849375645
2025-06-12,739414.0,104034.7352534734,99184.21249202696,4850.522761446433
2025-06-13,739415.0,103837.04425729955,103837.04425729955,0
2025-06-14,739416.0,103837.04425729955,103837.04425729955,0
2025-06-15,739417.0,103837.04425729955,103837.04425729955,0
2025-06-16,739418.0,103837.04425729955,103837.04425729955,0
2025-06-17,739419.0,103837.04425729955,103837.04425729955,0
2025-06-18,739420.0,103837.04425729955,103837.04425729955,0
2025-06-19,739421.0,103837.04425729955,103837.04425729955,0
2025-06-20,739422.0,103837.04425729955,103837.04425729955,0
2025-06-21,739423.0,103837.04425729955,103837.04425729955,0
2025-06-22,739424.0,103837.04425729955,103837.04425729955,0
2025-06-23,739425.0,103837.04425729955,103837.04425729955,0
2025-06-24,739426.0,103837.04425729955,103837.04425729955,0
2025-06-25,739427.0,103837.04425729955,103837.04425729955,0
2025-06-26,739428.0,103837.04425729955,103837.04425729955,0
2025-06-27,739429.0,103837.04425729955,103837.04425729955,0
2025-06-28,739430.0,103837.04425729955,103837.04425729955,0
2025-06-29,739431.0,103837.04425729955,103837.04425729955,0
2025-06-30,739432.0,103837.04425729955,103837.04425729955,0
2025-07-01,739433.0,103837.04425729955,103837.04425729955,0
2025-07-02,739434.0,103837.04425729955,103837.04425729955,0
2025-07-03,739435.0,103837.04425729955,103837.04425729955,0
2025-07-04,739436.0,103837.04425729955,103837.04425729955,0
2025-07-05,739437.0,103837.04425729955,103837.04425729955,0
2025-07-06,739438.0,103837.04425729955,103837.04425729955,0
2025-07-07,739439.0,103837.04425729955,103837.04425729955,0
2025-07-08,739440.0,103837.04425729955,103837.04425729955,0
2025-07-09,739441.0,103837.04425729955,103837.04425729955,0
2025-07-10,739442.0,104588.78270657535,91621.21780807278,12967.564898502573
2025-07-11,739443.0,105069.36531163698,96790.12926140754,8279.236050229447
2025-07-12,739444.0,104740.85199598002,90278.21040367054,14462.641592309481
2025-07-13,739445.0,104935.90419623331,90278.21040367054,14657.693792562764
2025-07-14,739446.0,105126.40452063657,90278.21040367054,14848.194116966028
2025-07-15,739447.0,105074.85766935212,96264.85026136515,8810.007407986966
2025-07-16,739448.0,105539.6358498949,97961.1446933486,7578.491156546292
2025-07-17,739449.0,106309.14105916365,92439.43015581666,13869.710903346986
2025-07-18,739450.0,106465.95115962463,88467.44445487118,17998.506704753454
2025-07-19,739451.0,107009.50214694004,79502.78943491238,27506.712712027656
2025-07-20,739452.0,107850.34842816682,81129.41815418229,26720.930273984537
2025-07-21,739453.0,108234.2970258474,79502.69455352887,28731.602472318526
2025-07-22,739454.0,108793.35620674823,79502.69455352887,29290.66165321936
2025-07-23,739455.0,107356.08491174584,79502.69455352887,27853.390358216973
2025-07-24,739456.0,107003.37652932182,84464.06849646274,22539.308032859077
2025-07-25,739457.0,107287.04271998904,84464.06849646274,22822.974223526293
2025-07-26,739458.0,107366.6907619927,84464.06849646274,22902.622265529946
2025-07-27,739459.0,108089.7565848757,86962.59927562666,21127.157309249036
2025-07-28,739460.0,107450.25018450363,86962.59927562666,20487.650908876964
2025-07-29,739461.0,107282.19204349213,86962.59927562666,20319.592767865477
2025-07-30,739462.0,106972.17381524936,91020.05687276793,15952.116942481432
2025-07-31,739463.0,106574.43215235813,91020.05687276793,15554.3752795902
2025-08-01,739464.0,106035.07674458098,93793.11429880331,12241.96244577766
2025-08-02,739465.0,105691.56063155996,101173.83646551239,4517.724166047563
2025-08-03,739466.0,105782.29301310288,101173.83646551239,4608.456547590492
2025-08-04,739467.0,105889.15968561659,101173.83646551239,4715.323220104205
2025-08-05,739468.0,105806.34108177417,101173.83646551239,4632.5046162617755
2025-08-06,739469.0,105894.80362010066,101173.83646551239,4720.967154588281
2025-08-07,739470.0,106012.09930198714,101173.83646551239,4838.262836474745
2025-08-08,739471.0,106041.72995802853,101173.83646551239,4867.8934925161475
2025-08-09,739472.0,106402.70537585394,95841.78128501117,10560.92409084277
2025-08-10,739473.0,106440.82394613855,95841.78128501117,10599.042661127394
2025-08-11,739474.0,106391.42190089499,95841.78128501117,10549.640615883825
2025-08-12,739475.0,106984.31423079391,97303.39173840855,9680.922492385362
2025-08-13,739476.0,107237.85483311783,97303.39173840855,9934.463094709285
2025-08-14,739477.0,106989.5627658182,97303.39173840855,9686.171027409662
2025-08-15,739478.0,106805.22140180311,97303.39173840855,9501.829663394565
2025-08-16,739479.0,106854.67281664861,97303.39173840855,9551.281078240067
2025-08-17,739480.0,107007.09684965362,97303.39173840855,9703.705111245075
2025-08-18,739481.0,106796.8614540583,97303.39173840855,9493.46971564974
2025-08-19,739482.0,106419.95569863009,97303.39173840855,9116.563960221534
2025-08-20,739483.0,106955.27959964256,97303.39173840855,9651.887861234
2025-08-21,739484.0,106663.47746795061,97303.39173840855,9360.085729542056
2025-08-22,739485.0,107627.8841732998,98895.59703842307,8732.287134876728
2025-08-23,739486.0,107470.82731426402,98895.59703842307,8575.230275840953
2025-08-24,739487.0,107448.00305052112,98895.59703842307,8552.406012098045
2025-08-25,739488.0,106951.51137183356,98895.59703842307,8055.914333410482
2025-08-26,739489.0,107250.16915363075,98895.59703842307,8354.572115207675
2025-08-27,739490.0,107135.5139622933,98895.59703842307,8239.916923870234
2025-08-28,739491.0,107250.70701095839,98895.59703842307,8355.109972535312
2025-08-29,739492.0,107081.85885397575,98895.59703842307,8186.261815552666
2025-08-30,739493.0,107088.9992575004,98895.59703842307,8193.402219077332
2025-08-31,739494.0,107074.35632588633,98895.59703842307,8178.759287463248
2025-09-01,739495.0,106949.55648031428,98895.59703842307,8053.9594418912
2025-09-02,739496.0,106995.07205335505,98895.59703842307,8099.475014931966
2025-09-03,739497.0,107095.57266804368,98895.59703842307,8199.975629620603
2025-09-04,739498.0,106925.72108769337,98895.59703842307,8030.124049270298
2025-09-05,739499.0,106972.23424880118,98895.59703842307,8076.637210378098
2025-09-06,739500.0,107015.14619207084,98895.59703842307,8119.54915364776
2025-09-07,739501.0,107154.88649702125,98895.59703842307,8259.289458598167
2025-09-08,739502.0,107142.92068266112,98895.59703842307,8247.323644238051
2025-09-09,739503.0,107157.23172883755,98895.59703842307,8261.63469041447
2025-09-10,739504.0,107267.70434053407,98895.59703842307,8372.107302110991
2025-09-11,739505.0,107395.65338919782,98895.59703842307,8500.056350774741
2025-09-12,739506.0,107699.08511707705,98895.59703842307,8803.488078653969
2025-09-13,739507.0,107723.25109708725,98895.59703842307,8827.654058664173
2025-09-14,739508.0,107391.60131216279,92755.89091548498,14635.710396677816
2025-09-15,739509.0,107004.32495037552,98357.40676629204,8646.91818408348
2025-09-16,739510.0,107210.07784617518,98357.40676629204,8852.671079883132
2025-09-17,739511.0,107479.96119430999,98357.40676629204,9122.55442801795
2025-09-18,739512.0,107423.21044361647,98357.40676629204,9065.803677324428
2025-09-19,739513.0,107362.88903079445,98357.40676629204,9005.482264502405
2025-09-20,739514.0,107736.80547460345,98357.40676629204,9379.398708311406
2025-09-21,739515.0,107737.9802875162,98357.40676629204,9380.573521224162
2025-09-22,739516.0,107330.6571438929,101239.50219906708,6091.154944825814
2025-09-23,739517.0,107472.24628290648,101239.50219906708,6232.74408383939
2025-09-24,739518.0,107487.64440850976,101239.50219906708,6248.142209442686
2025-09-25,739519.0,107042.32570829333,101239.50219906708,5802.823509226244
2025-09-26,739520.0,107133.73290808978,101239.50219906708,5894.230709022703
2025-09-27,739521.0,107180.66345026717,101239.50219906708,5941.16125120008
2025-09-28,739522.0,107331.33196214642,101239.50219906708,6091.829763079345
2025-09-29,739523.0,107556.96664728157,101239.50219906708,6317.464448214498
2025-09-30,739524.0,107426.41998878033,101239.50219906708,6186.917789713246
2025-10-01,739525.0,107536.7834467896,101239.50219906708,6297.281247722528
2025-10-02,739526.0,107927.68725692587,101239.50219906708,6688.185057858796
2025-10-03,739527.0,108536.12793315493,101239.50219906708,7296.625734087847
2025-10-04,739528.0,108299.02133770975,101239.50219906708,7059.519138642669
2025-10-05,739529.0,108401.04158822083,101239.50219906708,7161.539389153751
2025-10-06,739530.0,108743.41983121683,101239.50219906708,7503.917632149751
2025-10-07,739531.0,109241.80378500638,101239.50219906708,8002.301585939305
2025-10-08,739532.0,109260.02387785172,101239.50219906708,8020.52167878464
2025-10-09,739533.0,108940.71214970369,101239.50219906708,7701.209950636605
2025-10-10,739534.0,106285.07954159802,106285.07954159802,0
2025-10-11,739535.0,106285.07954159802,106285.07954159802,0
2025-10-12,739536.0,106285.07954159802,106285.07954159802,0
2025-10-13,739537.0,106285.07954159802,106285.07954159802,0
2025-10-14,739538.0,106285.07954159802,106285.07954159802,0
2025-10-15,739539.0,106285.07954159802,106285.07954159802,0
2025-10-16,739540.0,106285.07954159802,106285.07954159802,0
2025-10-17,739541.0,106285.07954159802,106285.07954159802,0
2025-10-18,739542.0,106285.07954159802,106285.07954159802,0
2025-10-19,739543.0,106285.07954159802,106285.07954159802,0
2025-10-20,739544.0,106285.07954159802,106285.07954159802,0
2025-10-21,739545.0,106285.07954159802,106285.07954159802,0
2025-10-22,739546.0,106285.07954159802,106285.07954159802,0
2025-10-23,739547.0,106285.07954159802,106285.07954159802,0
2025-10-24,739548.0,106285.07954159802,106285.07954159802,0
2025-10-25,739549.0,106285.07954159802,106285.07954159802,0
2025-10-26,739550.0,106285.07954159802,106285.07954159802,0
2025-10-27,739551.0,106285.07954159802,106285.07954159802,0
2025-10-28,739552.0,106285.07954159802,106285.07954159802,0
2025-10-29,739553.0,106285.07954159802,106285.07954159802,0
2025-10-30,739554.0,106285.07954159802,106285.07954159802,0
2025-10-31,739555.0,106285.07954159802,106285.07954159802,0
2025-11-01,739556.0,106285.07954159802,106285.07954159802,0
2025-11-02,739557.0,106285.07954159802,106285.07954159802,0
2025-11-03,739558.0,106285.07954159802,106285.07954159802,0
2025-11-04,739559.0,106285.07954159802,106285.07954159802,0
2025-11-05,739560.0,106285.07954159802,106285.07954159802,0
2025-11-06,739561.0,106285.07954159802,106285.07954159802,0
2025-11-07,739562.0,106285.07954159802,106285.07954159802,0
2025-11-08,739563.0,106285.07954159802,106285.07954159802,0
2025-11-09,739564.0,106285.07954159802,106285.07954159802,0
2025-11-10,739565.0,106285.07954159802,106285.07954159802,0
2025-11-11,739566.0,106285.07954159802,106285.07954159802,0
2025-11-12,739567.0,106285.07954159802,106285.07954159802,0
2025-11-13,739568.0,106285.07954159802,106285.07954159802,0
2025-11-14,739569.0,106285.07954159802,106285.07954159802,0
2025-11-15,739570.0,106285.07954159802,106285.07954159802,0
2025-11-16,739571.0,106285.07954159802,106285.07954159802,0
2025-11-17,739572.0,106285.07954159802,106285.07954159802,0
2025-11-18,739573.0,106285.07954159802,106285.07954159802,0
2025-11-19,739574.0,106285.07954159802,106285.07954159802,0
2025-11-20,739575.0,106285.07954159802,106285.07954159802,0
2025-11-21,739576.0,106285.07954159802,106285.07954159802,0
2025-11-22,739577.0,106285.07954159802,106285.07954159802,0
2025-11-23,739578.0,106285.07954159802,106285.07954159802,0
2025-11-24,739579.0,106285.07954159802,106285.07954159802,0
2025-11-25,739580.0,106285.07954159802,106285.07954159802,0
2025-11-26,739581.0,106285.07954159802,106285.07954159802,0
2025-11-27,739582.0,106285.07954159802,106285.07954159802,0
2025-11-28,739583.0,106285.07954159802,106285.07954159802,0
2025-11-29,739584.0,106285.07954159802,106285.07954159802,0
2025-11-30,739585.0,106285.07954159802,106285.07954159802,0
2025-12-01,739586.0,106285.07954159802,106285.07954159802,0
2025-12-02,739587.0,106285.07954159802,106285.07954159802,0
2025-12-03,739588.0,106285.07954159802,106285.07954159802,0
2025-12-04,739589.0,106285.07954159802,106285.07954159802,0
2025-12-05,739590.0,106285.07954159802,106285.07954159802,0
2025-12-06,739591.0,106285.07954159802,106285.07954159802,0
2025-12-07,739592.0,106285.07954159802,106285.07954159802,0
2025-12-08,739593.0,106285.07954159802,106285.07954159802,0
2025-12-09,739594.0,106285.07954159802,106285.07954159802,0
2025-12-10,739595.0,106285.07954159802,106285.07954159802,0
2025-12-11,739596.0,106285.07954159802,106285.07954159802,0
2025-12-12,739597.0,106285.07954159802,106285.07954159802,0
2025-12-13,739598.0,106285.07954159802,106285.07954159802,0
2025-12-14,739599.0,106285.07954159802,106285.07954159802,0
2025-12-15,739600.0,106285.07954159802,106285.07954159802,0
2025-12-16,739601.0,106285.07954159802,106285.07954159802,0
2025-12-17,739602.0,106285.07954159802,106285.07954159802,0
2025-12-18,739603.0,106285.07954159802,106285.07954159802,0
2025-12-19,739604.0,106285.07954159802,106285.07954159802,0
2025-12-20,739605.0,106285.07954159802,106285.07954159802,0
2025-12-21,739606.0,106285.07954159802,106285.07954159802,0
2025-12-22,739607.0,106285.07954159802,106285.07954159802,0
2025-12-23,739608.0,106285.07954159802,106285.07954159802,0
2025-12-24,739609.0,106285.07954159802,106285.07954159802,0
2025-12-25,739610.0,106285.07954159802,106285.07954159802,0
2025-12-26,739611.0,106285.07954159802,106285.07954159802,0
2025-12-27,739612.0,106285.07954159802,106285.07954159802,0
2025-12-28,739613.0,106285.07954159802,106285.07954159802,0
2025-12-29,739614.0,106285.07954159802,106285.07954159802,0
2025-12-30,739615.0,106285.07954159802,106285.07954159802,0
2025-12-31,739616.0,106285.07954159802,106285.07954159802,0
2026-01-01,739617.0,106285.07954159802,106285.07954159802,0.0
