timestamp,symbol,open,high,low,close,volume
2021-01-01,BTC,20061.37178150198,20214.709332214985,19832.702237524332,19981.054733166373,1535882.0043066891
2021-01-02,BTC,20012.02254109527,20158.971113588468,19762.481809545978,19940.660402676054,1433645.683662386
2021-01-03,BTC,19962.833618671044,20219.112920498395,19697.801952144717,20198.987151607562,1123801.9611496455
2021-01-04,BTC,20366.890950043882,20859.741813020846,20226.699380558948,20522.137704680023,1396680.4746507802
2021-01-05,BTC,20516.484463544984,20955.513151377087,20397.718099711823,20704.45405973568,1144255.0833574377
2021-01-06,BTC,20776.409255446273,21355.514371409878,20649.43289830771,21133.00205288996,1581600.1636624662
2021-01-07,BTC,21039.232907171583,21185.155134053013,20560.29221767095,20735.881450149544,1059601.1699662327
2021-01-08,BTC,20916.6517982684,21242.026441511614,20688.492177984357,21150.668580106092,1585561.8635076387
2021-01-09,BTC,21181.72944698548,21426.571469161674,20735.515817284,20767.732475152916,1244096.510722153
2021-01-10,BTC,20699.177724133813,21027.593097970377,20078.158516391515,20144.395738951815,1287937.7648901867
2021-01-11,BTC,20136.868193851155,20395.967609283798,19872.28526340648,20391.64335622981,1151984.534660505
2021-01-12,BTC,20394.041132279155,20475.28875610969,20217.891036034507,20250.176288431252,1573025.940277384
2021-01-13,BTC,20175.84693262247,20610.576090918672,20121.855132911645,20481.872334986583,1579895.2042824924
2021-01-14,BTC,20545.79431381553,20862.10596558717,19452.050005893958,19590.538982937982,1664152.2054746745
2021-01-15,BTC,19658.537385284955,20403.907993020326,19587.940153997042,20355.062769982036,3279464.6158974865
2021-01-16,BTC,20472.809459515327,20644.227833599143,20181.875175837107,20346.033321068382,1461695.2862997658
2021-01-17,BTC,20399.058682282048,20882.867459471374,20152.329150122423,20502.262950991535,1129340.2220186843
2021-01-18,BTC,20624.751748910432,20845.42778282914,20450.698195077046,20605.622229198758,1449187.4009493308
2021-01-19,BTC,20527.278001870232,20815.764704084355,19482.121691606633,19483.2141400231,1278421.064513897
2021-01-20,BTC,19539.13588665802,19935.201365448676,19096.40359840321,19108.534186954435,1150920.905791109
2021-01-21,BTC,19183.03809324907,19489.22669451923,18900.504530677907,19301.569838486255,1589123.5037322557
2021-01-22,BTC,19312.02576780761,19388.707482305654,19048.415320420256,19266.908612405765,1566341.223706392
2021-01-23,BTC,19215.486071219104,19888.3290653317,19055.492957541912,19874.018959290006,1676200.0824495014
2021-01-24,BTC,19959.08845251391,21152.504154560833,19938.988472329624,20916.39253892298,3236171.618153819
2021-01-25,BTC,20995.64742071968,21326.793749721153,20251.170918398107,20524.03824808993,1062247.8216186874
2021-01-26,BTC,20558.64385061967,21064.765422798657,20293.77031520272,20817.784656662905,1052575.603890267
2021-01-27,BTC,20817.889512905633,21335.24887639135,20571.626565438415,21049.317176126355,1025500.8866661456
2021-01-28,BTC,20925.567538019237,21613.009191595287,20673.125515219563,21362.58234541192,1347389.5460537015
2021-01-29,BTC,21412.03578256985,21840.786268815325,21073.663656951707,21154.54589210174,1465989.4591599337
2021-01-30,BTC,21159.999983088463,21443.57526475046,20611.352330207133,20856.26104451245,1264756.8917171801
2021-01-31,BTC,20790.932810574446,21345.83308661791,20566.89669787592,20854.086974651156,1528257.3950421247
2021-02-01,BTC,20978.80581932533,21633.37443571897,20768.258398775586,21287.50539779167,1978501.2427189727
2021-02-02,BTC,21138.250744717585,21763.503181055345,20847.22930962802,21577.93726090767,1167042.0345343363
2021-02-03,BTC,21419.77524617277,21633.421336255728,21313.22870631919,21411.772143182316,1223041.673103185
2021-02-04,BTC,21067.107330370818,21875.474600213533,21029.98112760838,21540.89971430828,1818332.943325373
2021-02-05,BTC,21448.40124861003,21521.540099547172,21135.951481361724,21316.751730873093,1028980.1507413654
2021-02-06,BTC,21334.833946289255,21832.63970679002,20979.261623643968,21649.289455969432,1956515.0763413378
2021-02-07,BTC,21748.727546851598,22268.53000387685,20258.100237920426,20422.81000937019,1364635.885361866
2021-02-08,BTC,20509.199184142235,20721.12756463325,20213.419069822965,20462.928188866998,1624066.397437818
2021-02-09,BTC,20325.033772874212,21004.056656637957,20123.092163893296,20996.85263085522,1799643.7448496602
2021-02-10,BTC,21090.90484181214,22019.403921181027,20999.975380446693,21633.495921896647,1750140.4598304585
2021-02-11,BTC,21644.69585787424,21867.923275600555,21077.98927183378,21176.235337121278,1800823.5688966908
2021-02-12,BTC,21153.640124566533,21604.05027101076,20814.480455690766,21543.04415903822,1724798.665634215
2021-02-13,BTC,21602.089632317107,21960.105036120538,21213.101709704228,21597.971668203267,1806501.9820321961
2021-02-14,BTC,21790.715472471555,22659.349235622376,21614.27872663273,22264.960722793112,1350407.5121575028
2021-02-15,BTC,22243.653499380263,22797.378476711023,21588.868072087807,21811.08935879506,1649674.6696738307
2021-02-16,BTC,21760.418986684395,21806.62808707516,20092.45448369669,20359.03397776873,1826155.251815221
2021-02-17,BTC,20449.31118815972,20609.080488859272,20141.004254956126,20397.49757011036,1586437.1681659617
2021-02-18,BTC,20524.818925375548,20893.216531125552,19996.441034662927,20343.283126662594,1353784.023953259
2021-02-19,BTC,20385.255583982034,20674.09872547043,19463.334010291106,19581.697422670077,1917721.084342664
2021-02-20,BTC,19580.197772923042,19733.838026358993,18660.96532366261,18827.722696315846,1440124.9123849433
2021-02-21,BTC,18836.878169818632,19027.547109012023,18593.683365277637,18707.240297936754,1473492.9324619563
2021-02-22,BTC,18565.84822970984,18671.072535585045,18063.23413339842,18326.549514780563,1555441.874880247
2021-02-23,BTC,18275.670257461265,18363.143514171865,18035.890999745174,18174.05335214409,1276917.0704647817
2021-02-24,BTC,18045.499317615115,18052.422549495353,17867.39844889259,17971.728634561936,1912488.036329812
2021-02-25,BTC,18023.561004698862,18056.283320400336,17139.042383860844,17291.048311861887,1692731.0025482292
2021-02-26,BTC,17328.82710488984,17418.253877056333,16492.756281754988,16670.10799451583,1699217.8821802856
2021-02-27,BTC,16502.87796269051,17208.864015218467,16248.881911858953,17063.19188663176,1943267.0340134837
2021-02-28,BTC,17016.242629109474,17249.02316281358,16773.95573396447,16990.37547890694,1072546.0996564883
2021-03-01,BTC,17030.033401834564,17096.613188686242,16865.052340257327,16887.749707892264,1897026.432878767
2021-03-02,BTC,17020.429173623874,17372.28769848963,16907.201401764465,17247.782656190684,1882832.8336570754
2021-03-03,BTC,17233.02501343117,17628.647311972694,17103.461645505107,17371.889544529884,1487260.7749908802
2021-03-04,BTC,17359.359821266116,18239.324803215757,17124.784906034958,18016.51134538228,2728089.104047846
2021-03-05,BTC,18076.966956917582,18167.209075998493,17459.405768051758,17748.200639131384,1019482.9280523931
2021-03-06,BTC,17709.97365828328,17964.112395374785,16928.67172696491,17091.18697143447,1623927.073891864
2021-03-07,BTC,17088.30951215417,17422.00150699042,16631.039255520678,16768.12444811771,1971695.9586470742
2021-03-08,BTC,16816.486418738226,17236.78255374083,16629.170868745525,16913.654263416596,1270446.097521309
2021-03-09,BTC,16990.941325121214,17444.323169018415,16921.00344880528,17128.832377018247,1258609.0147938416
2021-03-10,BTC,17314.783618648748,17726.400884560775,17216.637731884344,17716.026510033196,1089462.2078468078
2021-03-11,BTC,17773.41464124435,18355.3140257403,17597.8719368023,18229.076853809343,1938349.7090401626
2021-03-12,BTC,18081.967330569438,18429.48051906544,17116.3509319969,17358.427111799592,1066622.5348744614
2021-03-13,BTC,17271.459425999852,17489.666758321935,17023.167743414517,17403.44775241563,1926669.284071227
2021-03-14,BTC,17458.034168491336,17538.946781470317,17107.30385217545,17251.8550564949,1109451.465079284
2021-03-15,BTC,17280.11775708314,17462.39768707809,16947.962760829916,17173.398778446834,1305005.3978792268
2021-03-16,BTC,17088.277563205986,17177.89585573613,16777.57744194982,16929.9172008137,1347001.0221278588
2021-03-17,BTC,16938.70045990512,17398.472411283892,16772.999890894847,17078.983876051752,1551049.1280112534
2021-03-18,BTC,17186.959649336342,17386.463429723794,17046.554561927995,17184.958266858313,1818920.1403417138
2021-03-19,BTC,17234.779779656266,17442.282907426114,16513.561602938982,16591.422693205957,1506685.9521551656
2021-03-20,BTC,16329.758227865064,16374.875126870926,15445.71059938845,15711.078311528889,1706725.4016462278
2021-03-21,BTC,15638.670431307371,15761.365954025747,15049.889242750132,15207.557791208375,1129818.5811508826
2021-03-22,BTC,15272.022860879903,15811.123195212309,15089.013101523646,15672.047556010924,1084484.8727079306
2021-03-23,BTC,15512.325250725196,15872.849214825013,15428.134792827039,15767.802380622361,1242212.9339924864
2021-03-24,BTC,15868.924124244404,16068.524273592486,15365.723285115851,15576.650879006853,1263243.066997389
2021-03-25,BTC,15517.03121476872,16433.22175239179,15394.310134279127,16356.303938436236,3538200.1861058134
2021-03-26,BTC,16442.090208014724,16686.792906496423,15972.983090306936,16118.58102285246,1474643.6273971861
2021-03-27,BTC,16117.455972611415,16252.88288352787,15527.358106722746,15668.139159614573,1264168.685801657
2021-03-28,BTC,15718.88913130536,16041.319852588353,15573.079962906577,15878.78051610673,1304244.5602243384
2021-03-29,BTC,16004.500501784678,16017.796496706354,15763.726668630512,15882.534822390619,1657543.6733126726
2021-03-30,BTC,15691.102033960917,15768.030642283902,15162.287772970873,15343.994032620882,1984729.0850742962
2021-03-31,BTC,15463.238562569974,15779.128402481096,15342.191426896132,15655.703263489664,1835289.5432338938
2021-04-01,BTC,15572.822555657342,15947.913249363715,15571.302897505546,15823.092258099687,1139307.6100192044
2021-04-02,BTC,15806.36339407793,16035.811360494665,15146.568170866083,15165.073371456123,1826409.1215019801
2021-04-03,BTC,15068.160513571194,15146.886383371037,14182.161448395258,14210.378981705158,1229940.7205364981
2021-04-04,BTC,14219.243980697014,14347.382870228355,14065.57380392038,14244.966546208876,1835821.199799971
2021-04-05,BTC,14201.768605998688,14239.248432255308,13526.413336583295,13575.514811258592,1489294.3148597544
2021-04-06,BTC,13578.546981838897,14157.067456580715,13536.61580216455,14031.865670107007,1535199.814229771
2021-04-07,BTC,14005.660421061424,14126.399284269668,13705.989089952187,13777.649813399361,1074449.9999741735
2021-04-08,BTC,13910.658431425516,14073.886024562504,13467.546187606797,13698.813045512201,1975735.0941027706
2021-04-09,BTC,13701.881144755384,13702.217678506448,13079.222211264387,13211.303708123696,1766970.1058175226
2021-04-10,BTC,13135.036962266164,13292.593511455145,12507.251260764637,12637.684419572091,1253940.2816558953
2021-04-11,BTC,12573.134511217682,12675.408993357036,12312.769791727755,12420.491019134504,1060661.014063642
2021-04-12,BTC,12530.991686071517,12603.677725745332,12311.001227197408,12335.499162116901,1290856.478429369
2021-04-13,BTC,12326.91822905623,12401.540187017663,11733.60161810531,11846.465075674061,1893662.9261752702
2021-04-14,BTC,12033.086572778122,12281.783913538731,11929.197457419892,12159.720295321566,1458970.8229635973
2021-04-15,BTC,11986.377020995795,12242.421027655524,11863.69411734128,12187.684461960625,1209837.2199874725
2021-04-16,BTC,12170.818939798968,12308.02506326914,12077.762819405914,12233.305848881644,1524065.7125548196
2021-04-17,BTC,12221.850133200809,12390.549820322301,12177.737371609122,12242.963767404244,1886862.1596148429
2021-04-18,BTC,12191.945535407283,12369.242847008038,11927.756398040003,11994.2245220661,1024834.4030906651
2021-04-19,BTC,11996.11304941818,12264.614015994724,11872.663458209527,12213.875766856123,1140707.2202576788
2021-04-20,BTC,12266.94265532513,12379.678893058424,11879.949090087423,11984.828098813978,1750734.041171317
2021-04-21,BTC,11954.014565433374,12163.02776193619,11839.91195215782,11905.095458643584,1901566.5630989359
2021-04-22,BTC,11971.87519496021,12070.045467323795,11531.298685877757,11771.727745731208,1589176.6553849033
2021-04-23,BTC,11829.043060824339,11931.99051133473,11381.038348757382,11502.425312587413,1101709.8579676263
2021-04-24,BTC,11453.645217886033,11604.569614385762,11365.334813486676,11451.322918591963,1265728.0149775797
2021-04-25,BTC,11448.254256666893,11465.425885486846,10942.612069225286,11142.433321316872,1884266.5555254468
2021-04-26,BTC,11055.1073159953,11322.780533242387,11023.611776125119,11087.682229847811,1549228.1481879638
2021-04-27,BTC,11066.87545373726,11158.432368480622,10896.464926767914,10935.385293331077,1752668.0092407204
2021-04-28,BTC,10892.91827524546,11133.379880874363,10510.644407438178,10643.291813305123,1127311.3203850596
2021-04-29,BTC,10653.482063502592,10718.384575287333,10130.795922735835,10304.207238576433,1976296.176409854
2021-04-30,BTC,10394.34282803382,10462.890633215171,10110.536077836428,10265.132691435745,1394367.777703274
2021-05-01,BTC,10296.884308661292,10424.70106442993,10069.583056783058,10269.776042534193,1497075.7853268576
2021-05-02,BTC,10401.479909043881,10566.304398434904,10309.125906362091,10404.423951285,1139596.063999722
2021-05-03,BTC,10429.885669724497,10508.816444868817,10255.664953298538,10367.95631697485,1239126.5807174542
2021-05-04,BTC,10448.62317111921,10621.8933805622,10292.532227421614,10329.57185305356,1412781.6586407863
2021-05-05,BTC,10368.477805327613,10421.358271110306,9876.64147376081,9998.367417078429,1062059.5179360053
2021-05-06,BTC,10153.199263935698,10295.264733726619,9811.389487652505,9942.693591334732,1629626.9058459392
2021-05-07,BTC,9911.111410860442,10014.4673924549,9784.783167398045,9931.019160419686,1399757.1367456892
2021-05-08,BTC,9980.346601248306,10140.844178285983,9297.850336225709,9304.68822402906,1021810.5102125334
2021-05-09,BTC,9322.350966778988,9734.519165047921,9270.6156076183,9596.460849167815,1587176.4904992606
2021-05-10,BTC,9596.525286836506,9935.260138262738,9549.947433987803,9749.542548320333,1855462.6738142325
2021-05-11,BTC,9741.870063653108,9951.999562394602,9636.34338352103,9837.000189248874,1522365.6071118081
2021-05-12,BTC,9708.984358753836,9781.506883962933,9367.23850030618,9385.018977775982,1764800.547770313
2021-05-13,BTC,9403.911242530245,9584.047917509613,8935.478744589005,9036.207242396238,1232576.8289669028
2021-05-14,BTC,8998.556253130388,9279.780312774168,8895.35557810546,9206.505363576061,1251793.9472813392
2021-05-15,BTC,9141.876948579531,9240.116724599358,8743.741825864756,8834.177135192833,1524436.682042036
2021-05-16,BTC,8808.036567709045,8899.146323287096,8412.932264817367,8546.9943136551,1010461.6398921333
2021-05-17,BTC,8601.022659584514,8750.20361395318,8395.656247676077,8456.246218304415,1883774.0290340604
2021-05-18,BTC,8461.982443348877,8540.52684882874,8063.7258204955615,8242.713448936585,1704653.662813082
2021-05-19,BTC,8252.426358535049,8252.52038159809,8099.480776665075,8173.694077470486,1420015.8721289937
2021-05-20,BTC,8246.382218735722,8352.234743334615,8110.0767617083275,8170.334473582413,1034097.4233733325
2021-05-21,BTC,8213.907531655343,8274.369625735162,7992.62330927996,8040.6381752714005,1797064.2171212377
2021-05-22,BTC,7983.568459149855,8090.620739487907,7738.1284325897295,7909.866861942449,1311715.7426912866
2021-05-23,BTC,7878.757568097478,7969.255244567535,7742.3184681853345,7884.026346093036,1294932.8505173926
2021-05-24,BTC,7867.558891651073,8118.667596879345,7770.924742423505,8033.217775597054,1417029.082107514
2021-05-25,BTC,7931.972911563443,8032.201711867501,7534.428897473695,7633.490187509996,1212949.0749808305
2021-05-26,BTC,7629.387806115488,7768.223609058348,7556.4241846241775,7683.687401268973,1393321.6962936665
2021-05-27,BTC,7626.600950290054,7948.604866654568,7563.883402693892,7895.3302220358755,3476871.8965213057
2021-05-28,BTC,7921.993067829024,8065.714555838211,7767.504649473871,7812.4512611078035,1031893.6877833838
2021-05-29,BTC,7773.175897258395,7813.73482726959,7536.4096975723505,7629.4613337037445,1169260.9422576253
2021-05-30,BTC,7630.130294279459,7740.967876096537,7484.96998125866,7740.275244792792,1123708.2821214863
2021-05-31,BTC,7733.226335046887,7834.4587254503485,7607.35579282147,7818.177208008369,1822007.9824621696
2021-06-01,BTC,7824.317081903326,7850.025842220803,7649.331585039277,7725.047778107706,1919506.4190503021
2021-06-02,BTC,7766.366729499033,7869.6417039319085,7702.275952259099,7790.2817711565685,1410801.8297554033
2021-06-03,BTC,7716.479644874042,7884.315268954478,7644.434900679164,7802.032152113478,1062579.9432645594
2021-06-04,BTC,7784.663936008167,7947.385193535036,7771.471088496274,7878.205124469072,1339069.5330722204
2021-06-05,BTC,7995.9227044423205,8040.1330222635,7837.864743029534,7888.23413891148,1716635.746431182
2021-06-06,BTC,7922.974291860337,8074.0645834103125,7750.945179593381,7822.907312974565,1916459.6036498125
2021-06-07,BTC,7739.045669105945,7842.197935029392,7326.47519375011,7397.148209983409,1475189.057853603
2021-06-08,BTC,7367.612792346539,7820.843522245676,7282.981452983149,7777.682958295762,2573888.5511952676
2021-06-09,BTC,7782.072446671157,7886.510919285035,7179.989758762743,7305.786684126928,1738488.0133220165
2021-06-10,BTC,7238.0693121358945,7384.328945991553,7193.055680595844,7348.897690829815,1319548.7816689997
2021-06-11,BTC,7407.6429382950155,7500.222018578159,7096.960824518805,7172.842453224601,1752885.6706614597
2021-06-12,BTC,7188.585323724928,7306.752608968625,7092.05484050385,7166.146591340109,1325758.3540729613
2021-06-13,BTC,7155.114929462736,7603.915894978979,7092.864048057837,7501.1992752438655,1951348.6756012875
2021-06-14,BTC,7531.3093618321,7748.248428933469,7503.211415879696,7691.585816974801,1234196.2988147973
2021-06-15,BTC,7723.6378012883115,7757.8373043360525,7458.143470856252,7470.280447650406,1846987.0744189154
2021-06-16,BTC,7450.71430964445,7537.921730923079,7343.480637124321,7384.027557544303,1566884.2067395588
2021-06-17,BTC,7435.956529596174,7513.438266726675,7116.293877175034,7206.953908626704,1245340.2968906164
2021-06-18,BTC,7280.677135678419,7513.847684682999,7230.432006016624,7481.683245575319,1396069.595602555
2021-06-19,BTC,7479.149925714064,7766.8462867862545,7344.316647118627,7687.867379966572,1653326.552092401
2021-06-20,BTC,7686.650023302749,7778.739373904399,7606.247450219556,7763.552482057959,1840556.3641212669
2021-06-21,BTC,7756.700887793954,7857.567245883116,7668.079933477356,7793.808448969883,1189573.180679182
2021-06-22,BTC,7783.350030097041,8142.351042428327,7729.25242997595,8028.019803197116,1866127.328408949
2021-06-23,BTC,8039.767100674395,8132.343416064004,7861.343266344373,7884.094991473327,1105780.0623585081
2021-06-24,BTC,7846.718136858518,7926.455507228044,7512.084159513416,7616.406159902016,1141369.4846940525
2021-06-25,BTC,7650.007861989115,7702.7647956749515,7613.645599947292,7687.91113180118,1203441.7898561335
2021-06-26,BTC,7690.845242122374,7916.913838743011,7643.7812359703885,7859.315736087295,1312195.733770242
2021-06-27,BTC,7939.730702034587,8096.838193792839,7872.540508383716,8041.12318109765,1101387.7674627593
2021-06-28,BTC,8078.409926610976,8137.523597246417,7819.846058612522,7877.531555123209,1163689.3182826946
2021-06-29,BTC,7831.82202521742,7893.939410079156,7664.512852740973,7766.98738600871,1953188.8369572212
2021-06-30,BTC,7822.6764361139085,7862.697987982436,7629.671014995951,7730.605829880949,1864246.3741202846
2021-07-01,BTC,7729.669196671094,8015.780161338982,7601.134538683969,7919.53038297907,1203667.17086723
2021-07-02,BTC,7923.308065671575,8364.862229880964,7818.159954118054,8357.61999283797,2531191.8306353106
2021-07-03,BTC,8320.191403885858,8582.889223383261,8239.176102943971,8501.767387410491,1551547.8562004624
2021-07-04,BTC,8415.256303979388,8550.70424061635,8031.444219227858,8134.773434191423,1370843.6246011327
2021-07-05,BTC,8134.004884569878,8194.91078574696,7913.4049658635495,8033.388427972683,1925499.7899166998
2021-07-06,BTC,8068.7410437246945,8383.655454196567,8042.224935601723,8265.553083102342,1197341.7051256844
2021-07-07,BTC,8350.37748453565,8855.44394067933,8282.560943215469,8717.634243960441,1896074.1869640385
2021-07-08,BTC,8694.44560009537,9048.65313089787,8650.447643886082,8907.17612401956,1824555.7538504698
2021-07-09,BTC,8986.479387001222,9312.789473552315,8860.554954362457,9219.977727074289,1846351.3791271518
2021-07-10,BTC,9189.073443163732,9378.760455025618,9060.878154421096,9284.012000014083,1517892.5183153069
2021-07-11,BTC,9303.081044001556,9388.465866853749,9084.525937057308,9241.930368464471,1897295.0219556368
2021-07-12,BTC,9260.134799670675,9664.221654030564,9189.689674447174,9577.275290495541,1838204.2596057265
2021-07-13,BTC,9629.678181249521,9912.639178442794,9563.928910205093,9902.871236951354,1306214.1437011051
2021-07-14,BTC,9940.680126750523,9952.024248279502,9569.350885959959,9688.506270139735,1446789.3950907767
2021-07-15,BTC,9693.282052472623,9731.03709152077,9632.43151994094,9681.423652952704,1235250.9233863566
2021-07-16,BTC,9580.709394179676,9706.409464289127,9486.674276129368,9654.719058458315,1473218.8463236566
2021-07-17,BTC,9673.648607453668,9878.670062920644,9577.624995954797,9813.756652799337,1441967.1334649776
2021-07-18,BTC,9812.672751049118,9885.021884775375,9712.84769331927,9785.592373250462,1733480.2248606521
2021-07-19,BTC,9716.37038467649,9965.739712978173,9609.687354317812,9811.739274128473,1377862.6296873812
2021-07-20,BTC,9802.060875286968,10190.0183958592,9762.536288819276,9975.936988307029,1732084.3912105972
2021-07-21,BTC,9939.888294877997,10215.115190732875,9857.054148323348,10054.882376248417,1956639.2884477596
2021-07-22,BTC,10036.637414559958,10345.452539173028,10014.407424712797,10219.649788185188,1065516.2098484938
2021-07-23,BTC,10302.650833526743,10466.786161627631,9921.243907571392,10102.562827835698,1274992.5919254287
2021-07-24,BTC,10071.643804439185,10230.443770118598,9982.575873166958,10184.806828582483,1208323.3415476067
2021-07-25,BTC,10257.144520918597,10378.12953495532,10152.082473590059,10292.61090938312,1182096.3874717462
2021-07-26,BTC,10415.606733144692,10840.493945175183,10409.3103916013,10802.165514534388,2103735.6795804463
2021-07-27,BTC,10770.882722630955,10873.886598152792,10688.638525883762,10867.098423810317,1359779.1266899921
2021-07-28,BTC,10807.662736338396,11138.186274939944,10764.29879283566,11117.286181157728,1104608.798414704
2021-07-29,BTC,11113.12492553449,11584.505882667254,10951.859319575055,11578.072510282687,2276557.414802399
2021-07-30,BTC,11572.63263306717,12060.427735902602,11392.741877153128,12030.565656128903,2596106.9301820183
2021-07-31,BTC,12137.267025420751,12688.550552150831,11994.461380218267,12444.624699264083,1253652.5004362497
2021-08-01,BTC,12279.760202215237,12296.957181228987,11740.338827508453,11801.800178681471,1312648.8159078269
2021-08-02,BTC,11802.009112786021,12132.781819448153,11629.927320710147,11966.371300804,1432232.8747636597
2021-08-03,BTC,11954.227486937374,12096.592196647809,11278.366519728572,11411.288455369673,1653108.425778029
2021-08-04,BTC,11411.980162145272,11604.239968096428,11287.886449665075,11520.640306171894,1357151.5495636545
2021-08-05,BTC,11610.945212346503,11830.066938140897,11527.281186283519,11764.610860808325,1623929.5589064932
2021-08-06,BTC,11770.575054846746,11925.14841601891,11620.89941960565,11709.31130572418,1149313.0806897066
2021-08-07,BTC,11766.0404744842,12407.004328402165,11734.446694712207,12208.829390389277,2523515.2040483574
2021-08-08,BTC,12219.924406224538,12371.248452833768,12171.992166257365,12318.641388749536,1350332.704147132
2021-08-09,BTC,12255.20101781924,12475.881640169113,12086.616880574367,12158.008534164075,1248497.017958009
2021-08-10,BTC,12145.53809657387,12363.559412724435,12048.426151141,12326.630105868906,1237668.8060106086
2021-08-11,BTC,12372.71008434261,13199.679478681299,12255.28747499284,12984.535083523946,3493657.0939053944
2021-08-12,BTC,13025.050589856066,13324.985818500472,12956.470810193654,13279.20332803613,1641569.9676815013
2021-08-13,BTC,13233.701659332717,13531.296903524753,13062.529734066024,13435.21093926114,1048490.777567486
2021-08-14,BTC,13344.95185464352,14041.081739375715,13232.201127197655,13917.854078586406,3319978.4575847196
2021-08-15,BTC,13824.45944640627,14065.147903732266,13775.806577251786,13944.403558894723,1225948.415671367
2021-08-16,BTC,13981.77511672984,14521.736590323357,13840.67518413602,14317.50664920496,1749654.061534838
2021-08-17,BTC,14161.3043345384,14272.824299772044,13996.094861976635,14068.990401575162,1553787.7580466485
2021-08-18,BTC,14127.175153356713,14188.470399149734,13579.422356787243,13694.8511297944,1642003.185514887
2021-08-19,BTC,13682.363328961705,14191.209567610147,13567.423671325638,14053.952634181802,1260368.6519317515
2021-08-20,BTC,14192.600649211263,14652.667335828355,14104.881541928879,14388.753544334604,1326871.3965411258
2021-08-21,BTC,14336.06330851856,14863.500277000554,14050.97067219274,14717.932528605794,1630696.042788609
2021-08-22,BTC,14595.623778440724,14824.735150222303,14438.652783617914,14558.906031295453,1839711.2677292398
2021-08-23,BTC,14395.715876143016,14397.215139012975,14145.727889251366,14318.788647439489,1570340.476071527
2021-08-24,BTC,14374.227583242679,14545.350931455503,14265.005997857756,14440.411108341095,1910789.7294427904
2021-08-25,BTC,14456.36803839466,14955.643697253709,14222.999010083282,14665.08408832849,1344863.6828169827
2021-08-26,BTC,14681.610736225064,15164.967851110336,14520.304458550037,14898.253660169748,1633878.1270581954
2021-08-27,BTC,14760.223061871653,15001.443168947355,14554.566002592332,14726.614861254908,1363406.1157652154
2021-08-28,BTC,14577.609021118096,15179.369774962752,14463.405082381534,15018.38742628497,1867792.2692579967
2021-08-29,BTC,14907.450631881824,16038.045483032878,14741.748448144644,15844.986200895342,2001545.5041896487
2021-08-30,BTC,15884.573378383802,17023.668293907078,15845.802827406662,16817.943240049593,3285108.4839743935
2021-08-31,BTC,16756.84761863038,16944.5954381291,16542.961207318378,16715.674212836817,1757363.8979071393
2021-09-01,BTC,16800.120190907684,17232.551889186867,16640.95844228039,17097.395086502504,1256702.2661126961
2021-09-02,BTC,17256.70970193331,17413.04435939436,17045.431189942818,17318.914043733756,1963999.1715700056
2021-09-03,BTC,17314.14986837008,17450.785893243068,16536.818648592765,16672.722111682797,1412920.9371749186
2021-09-04,BTC,16739.699343164575,16800.738349389983,16023.087871051112,16273.854558810328,1537880.5441118586
2021-09-05,BTC,16463.999695128852,17139.843510366103,16233.44406158677,16831.069629496946,1170371.2600175848
2021-09-06,BTC,16831.62341070228,17493.965985326748,16751.45604931354,17316.189392507626,1004361.6693303261
2021-09-07,BTC,17323.15269467869,17498.29109098439,16928.125460014195,17029.336717690334,1494581.6665333125
2021-09-08,BTC,17187.407427110473,17325.660856033286,16575.61953066097,16930.719225399618,1283729.7530117698
2021-09-09,BTC,17084.38413746358,17544.864114208933,16930.18839995284,17438.409435141675,1636531.6716343875
2021-09-10,BTC,17528.074495125915,18519.550284486697,17516.020271098652,18417.13371467688,2930277.96140283
2021-09-11,BTC,18505.30453028872,18522.88390748285,18159.318809157423,18444.56663312698,1086172.9042390734
2021-09-12,BTC,18428.450229422186,18928.425708461058,18193.297988610615,18735.882853485775,1901215.6840036584
2021-09-13,BTC,18735.061841574214,18964.83217040679,18388.64612079634,18510.270770769115,1460908.011547331
2021-09-14,BTC,18473.620628507917,18642.884660771924,17912.817681171317,17944.98543055256,1348485.4443489094
2021-09-15,BTC,18000.428243037702,18355.66481094922,17948.959229935477,18104.364001810838,1741987.2531543218
2021-09-16,BTC,18206.52160402001,18861.421139855393,18161.137909476016,18671.74975064786,1126057.0461605024
2021-09-17,BTC,18726.843096902187,18900.931917656875,17795.243035206142,18015.965939276626,1301507.6946819946
2021-09-18,BTC,17816.668846359586,18012.14357234202,17589.43685861318,17792.34458129997,1247581.0328361383
2021-09-19,BTC,17907.361577283285,18119.396452434954,17653.262122369615,17881.763477722605,1189273.4114727986
2021-09-20,BTC,17854.811245016066,19193.809973064202,17557.620217036292,18792.95741132969,1982948.3833296422
2021-09-21,BTC,19008.30022151365,19230.98032685947,18207.920599354617,18229.65407434444,1434923.0026738388
2021-09-22,BTC,18376.74803288258,19056.62333745403,18172.48234649356,18827.037992438643,1388341.2142389743
2021-09-23,BTC,18851.15812886843,19777.217284425056,18821.655812473182,19555.24791327786,2700875.808042186
2021-09-24,BTC,19458.501935103162,19733.48316050605,19063.654471298152,19340.039418476365,1404713.3699470584
2021-09-25,BTC,19086.960199442412,19306.850380991375,18862.115564160293,19270.09604173385,1749100.056642302
2021-09-26,BTC,19309.69321331472,19442.041055686484,19226.948656607263,19248.91853569565,1774048.3555323805
2021-09-27,BTC,19034.00286121389,19135.280701601678,18940.363011544352,18988.35079538691,1453902.694825298
2021-09-28,BTC,19136.233061572002,19406.284492053823,18889.745953802943,19119.34438161607,1782378.050685912
2021-09-29,BTC,18961.977286558078,19220.262589973234,18691.799059456298,19048.868745321615,1455194.47341306
2021-09-30,BTC,18967.742537447575,19019.59518759231,18831.979431812848,18856.259946453138,1183062.0757825256
2021-10-01,BTC,18694.222222453376,18762.876598943552,18237.03101303066,18472.253830288104,1974619.5607362688
2021-10-02,BTC,18505.19681034052,19582.17428129835,18201.879873868016,19301.09537583377,3493057.8884457108
2021-10-03,BTC,19294.65456924206,19360.94858363063,19175.367118043872,19316.16112361423,1717296.097246822
2021-10-04,BTC,19303.496203709197,19544.20553842649,18789.393391147205,18858.41765767243,1410348.6518719043
2021-10-05,BTC,18833.464515214437,19502.993522999393,18750.095939006012,19375.139501717033,1762701.6375414433
2021-10-06,BTC,19608.469183100104,21030.96952012706,19405.60458970155,20869.447567387168,2293842.9913469106
2021-10-07,BTC,20881.528335100156,21146.19429901622,20640.19963422371,21071.71866468075,1698252.7201986618
2021-10-08,BTC,21151.224054977643,21388.207696181205,20789.152023209077,21164.31210407395,1939931.3699721526
2021-10-09,BTC,21149.198986914333,21379.780457966248,20953.396508298087,21043.27527607695,1212012.7764681976
2021-10-10,BTC,21201.969136677486,22360.530700131985,21151.105458274913,22092.949067060734,2644485.523968627
2021-10-11,BTC,22056.88537015255,22375.75369240645,21786.19639195109,21960.772554862477,1638796.4846990933
2021-10-12,BTC,21740.524502758806,22514.68321429485,21526.788822117993,22422.968682562732,1548267.7120686139
2021-10-13,BTC,22603.368485731393,23675.6750402845,22225.57057640953,23632.118844626388,2281364.0718725366
2021-10-14,BTC,23708.239909490934,23840.041665568293,23422.638594594202,23669.653968511506,1002695.052366231
2021-10-15,BTC,23556.053372324674,23969.881743937316,23244.259101862677,23752.291655783545,1479550.0597724258
2021-10-16,BTC,23840.446417073406,23981.761169037854,23241.019565309365,23357.958258814833,1928726.2059984256
2021-10-17,BTC,23319.8948335918,24074.70512787564,23306.084307686346,23715.845001284753,1784038.4315148944
2021-10-18,BTC,23923.133388905528,25126.085248746727,23723.257599872308,24919.21860896288,1820662.306081869
2021-10-19,BTC,24854.037392409606,26242.04118535186,24572.852258125768,26007.981401199944,2056918.5937755771
2021-10-20,BTC,26276.61138113886,26882.615613116635,25977.961113183195,26694.873379567605,1904087.2708148086
2021-10-21,BTC,26601.068315967765,27423.238021362755,26476.74131050628,27008.193032798634,1781281.4644754364
2021-10-22,BTC,26709.00782448846,27021.937125216642,26309.513571505475,26316.902726645058,1197370.5105070889
2021-10-23,BTC,26135.06398588219,26371.12161162412,26040.080425162378,26144.38427963666,1882682.473338996
2021-10-24,BTC,26102.687723175583,26346.12843225204,25606.552144201956,25910.36609599853,1493076.7234951486
2021-10-25,BTC,25972.99807268288,27295.638222910082,25620.26088499122,26937.47431059324,2696716.18712179
2021-10-26,BTC,26858.24642013806,27408.623474640666,25609.0434850149,25851.994553096258,1467960.4075542504
2021-10-27,BTC,25764.078855683958,26076.706665611924,25036.341336751182,25160.04085499396,1418816.8123360754
2021-10-28,BTC,25145.39910278113,25741.532863897886,25054.69697570958,25653.27337280557,1028529.5175057632
2021-10-29,BTC,25505.004133575123,25859.11784964096,24848.15313615739,25026.623024123095,1981712.6400319913
2021-10-30,BTC,25015.087917185418,25271.75396741955,24353.76513538552,24555.414036898153,1718184.1165989006
2021-10-31,BTC,24460.518895293313,24771.14022831639,24187.719362907035,24317.90653151137,1474533.5264393983
2021-11-01,BTC,24277.90585377579,24534.4410445842,23161.35512943611,23494.56818517852,1422388.6001972256
2021-11-02,BTC,23406.679825197858,23547.22678241183,22198.511340091514,22606.30813973491,1403729.7020384804
2021-11-03,BTC,22603.764075125702,22768.399767430314,22186.37794775502,22375.495423269196,1654559.1540052963
2021-11-04,BTC,22259.300365713716,22760.92706376526,21973.329465331004,22604.287502147217,1586451.1651750633
2021-11-05,BTC,22426.299940625053,22836.857388476375,21747.737176747713,21989.48976157403,1885601.3447495485
2021-11-06,BTC,21977.634552167216,22208.611668875234,21768.17966914081,22015.068167451434,1189940.7939758988
2021-11-07,BTC,21929.327163608014,22865.9800841505,21893.974409481572,22792.645208013244,3437679.9328518636
2021-11-08,BTC,22670.33565812019,22727.560605598414,22198.868543783403,22276.36938627602,1596308.2602346118
2021-11-09,BTC,22192.534271623066,22355.38276664306,22099.269717327043,22228.847945982507,1762674.7576438214
2021-11-10,BTC,22279.015577093363,23191.05016463667,22034.233452318756,22756.895943056817,1914082.8619190527
2021-11-11,BTC,22648.21725163413,22957.26570017225,22514.03095762517,22539.08362523148,1562101.4662841915
2021-11-12,BTC,22653.624233357248,22919.617878229652,22402.934663899625,22819.949143608686,1430675.063776468
2021-11-13,BTC,22571.829025229352,22940.100500242115,21685.61936909294,21930.767497120007,1039379.4463929253
2021-11-14,BTC,22093.744544714977,23079.34634800799,22007.68443649302,23011.17223897168,2603649.0449383403
2021-11-15,BTC,23023.286618272698,23839.953649097635,22964.245042278326,23772.385756761872,1980784.5067627428
2021-11-16,BTC,23794.98653720825,24173.698125656094,23061.59921213959,23372.4806805792,1212276.9198996744
2021-11-17,BTC,23392.71411325916,24056.695515909407,23176.846434008814,23629.003190552772,1121670.8569723978
2021-11-18,BTC,23616.221703654286,24306.094389132966,23449.029869893704,24038.025383484277,1017777.0724553308
2021-11-19,BTC,23932.577551355047,24225.66469614298,23793.866112588526,24019.068081835037,1050138.707204712
2021-11-20,BTC,23793.776151234648,24462.46878537817,23731.324492158576,24101.60909044489,1084289.6125699827
2021-11-21,BTC,23937.271090480837,24045.003421358124,23172.634833488697,23450.40485159265,1254050.5671018446
2021-11-22,BTC,23400.68352708809,24707.454467698633,23188.63470275975,24462.075592949728,2971255.4680999415
2021-11-23,BTC,24407.53850238286,24798.92601382683,24004.887672274243,24666.505985633023,1165997.035486245
2021-11-24,BTC,24535.542808185386,25503.74854881588,24271.6438021725,25143.116082722383,1574963.2323366886
2021-11-25,BTC,25228.28120161157,25621.23261562449,24108.601128385162,24502.00606817452,1363265.5959866387
2021-11-26,BTC,24338.354674209062,24431.962540144123,23680.550697815357,23954.42599072681,1786242.2649022602
2021-11-27,BTC,23868.995350347068,25098.44850277519,23694.631968929512,24987.425462520197,1909148.0517337113
2021-11-28,BTC,24949.3462250076,26344.513584585522,24823.873768087593,26044.494338915207,2890481.4415147677
2021-11-29,BTC,26002.860100034963,27486.05328680096,25835.131884631955,27353.346932011118,2571411.358993482
2021-11-30,BTC,27250.187782350065,28053.557757371313,27174.542703205545,27892.94988533925,1896115.9380849695
2021-12-01,BTC,27765.16129688163,28484.308845506384,27514.12650704404,28099.69048042431,1422500.0154769453
2021-12-02,BTC,27939.029909517092,28227.943929326026,26752.10137516405,26969.063856338977,1833230.9807886907
2021-12-03,BTC,26668.075556607957,27420.7390340163,26474.63546429587,27292.962475626242,1851182.541230767
2021-12-04,BTC,27059.97958448573,27913.020089329584,26880.851684158602,27534.573152158704,1085063.5583697348
2021-12-05,BTC,27436.892795979948,27767.847036630035,25943.544959581424,26390.25549574867,1931722.7302661277
2021-12-06,BTC,26605.544071621298,26959.82434219103,26499.840624519322,26797.635444371484,1206586.1070603058
2021-12-07,BTC,27065.68121045175,27420.106322542295,26967.14101125484,27129.19655468525,1087700.9819161291
2021-12-08,BTC,26866.731815171104,27628.91538867368,26449.110870898257,27359.460731942974,1896929.1020895652
2021-12-09,BTC,27227.673713835673,27964.554583357025,26956.001165748785,27934.339748041806,1189151.4227739992
2021-12-10,BTC,28033.28170406408,28478.50745336763,27907.819673730417,28272.796924337636,1564430.7982838938
2021-12-11,BTC,28390.520278257834,28676.537125381892,27483.674901238806,27767.35445047802,1997141.5884291276
2021-12-12,BTC,27823.49151692171,27876.537204587443,27593.26715858078,27661.97154676446,1156154.9478455593
2021-12-13,BTC,27574.41819637699,27789.10759367961,26877.773694677846,27118.4686660852,1033579.0753710552
2021-12-14,BTC,27098.809515718927,28547.377723340294,26839.86160597261,28511.349507238763,2270874.4515917567
2021-12-15,BTC,28334.134868884117,29055.76077191432,28158.921375511236,28523.186689200178,1818830.7405168028
2021-12-16,BTC,28493.377768175953,29446.632675662142,28214.441805451766,29071.433021771594,1180735.3971764597
2021-12-17,BTC,29099.750771344123,29414.17897515687,28941.666155349492,29345.06706193984,1458280.9320601483
2021-12-18,BTC,29219.255044667465,31276.347186063424,28878.86980030922,30770.145003765534,2515314.029603291
2021-12-19,BTC,31089.760593674204,32836.77997444373,30609.730248382584,32555.16304992065,2953139.351022317
2021-12-20,BTC,32476.540586430943,33795.868433014475,32074.0507739694,33665.355256252835,2087511.1659440396
2021-12-21,BTC,33531.87298164737,36421.97958473427,33183.76420483167,36086.459354413695,2260551.943586032
2021-12-22,BTC,36461.13393951107,37133.41852582347,35168.978577497386,35296.8865020436,1047042.2600053491
2021-12-23,BTC,34972.50044325914,35342.98004899166,34882.16504753112,35288.365782238805,1055767.8125877436
2021-12-24,BTC,35568.66341555834,37114.64420477604,35347.92236092234,36480.8734237226,1298792.7391364102
2021-12-25,BTC,36280.47618418175,36758.878057429065,34576.881442214224,34986.95428343133,1257010.5298612125
2021-12-26,BTC,35156.11917272226,36253.90722984728,34726.579395576184,35853.489853311505,1143149.3082217758
2021-12-27,BTC,35822.69471586392,36116.14403606802,35526.98494842454,35733.357427435985,1036012.583650322
2021-12-28,BTC,35666.92467240487,36923.09575108284,35490.23183679856,36198.23410082663,1888707.5539610407
2021-12-29,BTC,36380.232034954424,37720.669803666126,35813.484639407274,36969.832346206735,1842249.3116686952
2021-12-30,BTC,36794.10685335432,36905.576546331606,35436.55866717022,36044.4131043826,1477538.2885009823
2021-12-31,BTC,35957.850606228545,36294.53545310506,35174.606120306074,35554.38915732085,1713724.4228376276
2022-01-01,BTC,35515.133707081724,35950.14350290434,34766.800666945084,34981.70393241117,1411781.6705015076
2022-01-02,BTC,35120.16340207294,35860.071285924125,34938.11945399621,35438.74481276355,1167797.8579750073
2022-01-03,BTC,35449.25233897796,35854.233299878186,34332.76612273495,34595.44277819407,1978621.7697967414
2022-01-04,BTC,34749.55377152157,36645.99956290212,34541.04555208761,36392.34032454268,2659419.6371995513
2022-01-05,BTC,36556.59737315499,36948.095281798865,35808.32595894283,36299.862612628975,1991020.9421926944
2022-01-06,BTC,36293.89873662894,38754.51880156086,35880.944738796716,38255.02892153069,3413159.0388115393
2022-01-07,BTC,38385.63032846481,39891.75829652473,37527.65010214792,39712.81803696036,1016028.5267391024
2022-01-08,BTC,39509.06009544926,40062.0575520767,39144.027346281495,39695.389617158326,1832244.753417717
2022-01-09,BTC,39669.99667197347,39794.88172101505,38384.4830125125,38904.321498724355,1218264.9171117488
2022-01-10,BTC,38849.17423795801,39368.788216413675,37587.49203910895,38228.37220315762,1711618.29065999
2022-01-11,BTC,38316.41422676623,38929.814948396,37813.33979173183,38294.905555955855,1495480.3344702695
2022-01-12,BTC,38449.22897404632,38520.0155223196,38044.61940306749,38193.92120757958,1811583.7141288808
2022-01-13,BTC,38117.22068108337,38800.59219211741,36939.23917989849,37397.67088931891,1408122.9779203814
2022-01-14,BTC,37323.131347319766,37734.299103124555,36921.18837434568,37099.48112162136,1841907.8785120023
2022-01-15,BTC,36904.33058844107,38267.62831669367,36532.93688192529,37439.77255314145,1476614.3421328212
2022-01-16,BTC,37312.45660830351,38144.76982879824,36652.532227443924,37639.30540075676,1367100.9096255214
2022-01-17,BTC,37825.48001092257,38429.13219533821,37495.29277065062,38104.4364231336,1519822.9918786802
2022-01-18,BTC,38196.435390796956,38803.550816452385,36378.18281345979,36911.48109019481,1816535.5237576754
2022-01-19,BTC,36765.69104473155,37382.890234230435,36609.63538808914,37101.65659185459,1751316.0101923533
2022-01-20,BTC,37271.26029739479,39425.1419227682,36997.820886559224,38814.91713491062,2723965.323315228
2022-01-21,BTC,38759.825452006684,39712.12797052313,36953.36091759273,37352.889241184195,1223698.98571878
2022-01-22,BTC,37447.94091139706,37783.78024268069,36721.10271674717,37402.46684245512,1030073.553468668
2022-01-23,BTC,37600.576046206246,38926.7950090606,37228.746469421894,38564.9249013135,1599398.2600930124
2022-01-24,BTC,38434.79227585632,38749.20485041861,36901.84156413971,37153.47015387828,1869526.1261903218
2022-01-25,BTC,37087.13467306066,37606.7075747362,36305.69360725217,36786.623274327074,1500755.5392497133
2022-01-26,BTC,36897.28920376735,37129.7111348496,36177.92299562874,36562.41936349258,1591812.0833295074
2022-01-27,BTC,36467.56692452749,36550.124630245846,36272.85506726502,36547.14188408141,1164323.0389669118
2022-01-28,BTC,36088.4468385909,36965.38596943636,35642.364691686584,36810.68783344963,1839722.7049081791
2022-01-29,BTC,36775.16751592978,37462.635024096635,35389.73907339665,35598.962753727305,1338548.5589556904
2022-01-30,BTC,35791.57704712332,36026.03147685788,35058.542977958285,35576.23435869036,1804378.4498112416
2022-01-31,BTC,35371.89970425418,36862.057144932856,35101.533296497786,36491.81108427549,1517374.4942741783
2022-02-01,BTC,36358.09724741157,38469.73703075136,35840.487410059526,38125.53015239198,2938841.6738867615
2022-02-02,BTC,38337.28710464913,38904.53228631606,36840.636083538884,37259.64606848445,1504774.6574069588
2022-02-03,BTC,37275.6316774919,38203.221192699566,37001.2195086861,37483.53471675299,1936934.7054789313
2022-02-04,BTC,37179.49702191843,37860.67316379259,35668.2558092115,35743.21788571448,1034373.654913952
2022-02-05,BTC,35612.271834418236,35858.553283199886,34687.63444910242,34875.993070889905,1542254.4390434758
2022-02-06,BTC,34742.606646870045,35844.37639400527,34219.36536218701,35525.58948275476,1433691.2724126303
2022-02-07,BTC,35472.26155499543,36080.28948947135,34912.24536767638,35863.536701125435,1120381.2588776594
2022-02-08,BTC,35563.12866954084,35715.12791280597,33119.75397354439,33409.01552739882,1466417.2797668588
2022-02-09,BTC,33385.04422678213,33761.190985347705,32272.62540818992,32627.07415256093,1293599.4633703541
2022-02-10,BTC,32716.52595789206,33014.46414925478,31506.0590638947,31861.064905546667,1546314.599269386
2022-02-11,BTC,31639.35666931948,31967.4564265233,31452.484737240193,31931.25589648083,1201191.8615443567
2022-02-12,BTC,31724.859415253894,31760.018619006358,30997.563336678064,31214.593167784828,1468965.5961008344
2022-02-13,BTC,31344.13620041604,31666.271990137804,30374.972047233776,30834.3381763124,1383171.6699123816
2022-02-14,BTC,30819.673856014146,30875.850841924166,29909.770225312204,30425.484184616605,1238541.4639409818
2022-02-15,BTC,30351.505695992524,30507.648194375168,28547.96632542287,29233.510294743453,1295504.2575069333
2022-02-16,BTC,29131.435800919586,29716.825862767513,28528.824971101272,28908.26427268591,1439986.1295351258
2022-02-17,BTC,28973.54737512998,29356.144667065597,28625.679522713748,29353.36288026632,1109244.246191749
2022-02-18,BTC,29793.616113058542,30054.370244501646,29609.284232435995,29791.32040070489,1337015.7753545255
2022-02-19,BTC,30005.778643125006,30014.678631337567,28957.564001721257,29030.139252618275,1821193.6417145003
2022-02-20,BTC,28998.34288595377,29246.92391771581,27509.346995162312,27524.87268051302,1475238.4146204789
2022-02-21,BTC,27271.766727705766,27590.622618244888,27018.050757224948,27226.819841844346,1870825.9769034125
2022-02-22,BTC,27234.379426709493,28196.78997475511,27071.355914806303,28113.66451113198,1962742.43289921
2022-02-23,BTC,28036.99888255972,28361.09361051168,27065.149262676194,27090.247892508316,1607333.7280081664
2022-02-24,BTC,27212.694860284173,27220.32636373417,26092.67304287388,26385.41121373984,1292918.8486408717
2022-02-25,BTC,26513.21973957712,26646.9326677977,25276.32269809776,25581.390443339755,1787077.931655777
2022-02-26,BTC,25434.992155716503,25741.684002557762,25178.123136394926,25603.283409763015,1304032.7191572834
2022-02-27,BTC,25762.161836875282,26179.46251798606,25557.40675593305,26003.765203360486,1920161.748901613
2022-02-28,BTC,26272.422931805864,26718.253948241734,25379.71150615427,25423.90999724801,1204309.5303484842
2022-03-01,BTC,25573.366640321878,25851.259089601146,23820.512113026536,24039.382314097165,1564934.7297541182
2022-03-02,BTC,24044.809730610963,24287.587537096057,22367.607308676896,22431.526975635927,1998327.5714305025
2022-03-03,BTC,22413.755222923683,22562.593173909838,21401.228363279304,21496.636989226477,1357712.053065836
2022-03-04,BTC,21429.385830202747,21805.155663956393,20644.691105444337,20781.531758519068,1525248.253563581
2022-03-05,BTC,20851.882991613962,21090.0504949131,20586.15336515764,21032.35570114238,1574054.7787712545
2022-03-06,BTC,20808.92609084411,21612.52836121938,20612.300523181653,21557.34809311358,2924287.496644822
2022-03-07,BTC,21554.459880757964,21849.118120468716,21397.790915562513,21808.97384290247,1170722.3233783012
2022-03-08,BTC,22138.775716974007,22411.239046870804,21177.86366455069,21256.014822320878,1110511.7325181207
2022-03-09,BTC,21135.926119414748,21899.488886711773,21035.63830449394,21536.98367473842,1888143.583918446
2022-03-10,BTC,21572.92263829289,21728.6110307394,20743.040694519066,21054.61922525193,1504887.3863603263
2022-03-11,BTC,21128.807650872543,21201.063040694007,20933.5901821345,21018.54527254069,1353184.2348714692
2022-03-12,BTC,21011.50010868521,21843.729837723524,20793.97635221352,21521.752456626175,1787635.6691329107
2022-03-13,BTC,21707.135094741923,22013.449441461707,20979.53452796648,21172.302927921795,1842157.95322133
2022-03-14,BTC,21075.038237784618,21313.53982780931,19873.408529971664,20166.677394620183,1553249.7582363086
2022-03-15,BTC,20340.365882317783,20566.481766199417,19923.934244837164,20036.929015438505,1574467.7200805186
2022-03-16,BTC,20069.35976976635,20362.370563829398,19311.351618757442,19626.030777800406,1106646.1356657306
2022-03-17,BTC,19668.394922683186,19729.792148105582,19517.166307013482,19689.29093664917,1613004.2480723655
2022-03-18,BTC,19649.630399070833,20028.15846175648,19300.394301061806,19488.9042532342,1322821.946024352
2022-03-19,BTC,19382.184924999783,19601.038832163253,18828.599363704743,19065.844343410732,1099455.7206282574
2022-03-20,BTC,18979.989449269975,19381.810022324702,18724.816482742008,19281.89928936814,1385656.595375749
2022-03-21,BTC,19363.868477883934,20188.868717498975,19311.341288862644,20104.505215643014,2591353.946166127
2022-03-22,BTC,20041.8927876402,20489.664807501922,19302.712398156567,19540.18241122621,1854715.534847462
2022-03-23,BTC,19770.64919622695,19989.19029963429,19032.147299953038,19129.812978677364,1602552.5275764442
2022-03-24,BTC,19096.443681694185,19681.07737553248,18946.7112616608,19423.622900873084,1389795.3605272623
2022-03-25,BTC,19342.78641830694,19430.859005488204,18706.759350730405,19059.4736290101,1484389.5809533186
2022-03-26,BTC,18977.127314984362,19197.53950604846,18611.4397912903,18859.944806979813,1186552.7779432505
2022-03-27,BTC,18843.26691268924,19137.42314642779,18691.22891137502,19018.471195770046,1533750.4883966213
2022-03-28,BTC,19094.81734393155,19320.54359609147,18333.136137642614,18518.791948174985,1825825.2733423882
2022-03-29,BTC,18585.789577036954,18785.951230268343,17941.570125166774,18174.34568919058,1237174.7004656228
2022-03-30,BTC,18209.40812889477,18798.99112132792,18001.023316951025,18666.422185629195,1705871.1285134042
2022-03-31,BTC,18715.231668092998,19020.549146678775,18588.91304763187,18821.09623610261,1443308.6847294332
2022-04-01,BTC,18646.221543956508,19106.043341098826,18405.187454882107,18879.064838375623,1722466.2930157192
2022-04-02,BTC,19078.63606425011,19323.561467711264,17636.76195835258,18012.384353126672,1504829.7211859038
2022-04-03,BTC,18129.836459346257,18408.858407170388,17741.005381467417,18006.39492615788,1260759.8051127277
2022-04-04,BTC,17921.597615380157,18320.80690638873,17710.60952178109,18212.38326224596,1608203.6235197922
2022-04-05,BTC,18428.007192550926,18712.428041610427,18185.089574079386,18451.16347354181,1542592.8373028154
2022-04-06,BTC,18639.893985370254,18684.965193281078,18087.83316499161,18341.809656577847,1567680.9783657626
2022-04-07,BTC,18443.33516585472,18668.55633464412,17888.605259828953,18080.372325564444,1851002.508637046
2022-04-08,BTC,18224.649083889995,18497.51311163947,17514.558864117476,17746.376476087975,1361482.253709289
2022-04-09,BTC,17746.171176985,17990.067917120916,17007.34972652203,17191.94924871253,1226424.82287115
2022-04-10,BTC,17308.61425062489,17752.211767075292,17066.691979703275,17615.366827538808,1908922.996107224
2022-04-11,BTC,17399.22401166833,17591.592545276162,17244.190135856552,17365.092521980703,1276521.0284023988
2022-04-12,BTC,17394.13630948597,17974.980856661645,17306.888891129736,17865.715072950316,1412570.6629847258
2022-04-13,BTC,17725.942395890324,17887.519420716522,16858.74490549358,17179.716089090227,1352113.5218891918
2022-04-14,BTC,17132.46713759068,17456.715421056004,16504.561510394986,16778.279872607254,1734053.3898710597
2022-04-15,BTC,16750.145366801396,16958.773663600365,16399.30048227613,16560.588742791697,1198087.6904499508
2022-04-16,BTC,16652.507563680545,16886.001110763365,16195.905581360375,16360.376089268655,1638314.9097975881
2022-04-17,BTC,16530.098152659837,16718.88080618676,16437.336856409373,16712.487757292703,1254709.0942091707
2022-04-18,BTC,16773.02327437667,16921.39376681872,15885.62717126356,16032.794619937444,1834274.5733537052
2022-04-19,BTC,15954.870013168987,16279.504393369072,15678.481784314357,15862.746893238316,1607387.175381216
2022-04-20,BTC,15883.635827520187,16298.75294999049,15650.244002423291,16024.180357763837,1210139.161177878
2022-04-21,BTC,15942.294408215099,16646.8276743289,15735.557300450924,16369.827111876779,1393635.4815819084
2022-04-22,BTC,16185.333774512548,16322.798682150467,15853.045122073114,16031.462515166044,1946361.4892185626
2022-04-23,BTC,16133.498286462796,16221.829320041354,15146.847277066196,15167.386854480825,1829989.3575823861
2022-04-24,BTC,15095.361397830913,15363.345134099845,14509.44235351396,14679.576108616033,1428350.3940188962
2022-04-25,BTC,14664.502122518263,14900.123412899155,13496.02947357238,13702.785401187804,1043691.2622474064
2022-04-26,BTC,13560.465311700495,13675.317513645698,13066.672051743792,13269.314719901655,1969414.3517379458
2022-04-27,BTC,13193.445542022813,13312.240493249601,12680.641372103404,12818.433879630267,1357825.7959129587
2022-04-28,BTC,12845.62360125133,12945.724493882764,12416.065364762313,12560.710853904007,1706972.818720663
2022-04-29,BTC,12511.976512107287,12629.28794364789,12119.325290630239,12304.009940838887,1445031.0180567363
2022-04-30,BTC,12277.059380303386,12510.853282866625,12045.066344128554,12446.21942984654,1141888.0640533098
2022-05-01,BTC,12420.17348664132,12569.478407403072,12030.669496541774,12069.548524148853,1760517.0454175535
2022-05-02,BTC,12163.340522453402,12337.46256364785,12093.170462921758,12293.580116028488,1766159.0308405373
2022-05-03,BTC,12261.836474457275,12355.172258525703,12081.719629285973,12248.098861623454,1206432.767535722
2022-05-04,BTC,12270.183481749053,12565.596663584563,12069.555572814974,12416.056599206504,1448018.1259131797
2022-05-05,BTC,12459.063291723218,12626.471744588414,12335.357023947803,12583.53633973013,1168095.3395182763
2022-05-06,BTC,12588.391680830915,12827.38048086471,12438.921970356543,12546.674180060261,1083971.7890865414
2022-05-07,BTC,12340.289640835588,12418.618496682448,11985.996840980892,12083.456673234377,1488876.3200993307
2022-05-08,BTC,12102.34437331034,12202.23036550176,11741.96389711125,11846.538014995194,1919556.6407663203
2022-05-09,BTC,11767.77191199877,11967.974372911807,11371.400117954634,11441.454486269766,1251412.0538016628
2022-05-10,BTC,11478.949816545492,11699.329766423254,11295.152228914982,11414.924010890012,1839578.6519731376
2022-05-11,BTC,11456.98289007103,11474.162717907453,11320.120476708704,11338.551422153583,1926704.3969190149
2022-05-12,BTC,11442.45817293131,11784.849510671436,11421.928870773952,11624.642673279706,1326673.4583629337
2022-05-13,BTC,11744.07119788277,11978.206626379992,11587.45254819331,11900.314820270427,1551134.2057564305
2022-05-14,BTC,11998.945644092984,12108.329597501926,11430.550365832389,11551.239037848552,1566869.466027503
2022-05-15,BTC,11458.708002780539,11520.716960161371,11018.430777421736,11034.246584231287,1944933.5725340392
2022-05-16,BTC,11036.996793514774,11167.016056543582,10526.116193427346,10659.642465467956,1581116.099853025
2022-05-17,BTC,10706.79384205192,11151.340501011478,10560.822378819641,11015.270314732677,1969812.7612574815
2022-05-18,BTC,11025.347911877046,11102.70919363151,10912.80995710716,11043.358963086177,1722950.2973891005
2022-05-19,BTC,11045.595543583966,11706.99425447383,11022.79910235556,11528.48967451246,2565799.7910506413
2022-05-20,BTC,11628.104064009116,11660.103114942422,11394.856849925924,11492.778665400017,1338668.585290892
2022-05-21,BTC,11531.155868394397,11703.833617701475,11084.835746273477,11091.617077292018,1164464.759668877
2022-05-22,BTC,11160.67687440016,11204.023490448108,10955.40672910954,11034.93051615443,1195415.865397735
2022-05-23,BTC,11064.752170839458,11310.77221406372,10928.931502219124,11237.742946241226,1908706.5728435167
2022-05-24,BTC,11101.147274958452,11761.872437395252,11019.580582562563,11564.05613164872,3260066.61696323
2022-05-25,BTC,11602.432069582857,12034.055762641248,11528.855537826723,11972.976813698706,1571125.4136349433
2022-05-26,BTC,11948.947248041055,12315.820340346743,11881.676480776003,12242.878647100875,1343408.7897122207
2022-05-27,BTC,12231.343055269484,12406.346867363938,12035.825722340061,12254.522716051659,1447344.9862849656
2022-05-28,BTC,12309.65746285177,12714.224803541187,12140.416238934991,12669.731147522798,1416376.8914342017
2022-05-29,BTC,12651.369597044326,12735.494129848017,12095.234904421097,12223.497229434402,1180501.6545096808
2022-05-30,BTC,12164.570665278501,12661.463487699591,11976.580133233481,12436.43511762932,1253489.5662194055
2022-05-31,BTC,12488.014469771257,12898.479055938877,12303.24218630008,12784.282116587132,1554021.2501448013
2022-06-01,BTC,12883.227485923222,13112.418235484633,12716.890103844698,12925.525639950869,1588455.8824215967
2022-06-02,BTC,12963.883946396187,13433.455120984187,12816.140413456935,13237.792271339622,1863476.9357974126
2022-06-03,BTC,13198.501467105401,13318.981603654986,12605.059300225152,12687.9781051739,1990657.5527815465
2022-06-04,BTC,12653.20906456826,12803.659312657852,12557.878194391375,12616.323760265288,1171255.1859614302
2022-06-05,BTC,12592.119506015442,13099.837363655053,12512.521947148105,12976.447973655968,1776163.9179198812
2022-06-06,BTC,12996.70392805041,13323.986600805323,12871.566079534396,13214.692942928179,1594307.653275348
2022-06-07,BTC,13279.862048174673,13439.287963820749,13227.816395449261,13341.507879403971,1888627.4403907757
2022-06-08,BTC,13229.50322815691,13274.05928692222,12684.23700304846,12744.082923040907,1870774.480362695
2022-06-09,BTC,12854.152615800176,13164.482908936854,12646.816038452882,13119.032839526568,1680519.6703348085
2022-06-10,BTC,13083.21573485084,13193.980529114304,12888.902176406944,13165.667498200894,1948029.818810223
2022-06-11,BTC,13142.476450828859,13232.043491682822,13034.014974863667,13133.959516969242,1548833.0075693286
2022-06-12,BTC,13097.49516053251,13385.618740642136,13024.009446843716,13161.520463888419,1254602.3901876374
2022-06-13,BTC,13242.022500031295,13558.773863486756,13197.15394445153,13382.58883423378,1113576.172226502
2022-06-14,BTC,13387.68861105159,13704.292590521884,13307.894876471117,13565.882666731444,1554246.2164990567
2022-06-15,BTC,13686.06579299947,13775.66781846904,13429.309170535513,13577.300238663765,1875403.3241440586
2022-06-16,BTC,13547.503615007694,13740.276387435464,13037.177506425649,13068.32201410298,1013800.6957229832
2022-06-17,BTC,13105.831719569454,13147.63699281128,12913.144296827584,13028.928648136234,1800454.339661882
2022-06-18,BTC,13039.886862888141,13439.566700124327,13011.968294238943,13270.158028405564,1392564.6159273293
2022-06-19,BTC,13277.250308658815,13441.565434176977,13052.765799499553,13116.60346259959,1873020.4251253412
2022-06-20,BTC,13096.546001236477,13188.203734899764,12873.863482441777,13031.108295178203,1893984.505019493
2022-06-21,BTC,13018.687060752243,13171.579417369745,12802.76287117893,12973.267109520331,1467759.8277581423
2022-06-22,BTC,12937.375317232332,13048.65315049894,12573.451567470162,12693.221900481643,1579161.640133245
2022-06-23,BTC,12706.628423643033,12817.622763014755,12545.27623491141,12715.626378645944,1045381.4911162445
2022-06-24,BTC,12805.874634357688,13250.347845851313,12639.972853442843,13141.021851513524,1500001.728470322
2022-06-25,BTC,13243.018845195395,13336.446897958936,13153.052669834282,13259.347929390258,1992182.5356677866
2022-06-26,BTC,13281.049148793947,13894.608921522244,13266.9941326353,13748.936662377919,3193737.178796929
2022-06-27,BTC,13662.057335443775,13741.589269373924,13231.518938035704,13393.381496909753,1795315.2972313596
2022-06-28,BTC,13257.296251101234,13955.739939538234,13189.242351149936,13860.602383389965,3173997.862746571
2022-06-29,BTC,13761.63768105348,13870.358146860752,13685.783528242473,13796.962713164365,1550740.1802814773
2022-06-30,BTC,13813.247801798125,13899.414364926313,13601.393866293694,13777.345680985905,1988420.7679522433
2022-07-01,BTC,13786.535383387067,13913.114804641502,13355.878892092918,13527.063865978364,1349235.990277006
2022-07-02,BTC,13534.42446082017,13815.432313488902,13466.499736185184,13630.844156765686,1445518.2879870697
2022-07-03,BTC,13601.794597720042,13738.956172514072,13269.968512029234,13412.369877483015,1301489.4777525463
2022-07-04,BTC,13533.325428123348,13592.863948435233,13341.814644134784,13412.54017666498,1340467.1927802302
2022-07-05,BTC,13361.958208392452,13997.733778138114,13221.494431677347,13827.663503681075,1580480.5111400017
2022-07-06,BTC,13821.527756556989,14369.1841601456,13769.35123381744,14227.331727154078,1868307.35148455
2022-07-07,BTC,14267.911200091972,14919.207357349893,14173.451680040434,14729.430830318684,1257539.2391270762
2022-07-08,BTC,14737.086681859231,15168.449755362495,14490.151550471617,15048.963372259292,1218314.2456985589
2022-07-09,BTC,15084.584151583318,15093.144701141026,14934.646848138236,14979.318081301706,1648093.9544705292
2022-07-10,BTC,15117.440352949934,15681.824421799249,15004.902944647616,15420.955241780315,1079308.398615157
2022-07-11,BTC,15245.109988865328,15747.409775914433,15073.175162317404,15634.263148364664,1188176.9468682455
2022-07-12,BTC,15590.222807243525,15595.441592361498,14922.23856407451,14926.46693543865,1212226.3336296964
2022-07-13,BTC,15058.45729328685,15139.340668504614,14804.622412841392,14877.463409516547,1678963.637354831
2022-07-14,BTC,14903.616931319446,15058.514514270406,14757.823294569494,14947.472383933371,1626311.2396954887
2022-07-15,BTC,15037.78520387872,15116.311353341374,14828.959640048832,14930.141231923482,1463378.1006434127
2022-07-16,BTC,14947.5560248866,16029.140297858894,14899.819079455887,15912.293122717561,1900831.5916899065
2022-07-17,BTC,15811.711108581336,15933.964553518475,15290.07289377558,15459.29679655097,1156191.4996093665
2022-07-18,BTC,15582.989292998183,16420.419359886906,15366.26761118703,16125.37711673267,1423231.4552672803
2022-07-19,BTC,16094.36471561153,16106.233068596626,15605.414085789916,15707.85015862271,1601569.1353006214
2022-07-20,BTC,15843.22550619168,15978.4434788753,15396.772836462163,15661.027467421824,1763308.5327717164
2022-07-21,BTC,15581.272256087694,15949.393275460452,15509.197702883766,15770.58358218508,1453161.005372554
2022-07-22,BTC,15883.95776020077,16129.436098278851,15756.317945120318,15938.593158561413,1009040.3076867169
2022-07-23,BTC,15959.76760694264,16117.148213688743,15460.436513050234,15527.361178021807,1989525.1589186941
2022-07-24,BTC,15682.505568968392,16078.287035179132,15531.36719474246,15915.838787541887,1134143.0851982716
2022-07-25,BTC,15957.449618279654,16633.09067234676,15831.028656402254,16543.332788078664,3491545.3157643504
2022-07-26,BTC,16585.53320391362,16806.496971678298,16314.336739531876,16585.422235937836,1921456.6333524506
2022-07-27,BTC,16605.989036708037,16982.617254367615,16517.46688597483,16818.04039119514,1982331.1631369204
2022-07-28,BTC,16818.99835527442,16869.24668658396,16115.239164492588,16384.7682406367,1460098.95363519
2022-07-29,BTC,16574.89341218912,16850.07383689466,16107.293020980527,16337.577224363944,1065438.909878967
2022-07-30,BTC,16258.87549611216,16427.744575835022,16045.924677005092,16170.012262609822,1564201.0895609255
2022-07-31,BTC,16286.686278935083,16562.39877545614,15577.370612212906,15681.163111124528,1224082.783093353
2022-08-01,BTC,15754.551142097353,15992.642283561006,15589.667391819723,15912.786481587043,1203205.2675339982
2022-08-02,BTC,15776.031564443938,16024.205058542631,15392.084499654708,15972.834188302708,1216609.291593319
2022-08-03,BTC,15949.16031624437,16218.595351726186,15884.7214986164,15906.258452430407,1267276.1824299812
2022-08-04,BTC,15728.709598804002,16029.180979148445,15518.040389719912,15903.451554093923,1485551.408470427
2022-08-05,BTC,15867.605492996523,16313.198534467068,15822.438143305755,16221.044026898122,1453047.8508179458
2022-08-06,BTC,16124.805968226041,16320.049293752365,15270.585969026897,15566.99074230139,1360364.3629416022
2022-08-07,BTC,15383.899849437747,15915.077059853698,15105.496437297255,15696.182306914894,1994823.1349602253
2022-08-08,BTC,15716.19595812527,16204.8958284485,15437.582958080755,15865.21221455758,1009425.6410999915
2022-08-09,BTC,15836.513741760453,16348.642255166173,15729.722669558154,16206.648498256407,1168742.0566713745
2022-08-10,BTC,16168.07699131413,16309.035234197381,15869.44057345938,16279.185156329424,1716356.6305985684
2022-08-11,BTC,16095.024280431431,17334.39352561465,15938.08512813205,17106.97220064778,3225800.455579327
2022-08-12,BTC,17080.48849124892,17313.35423105977,16928.626159234278,17233.28106932945,1430496.27317804
2022-08-13,BTC,17245.98555963998,17763.901394507462,17095.127315411493,17514.746466500197,1878572.1295352867
2022-08-14,BTC,17598.164662448664,18413.29897388021,17369.6523343526,18173.897266817155,1178981.194078269
2022-08-15,BTC,18117.2097668448,18384.149616053946,18060.631205467893,18229.623335390308,1112363.126351921
2022-08-16,BTC,18331.533870688992,18585.48584259821,18101.347223880464,18224.050915553773,1215137.3688368257
2022-08-17,BTC,18178.104714146906,19480.532457130626,18086.581618760374,19317.467496024394,2118995.386566019
2022-08-18,BTC,19361.08459898476,19888.196729005023,19155.89373947876,19577.076979580503,1408122.4112921862
2022-08-19,BTC,19538.24862688643,19892.65639944513,19156.12651143886,19340.001865457165,1653114.4786904766
2022-08-20,BTC,19300.06844811535,19353.18367858673,18869.15098974753,18949.120699257594,1874073.749372883
2022-08-21,BTC,18836.68319533195,19092.68624416426,18577.8727829781,18971.290173394198,1972936.35570434
2022-08-22,BTC,19044.460014154785,19162.256985321026,18723.487489723873,18921.96158238748,1998354.9686892324
2022-08-23,BTC,18927.085767060646,20067.47100114662,18789.16016687383,19807.681970291484,2899633.9031606507
2022-08-24,BTC,19869.27913957578,20066.968768594008,19626.120433665717,19851.54377086985,1843057.3241474675
2022-08-25,BTC,19596.95343375217,20424.68272004811,19374.41297863784,20067.624277756062,1324372.8703621847
2022-08-26,BTC,19946.857473868833,19998.383770233133,19393.361597756062,19813.950400350655,1000932.28722714
2022-08-27,BTC,19581.020063324457,19822.690131086543,19413.13212617437,19803.304271536195,1994748.71441642
2022-08-28,BTC,19969.946374244602,20466.98560478331,19887.57088024913,20289.376538808872,1712172.9483017172
2022-08-29,BTC,20381.66787060306,20425.498705722097,20066.908547488943,20149.63258917425,1322136.6932391755
2022-08-30,BTC,20040.048548120296,20248.092539355435,19546.910685895156,19860.47087138016,1264930.4886331994
2022-08-31,BTC,19787.27658703237,20665.93159876805,19727.494707362453,20507.934433043385,2657912.7820377788
2022-09-01,BTC,20574.947372547245,21212.5729532387,20445.412421141904,20886.615603333375,1523931.7059877622
2022-09-02,BTC,20847.17475506625,21040.28515374667,19927.274060504078,20170.68624055118,1821885.0095705355
2022-09-03,BTC,20213.42472905772,20515.505991025515,19762.186667194183,19769.385418245205,1867780.833769993
2022-09-04,BTC,19800.589432319113,20815.967055178447,19781.286117509815,20519.20654517627,2021461.2196240346
2022-09-05,BTC,20596.325108210858,21365.108443149777,20352.73736574071,21080.52141053377,1803213.0488945972
2022-09-06,BTC,21061.942602682546,21359.41016074124,20514.89715505338,20756.395339474944,1996961.9620308382
2022-09-07,BTC,20628.396292789617,20733.40420690287,20417.70112406706,20699.522907913914,1758802.8126756677
2022-09-08,BTC,20851.15774012989,21667.80100719969,20569.672396647882,21578.849275422293,1237629.2766835205
2022-09-09,BTC,21664.50952752223,21841.42859157122,21391.057760379423,21599.34368876318,1200852.85604602
2022-09-10,BTC,21580.174251072407,21970.497478585694,21231.29781474697,21685.31574273292,1274595.409012772
2022-09-11,BTC,21771.851481473757,22091.185211033637,21617.043419191123,21865.435527684254,1636142.9504557794
2022-09-12,BTC,21797.198167954637,22312.793622240915,21511.29898324066,22303.39288333899,1617861.470438955
2022-09-13,BTC,22332.3425716346,22579.42672168568,22093.61293386999,22497.75013660254,1712536.4002071004
2022-09-14,BTC,22630.40677838302,22808.196473381504,22592.391726263962,22752.14352931708,1352352.5166409155
2022-09-15,BTC,22870.542282597722,23156.07810214249,22422.114497455466,22591.917614697402,1971376.283852098
2022-09-16,BTC,22464.818287529994,22758.91104638029,22349.265547831204,22616.723499907912,1070779.8531646957
2022-09-17,BTC,22484.266189194528,22831.803785105523,22303.17888951456,22784.811608674994,1901313.3245929584
2022-09-18,BTC,22753.714143011104,23120.194952868533,22618.719628379484,23041.43870089961,1462178.1535517054
2022-09-19,BTC,22920.384942243592,23600.811523696702,22674.318132502514,23519.843982477345,1439837.6449764855
2022-09-20,BTC,23529.10873317767,23835.969218917042,23060.430882551533,23114.88279559508,1740448.1709021686
2022-09-21,BTC,23138.00809018417,23419.058297997854,23062.700144669478,23285.229013791624,1769228.416588082
2022-09-22,BTC,23215.72413120807,23756.60338351309,22961.057125210114,23534.439018867863,1817479.8489769762
2022-09-23,BTC,23570.641486984026,24279.584485912677,23510.413218275382,24059.17964171556,1055004.6922564008
2022-09-24,BTC,23852.76353556443,24019.679586949675,23526.890496162123,23744.895110603527,1691014.869123166
2022-09-25,BTC,23837.940078163665,24315.994469228164,23228.032280398627,23436.374829125394,1871932.7049442872
2022-09-26,BTC,23536.872646432443,24341.91075193768,23326.518786612844,24140.467775253077,1988680.6647396453
2022-09-27,BTC,24252.104965776405,24641.95737250824,23947.992582835246,24465.22838106926,1858878.3167211434
2022-09-28,BTC,24405.033141790118,24583.06579000477,23770.609452652825,24005.34803776281,1304489.7038379495
2022-09-29,BTC,23812.839134538593,25101.616760929086,23670.468859815286,24807.09154045199,2163613.170662152
2022-09-30,BTC,24866.478982379816,25994.80254187938,24543.72941101023,25883.609538406054,2680176.687820062
2022-10-01,BTC,25809.156222616904,26074.32571883229,25422.901676135483,25571.99712825354,1919378.7031391056
2022-10-02,BTC,25554.822413065613,25806.48633913285,25179.815960137934,25650.264797874832,1408928.6174730677
2022-10-03,BTC,25596.275448463028,25786.252718430344,24912.528807580256,25364.49824256941,1291534.2912118896
2022-10-04,BTC,25098.782121303208,25187.96966461513,24948.465058015427,25100.904090928096,1934858.9906678146
2022-10-05,BTC,25205.778381060845,25583.426445783793,24003.265471538107,24267.578542583844,1639273.5401128486
2022-10-06,BTC,24355.431785168337,26196.72599180527,24064.604115475217,25777.330092120934,2124298.1137748347
2022-10-07,BTC,25684.345523204523,26988.567218706965,25596.41544172876,26689.463896442212,3012933.268374043
2022-10-08,BTC,26570.20414518379,26914.78180674259,26085.033149442443,26601.501308097235,1145775.5027528529
2022-10-09,BTC,26547.86813027513,27524.802579659383,26273.770919083774,27220.932295356142,1784252.6144648488
2022-10-10,BTC,27169.575754575242,28305.049888654143,27013.180054827986,28122.501648888963,3430580.995949593
2022-10-11,BTC,28032.456097393333,28659.41633470957,27704.80151986109,28161.65909308036,1041756.5715323698
2022-10-12,BTC,28040.90040768568,28909.171425781748,27604.431211604926,28626.870319866197,1318729.644320472
2022-10-13,BTC,28589.970555945798,28976.511246375125,28302.65344589803,28492.764293921737,1841305.2872909622
2022-10-14,BTC,28742.791813842006,30216.053778957055,28501.97301785767,29771.451929948675,1859296.2159939716
2022-10-15,BTC,29946.459601842223,30253.575827346824,29009.82082178006,29457.376567057618,1093590.3504353468
2022-10-16,BTC,29520.570061515227,29544.78228731072,28292.31006651727,28642.174632020935,1114372.7752477855
2022-10-17,BTC,28564.914409153345,29782.508861003877,28528.41158658733,29007.40614279949,1939429.2944989523
2022-10-18,BTC,28983.642475280234,29077.237502231623,28207.841606256483,28660.728215052386,1496550.4325136018
2022-10-19,BTC,28628.30447500356,29261.58110490204,28343.28199758876,29176.092443433157,1597776.998459618
2022-10-20,BTC,29157.029938417643,29508.33527821555,28764.525914823196,29115.649729756427,1893064.661063819
2022-10-21,BTC,29012.10073236394,29868.626499271548,28767.977215749088,29562.054596577636,1598793.3434595661
2022-10-22,BTC,29528.862472196088,30973.834893886295,29336.983055670786,30448.838182103602,1050055.6988416624
2022-10-23,BTC,30621.86845125474,30902.41510987308,29939.836183069325,30464.8511045205,1178857.3422256724
2022-10-24,BTC,30315.315862391046,31208.089893836826,29960.509148042856,30717.819427016104,1095668.6567288588
2022-10-25,BTC,30614.467880521446,30721.421073366757,29413.32418231758,29586.59345127107,1033727.0948261885
2022-10-26,BTC,29579.859106673164,29789.057192196047,29280.2227603511,29483.055906088386,1577990.4413013922
2022-10-27,BTC,29619.90244067786,29831.29115934973,29229.80196909119,29419.349874573032,1169697.5206043262
2022-10-28,BTC,29362.452138196422,30675.598117633435,29347.889627691806,30201.892533953658,1480247.112388786
2022-10-29,BTC,30266.7504027746,31034.799742450912,30046.36933605741,30691.955363901452,1496128.836799183
2022-10-30,BTC,30671.305581227603,30839.43392778336,30227.888046739157,30520.924303797816,1535467.6026259605
2022-10-31,BTC,30513.463977213676,30848.154527103627,29586.96986710161,30001.365825654084,1203458.2941833027
2022-11-01,BTC,30096.88356148147,31120.345910276425,29954.3336543731,30693.76953463792,1890609.026662964
2022-11-02,BTC,30735.601103560046,32827.129945074805,30439.179643807533,32775.046525601094,2826740.8697283673
2022-11-03,BTC,32643.439588657733,32937.26042741178,32436.971129334146,32636.439473777697,1264174.1782289562
2022-11-04,BTC,32674.230968841275,33819.073900335636,32395.58230803897,33682.7774177343,1890504.9198921933
2022-11-05,BTC,33817.039476932776,35327.36183097058,33286.416325356884,34984.02516614434,1784012.8430198506
2022-11-06,BTC,34911.108076110606,35365.78855440562,34360.95626765751,35042.81247349316,1982951.8131768357
2022-11-07,BTC,35117.54737769734,36682.36164538047,35102.584562732714,36497.563286849094,2415729.4716775804
2022-11-08,BTC,36271.23790292118,37207.9656536394,35957.52724234129,36847.74741571438,1940308.2648768192
2022-11-09,BTC,36966.50364544194,37440.63045360645,35961.78277077202,36360.617943695994,1733754.7802284297
2022-11-10,BTC,36247.9760318923,36507.39515993119,35802.001605471785,36210.49558859528,1198200.642503042
2022-11-11,BTC,36401.788386984306,37816.85797172988,36168.280483375864,36736.88823123795,1791588.9686397857
2022-11-12,BTC,36769.72968306669,37188.78083942637,35812.544593135266,35874.99091672247,1751461.160209034
2022-11-13,BTC,35766.59394863138,35795.39668125271,35462.40891015047,35539.092103074785,1786617.0362483973
2022-11-14,BTC,35725.01967382006,37323.71916764309,35317.198463279994,37067.35452944121,3538349.472631571
2022-11-15,BTC,36741.92199522759,37346.449014338825,35603.948008806336,36184.34080440126,1937132.748238493
2022-11-16,BTC,35982.20999161386,37887.96589308649,35939.74087669399,37352.00358649262,2862686.8821420074
2022-11-17,BTC,37517.45551980275,37952.86840998164,36015.849754412564,36047.57140922297,1298971.3232817098
2022-11-18,BTC,35982.83972550337,37622.52518081198,35688.739356055514,37183.4929168189,1968459.9770840646
2022-11-19,BTC,37018.171726997905,37725.78378990883,36799.3130903762,37304.29457170909,1198013.5633619558
2022-11-20,BTC,37347.29437710721,37500.280669138774,36449.85873626645,36799.690528931635,1685326.262485503
2022-11-21,BTC,36586.20674358628,36997.78527390103,36454.4392703121,36465.999933107465,1682856.1780892848
2022-11-22,BTC,36319.517931144095,38261.36112244043,35949.56728501829,38000.288096776996,2974457.033049178
2022-11-23,BTC,37822.35819140415,38375.534091498324,37683.93304205668,38358.41126954346,1792949.4776186594
2022-11-24,BTC,38365.94364241172,40032.182159353564,38011.123682189376,39561.806817894176,1812390.3533472402
2022-11-25,BTC,39720.004526992634,39869.68783131024,38225.41744824692,38619.06646859283,1213656.969987596
2022-11-26,BTC,38974.528605071784,39182.99303376006,37669.72671039182,37903.53923807557,1087976.2470160497
2022-11-27,BTC,38253.94152762778,38282.77087385398,37674.98181633583,38117.906377131665,1807131.5381059833
2022-11-28,BTC,38356.33454666764,40243.65919191048,37919.07865758225,39462.81397838362,1184106.0399239499
2022-11-29,BTC,40052.94099488946,40302.31106237725,39293.406760969076,39759.022990933365,1889856.13596329
2022-11-30,BTC,39436.33995120798,39571.92785273711,37386.884710921455,37864.943032289426,1955783.7313131122
2022-12-01,BTC,37836.125897780505,38335.51823071779,34414.61255589316,35036.46355455135,1162213.8127009275
2022-12-02,BTC,35035.514281258584,35579.70830763541,34337.45704256359,35028.998459776514,1454570.7446728633
2022-12-03,BTC,34880.269506295364,35388.50040139603,34501.96094668308,35130.6025168481,1552676.7204297448
2022-12-04,BTC,34937.839849562995,35649.34797957617,34342.60893003865,35619.03698728777,1893800.8193175588
2022-12-05,BTC,35545.59303873777,35701.07384075077,35178.15610466031,35361.768416722574,1957844.5650326782
2022-12-06,BTC,35599.990489939984,35780.25486618117,34551.19902868004,34739.52443793575,1522181.3083341424
2022-12-07,BTC,34332.58413741353,34445.70669859552,33174.75988043401,33477.944960205365,1976198.5020189981
2022-12-08,BTC,33611.51988542345,35283.63339600273,33505.151821517895,35076.92997586602,2605920.543969164
2022-12-09,BTC,34633.728695893005,34899.622739015926,34583.61727447556,34609.57292064666,1035107.2024421928
2022-12-10,BTC,34709.9465285276,35442.17159824527,34247.19474763755,34451.5628531618,1144526.2669597536
2022-12-11,BTC,34309.859335330366,34815.312724029645,32952.35904117608,33300.090266638355,1747373.7641392017
2022-12-12,BTC,33174.108895274076,33485.58261505136,32534.369389308198,32693.408085131603,1544287.614716621
2022-12-13,BTC,32952.6358806776,33036.92822563307,30835.145003421225,30888.4949094265,1676497.1810537314
2022-12-14,BTC,31213.23714718283,31422.26608521153,29634.994770797995,29681.979554130994,1277480.5972293178
2022-12-15,BTC,29880.189069612636,30745.659264320453,29847.103255553633,30324.403796605635,1347245.2155777945
2022-12-16,BTC,30493.19276975867,31359.906494675906,30281.91150412966,31001.487398514702,1738344.6136155212
2022-12-17,BTC,31142.776473616155,31810.644934366082,30819.31899672508,31378.830924231057,1382970.3612407926
2022-12-18,BTC,31279.440229306114,33508.711825351806,30873.709753302577,33144.57495745165,3498700.2674827063
2022-12-19,BTC,33310.04411227323,33654.378030262524,32980.08698135699,33442.39547847746,1260210.0920810658
2022-12-20,BTC,33564.77449726494,34021.401737007924,32534.50108961376,32800.40664439758,1203974.5891526418
2022-12-21,BTC,32683.661794025516,33765.55492565636,32588.201514949058,33317.57462240965,1778646.3789078395
2022-12-22,BTC,33423.02285691081,33733.87852288772,32995.06752797489,33106.62235408843,1558744.9062474018
2022-12-23,BTC,32815.0678383512,33080.71320154956,31589.919908491873,32028.26526291696,1917489.8370768144
2022-12-24,BTC,31999.205238445127,32185.401130272436,31023.968425828716,31216.57503783379,1771362.8784697168
2022-12-25,BTC,31306.61290603251,32711.792428196804,31084.174143462402,32585.480828194948,3491860.565898153
2022-12-26,BTC,32730.804796967448,33249.57312790706,32141.51103491812,32521.365635731094,1753735.6063929223
2022-12-27,BTC,32340.253267918022,32664.776103234035,31607.332974569912,31821.47726665947,1306947.359188801
2022-12-28,BTC,31427.344041948512,31517.32630196508,29911.004406405984,30009.39906147749,1774609.9487232682
2022-12-29,BTC,30272.517898270264,30537.094548448,28572.566667266798,28699.781426877646,1392569.96288755
2022-12-30,BTC,28549.720481501146,29018.49702734102,28026.791513155338,28624.15173402612,1531791.863856163
2022-12-31,BTC,28590.224225670816,28922.359687742704,27173.98410549678,27377.865311708734,1338729.0662669064
2023-01-01,BTC,27446.155125495407,28013.781853978704,27202.73808054563,27937.619828076513,1667812.0585943987
2023-01-02,BTC,27857.556381944683,27988.658788661778,26872.62044601869,27067.856779011538,1844794.472154533
2023-01-03,BTC,26766.794184417377,27292.099590743732,26363.475282670308,26909.715165204703,1754115.002145689
2023-01-04,BTC,26908.47697132276,27364.799465896736,25197.56663047765,25301.449355293276,1820979.2295862283
2023-01-05,BTC,25050.53855380416,25435.18595260672,23770.16938664454,24125.561838824477,1703776.9286657188
2023-01-06,BTC,24050.23749576851,24445.6389459192,23246.73112775219,23524.099766292282,1824246.3507433904
2023-01-07,BTC,23620.791375678138,23843.66302047842,23139.64923931988,23401.507959563627,1676009.2643573242
2023-01-08,BTC,23361.695667131167,24312.04589414915,23011.681658115518,24237.33000020552,1929924.7713335534
2023-01-09,BTC,24127.83179458505,24661.553594390385,23907.019761956166,24238.58594828663,1138761.6727268125
2023-01-10,BTC,24288.721099828297,24332.57910919924,23810.50537550334,24078.465611946478,1807375.3046413157
2023-01-11,BTC,24145.160035180077,25369.82805726816,23872.755887146206,25061.891349412745,2933008.592466187
2023-01-12,BTC,25175.691466193264,25306.023261587157,24495.376799486246,24681.437784882677,1793468.2355856518
2023-01-13,BTC,24955.306893610104,25358.570541944955,24875.146673242325,25065.65609286031,1030490.5788822987
2023-01-14,BTC,25030.132881217087,25097.747098205866,24638.416502652195,24858.312228389022,1063056.267459094
2023-01-15,BTC,24683.711346560136,24776.946622626645,23653.223809576488,23806.274159231005,1512086.540121788
2023-01-16,BTC,23752.128469328374,24282.820453239834,23121.95262701406,23196.0878330915,1804170.2611099835
2023-01-17,BTC,23166.160962992566,23740.334337522312,22961.51132721303,23475.053607601298,1477876.7941564573
2023-01-18,BTC,23590.46724754143,23945.058275341657,23547.009320993464,23822.783724499954,1454653.3092166223
2023-01-19,BTC,23900.582210691016,24019.910496701486,23216.65592316996,23482.838015274156,1194207.9296443623
2023-01-20,BTC,23313.7035850137,23437.50193569008,22811.178481720104,23047.380198354705,1703736.9887759243
2023-01-21,BTC,23150.00953015095,23157.749485992957,22951.680623047745,23093.168047959858,1973014.3941658014
2023-01-22,BTC,22755.939681894717,23152.295771131623,22414.047545479876,22529.86159346701,1719512.4850852494
2023-01-23,BTC,22565.08604926225,23187.25049083515,22343.607555272178,22711.765439808285,1721986.1205471128
2023-01-24,BTC,22633.936463075355,22787.72737718289,21869.764548075906,22121.00443960856,1632228.2352721572
2023-01-25,BTC,22114.92904925157,22660.122931870123,21897.06339033834,22378.583707407695,1355260.6137172792
2023-01-26,BTC,22234.742889070763,22976.167458550877,22020.24898277526,22831.757644828107,1106699.9350348574
2023-01-27,BTC,23027.23111055103,23583.15800703708,22756.835873192515,23372.17564699514,1911722.3124030079
2023-01-28,BTC,23218.95141870064,23459.799125039914,23021.971413930747,23175.919882999166,1108865.7791040936
2023-01-29,BTC,23111.666364850622,23346.40417613502,21967.59496819032,22249.85034596301,1021218.4558623726
2023-01-30,BTC,22136.008166724012,23210.809411865488,22041.453387141366,22647.824735874437,1436747.400272004
2023-01-31,BTC,22514.841855613813,22815.728440224455,22224.756834142965,22227.448268773973,1133829.6617442206
2023-02-01,BTC,22234.928087169257,22482.704099077695,22090.250550426656,22393.888350420908,1009124.4564444013
2023-02-02,BTC,22187.339886671925,22594.060825458047,21980.197194885932,22431.16634414301,1889020.901716015
2023-02-03,BTC,22420.159142661072,22538.180269986955,21642.966038151582,21978.54367502021,1885313.6856985334
2023-02-04,BTC,21996.82656256828,22221.871690733846,20721.832595254396,20986.06696435827,1905795.4799725923
2023-02-05,BTC,21025.754887673902,21159.9207197925,20466.318912445757,20622.874159338797,1199905.2199724084
2023-02-06,BTC,20667.296099562544,20726.077791942334,19727.80024098089,19788.724251871183,1439629.396510801
2023-02-07,BTC,19867.240511233005,20696.17873641564,19651.29926114493,20382.59057969814,1400216.0627536688
2023-02-08,BTC,20211.417752627047,20404.579272174837,19304.369761567985,19622.761261951044,1692032.157485369
2023-02-09,BTC,19634.27138916978,19944.935741111814,19053.213088835462,19155.559924104287,1062741.6945974173
2023-02-10,BTC,19492.94977253386,19683.948420127956,19114.012359300497,19384.343533953383,1788053.25735529
2023-02-11,BTC,19236.885346773724,19504.60045877048,19090.593657859496,19332.318323607935,1093797.2434460628
2023-02-12,BTC,19301.11775494284,20165.716719341053,19120.184881056175,19949.432619633324,1240450.8064774263
2023-02-13,BTC,19913.872816905983,20062.134262197495,19890.388903167383,20012.675649688907,1638639.4096766408
2023-02-14,BTC,19967.1161485338,20281.376042948268,19771.684392737403,20087.407082459635,1757120.4897498726
2023-02-15,BTC,20284.194435811827,21313.230376197673,20164.83363486719,21143.247409246684,3252715.57683037
2023-02-16,BTC,21272.99652305403,21737.882327273215,20966.159287231716,21368.113364193192,1889665.8896030525
2023-02-17,BTC,21363.783921903774,21653.225694051413,21074.327647247716,21156.40492409247,1821352.6612938838
2023-02-18,BTC,21153.659400793196,21155.496558995193,20101.081596367956,20181.446739070045,1077621.5471769175
2023-02-19,BTC,20232.269551384215,20757.691521722176,19951.787469541814,20603.906841240314,1007632.2001211264
2023-02-20,BTC,20576.629891539353,20870.06460965376,20321.652304764975,20341.703703031337,1457985.9391507371
2023-02-21,BTC,20464.510728085912,20989.569239523564,20175.903993280193,20767.55867072372,1110400.770699086
2023-02-22,BTC,20744.47400299474,21311.767533789898,20520.916914915513,21155.247695596838,1730173.328808925
2023-02-23,BTC,20955.561427342924,21605.898089520793,20707.284275848393,21315.651232160617,1302723.0598718661
2023-02-24,BTC,21243.53250189486,21329.601258054798,21018.433727042466,21026.974514578666,1768790.1049258402
2023-02-25,BTC,21029.14728737427,21364.820516820088,20704.30918697784,20998.913361193834,1598764.4658526934
2023-02-26,BTC,20981.390168001777,21025.694170796854,19912.76399084989,20170.466409697285,1648577.3266168362
2023-02-27,BTC,20071.890722266653,20813.929853927817,20040.237010422272,20550.429780701335,1837188.1996013548
2023-02-28,BTC,20520.349974414832,20604.10169053673,20258.8081764046,20262.161844180202,1430773.5920036403
2023-03-01,BTC,20209.112871594054,20515.067072759368,20065.63829469861,20210.618289683727,1706492.5516705194
2023-03-02,BTC,20313.133343688736,20433.34065662475,19824.216269728357,20077.333380967386,1094717.1834270288
2023-03-03,BTC,20196.36106892182,20218.67600145479,18629.251916105288,18639.573821194816,1762331.5648961698
2023-03-04,BTC,18332.41055578633,19062.451991192476,18240.792437161443,18890.897558347184,1249747.403064074
2023-03-05,BTC,18903.08772680518,19101.706457226577,18248.76023473401,18608.843225558343,1920903.3758645367
2023-03-06,BTC,18777.43651789522,18983.395150411572,18160.856670905716,18185.81814891246,1794599.0940875683
2023-03-07,BTC,18175.556237653425,18382.32597829102,17672.666955394954,17763.975976143825,1626977.1705340852
2023-03-08,BTC,17862.054302996858,18084.865564158117,17147.439557795202,17292.091042014352,1530918.419759
2023-03-09,BTC,17187.74815967755,17440.03170070049,16566.222485708866,16683.93616722447,1913782.0416601645
2023-03-10,BTC,16440.480235039373,16646.076943473174,15690.637304404083,15862.662108426004,1287389.135025974
2023-03-11,BTC,15853.924678109463,15986.956031261821,15469.123825321069,15735.286685605863,1989702.5745188065
2023-03-12,BTC,15825.96078593823,15929.966885681051,15795.331420261018,15843.624375106867,1746025.616558687
2023-03-13,BTC,15771.783886645875,15912.725990371875,15448.123164356526,15607.05664599012,1691147.3413276812
2023-03-14,BTC,15677.276514981844,15950.052717191928,15470.311709746326,15585.7026372141,1591130.175754587
2023-03-15,BTC,15480.810767475885,15593.317488027837,14949.719512959238,15024.789603939584,1063941.2531971799
2023-03-16,BTC,15031.086351102302,15134.160471406754,14764.250946537886,14930.235230519474,1112862.65196238
2023-03-17,BTC,14939.613508193761,15046.667271709386,13722.740163985189,13795.958972968776,1769434.9993022524
2023-03-18,BTC,13830.138963011454,13926.709347879214,13564.520702689924,13754.946316791,1689519.8462398225
2023-03-19,BTC,13800.134456359589,14083.369089883305,12929.1996357972,13132.927034188278,1342346.104403525
2023-03-20,BTC,13115.822089136655,13260.634040675974,12945.112264566427,13021.265316959856,1855012.634462651
2023-03-21,BTC,12911.180256878757,13050.856522018481,12786.053470110099,12936.3131416275,1189948.1719184548
2023-03-22,BTC,12910.696857254947,12997.343420284096,12866.765415724349,12936.635041693413,1661220.2842760663
2023-03-23,BTC,12975.819817513617,13274.364808333987,12700.39306902354,12922.143976895231,1383011.782571226
2023-03-24,BTC,12839.873199413973,12960.147903179637,12337.529144055337,12472.285248289721,1014818.1413734459
2023-03-25,BTC,12440.700963098992,12621.73548571884,12319.055072519357,12417.238704352072,1722641.4172077803
2023-03-26,BTC,12517.47976256459,12865.677572395907,12345.050949089464,12751.668256784913,1523049.575561163
2023-03-27,BTC,12788.925069721496,12984.549790754503,12724.062527154321,12850.893100108931,1380772.9254085943
2023-03-28,BTC,12796.219367710608,12930.013556264354,12539.861041424443,12696.019345417817,1384180.2615906077
2023-03-29,BTC,12777.698203890708,12815.041558559964,12221.5428882528,12354.723255256233,1050570.4589158746
2023-03-30,BTC,12233.928969277436,12345.742674744855,11699.534221903743,11820.287818178032,1438344.4747882173
2023-03-31,BTC,11872.66290510666,12110.798645855535,11791.380773832823,12010.359882903429,1117768.9394724544
2023-04-01,BTC,12016.074254021387,12133.591956938439,11555.694650303229,11723.899322251887,1118310.4752808036
2023-04-02,BTC,11751.456752322261,11957.934512352085,11619.126011887583,11900.474709757988,1554787.8820992254
2023-04-03,BTC,11922.47434648903,12113.526826226724,11891.81226210229,12008.812070891345,1870216.0120002828
2023-04-04,BTC,11975.548294671255,12697.743109113417,11776.181858304057,12447.708826473254,2744712.559139325
2023-04-05,BTC,12493.302286686605,12639.914248574169,12320.586939184053,12399.990472912557,1083079.9600284528
2023-04-06,BTC,12568.157248285479,12573.637555219126,12259.220584435569,12395.19370872431,1074435.061266529
2023-04-07,BTC,12414.118466201386,12556.27134194625,11859.172023478757,12053.049725352077,1361235.4477356807
2023-04-08,BTC,12195.335994723144,12805.519576473333,12081.142310790732,12738.697565782568,1819583.6345075541
2023-04-09,BTC,12663.35064804691,12861.965831712718,12224.003666625951,12345.77403465749,1740457.2891609243
2023-04-10,BTC,12333.268200295654,12343.418802499426,11910.37934089447,12019.067921600204,1651136.2296677248
2023-04-11,BTC,12121.898773642111,12591.427473929252,12046.178027589816,12365.350634154107,1857316.7238946273
2023-04-12,BTC,12483.659000391288,12618.361983732832,11790.817881365329,11937.191927321684,1597957.2121686046
2023-04-13,BTC,11920.02090825221,12045.624652827637,11796.968335515183,11934.226269389803,1439015.5075151792
2023-04-14,BTC,11970.294598348579,12117.062369592624,11941.754119979258,12009.617046989324,1939441.6665005072
2023-04-15,BTC,12072.37280439991,12356.834680178326,11501.84302546929,11617.596107667676,1233100.8245484827
2023-04-16,BTC,11629.588238313065,11811.231573277635,11126.783855093554,11206.833119333427,1991852.6724895153
2023-04-17,BTC,11174.427792594057,11297.6557939757,10893.128393299588,10959.962658616108,1999581.7600514193
2023-04-18,BTC,10972.65507746177,11127.711513179345,10628.359348707527,10713.38884596568,1406979.323756012
2023-04-19,BTC,10793.025396111036,10952.18496171356,10402.612583094207,10504.458642976273,1162077.0114543512
2023-04-20,BTC,10503.470565650476,10560.026253496959,10373.608565583909,10442.371588096328,1454159.8221291984
2023-04-21,BTC,10404.913402598633,10528.585472326089,9846.632894216942,9964.438423366008,1120535.8525655495
2023-04-22,BTC,9956.039568126118,10174.771256457829,9820.532600589137,10036.760632387257,1581412.9361601053
2023-04-23,BTC,10023.274432279464,10127.186435939586,9902.866109536528,10033.299068115593,1585588.7444273012
2023-04-24,BTC,10051.481701814997,10209.779542173748,9710.637637275257,9752.083159127105,1860220.6643727657
2023-04-25,BTC,9739.702955207076,10021.334361814572,9669.80635039634,9875.782948704154,1051590.6768707882
2023-04-26,BTC,9861.606010299705,10050.766487549774,9768.374786346001,9912.661933625684,1288969.6564783612
2023-04-27,BTC,9887.82936031309,10356.509793590674,9769.625475606003,10330.24364926814,3327867.2079778956
2023-04-28,BTC,10245.747878411315,10392.512137638138,10155.58592128365,10330.302938590556,1243745.6957965614
2023-04-29,BTC,10261.29846750088,10395.206800069573,10019.399867433129,10030.98782905555,1962375.1756422974
2023-04-30,BTC,10053.38611888183,10206.576517708772,9995.967549981044,10047.201645097022,1181525.4603285051
2023-05-01,BTC,10003.909160667201,10098.781125166644,9760.171089014413,9896.330597220234,1523864.4648897452
2023-05-02,BTC,9875.512309158134,9959.852046051605,9776.608155826629,9796.3445192485,1471681.7752445813
2023-05-03,BTC,9703.326566006912,9856.66203606672,9376.350352375846,9464.777035050023,1677938.258355712
2023-05-04,BTC,9385.456973946502,9530.211085051256,9079.075015790586,9268.343339209641,1785690.7991411143
2023-05-05,BTC,9327.02552846683,9447.77297956814,9249.016008150642,9324.633285300746,1409118.245549862
2023-05-06,BTC,9295.93342247687,9851.65272144855,9136.949276268648,9753.400326845349,2447421.008975496
2023-05-07,BTC,9667.97440784033,9783.619426525376,9319.465394981973,9428.352286029234,1214943.1323924297
2023-05-08,BTC,9443.5221460097,9566.495102053696,9292.789363663493,9413.755777864877,1420786.3632318962
2023-05-09,BTC,9448.803303140063,9861.75657578624,9385.712846968652,9703.014667638152,1355680.9823595276
2023-05-10,BTC,9643.130853908066,9759.878404744326,9415.54910379234,9550.346900680534,1017613.3861873269
2023-05-11,BTC,9520.008165882891,9534.32418983233,9265.989416625622,9439.253215661556,1766778.0689312993
2023-05-12,BTC,9369.512608161509,9552.697908780046,9339.962450766314,9526.189628415987,1966322.077579472
2023-05-13,BTC,9618.140138050008,9813.822966957738,9496.483126328447,9740.268585726237,1821574.3531639199
2023-05-14,BTC,9672.747844828424,9814.5582593978,9242.481996071663,9282.306034071498,1198316.7223415105
2023-05-15,BTC,9288.792843207053,9644.835618705487,9241.802185587196,9565.728269423857,1070051.1246800183
2023-05-16,BTC,9566.784572607976,9792.566659694856,9484.68828863325,9706.929202330104,1229969.9051271044
2023-05-17,BTC,9798.29537257013,9898.05448488608,9669.252724762277,9756.285704726273,1114227.705318279
2023-05-18,BTC,9694.380719418108,10405.154676499753,9571.911001064625,10279.480099560074,2740184.4846314467
2023-05-19,BTC,10337.46143517077,10382.949577161884,10124.445226425969,10221.679788727097,1054980.3892316085
2023-05-20,BTC,10240.057506265737,10539.31714316015,10108.993176831722,10372.868658960022,1696627.1621999159
2023-05-21,BTC,10482.752201601703,10569.448241149608,10401.72283692639,10448.411087444041,1491791.428186483
2023-05-22,BTC,10581.922564135999,10895.127690425117,10493.0407718192,10817.328367233431,1153921.357087307
2023-05-23,BTC,10757.419914851398,10844.647000625448,10613.679938240228,10672.029643755839,1797151.6927492267
2023-05-24,BTC,10645.05129589152,10753.870959712496,10567.12910935215,10693.454002354727,1707762.542755626
2023-05-25,BTC,10586.357603977865,10855.127279941082,10467.812778980124,10754.973986989675,1663454.8490635382
2023-05-26,BTC,10740.990337258521,10867.656263981313,10460.481358919214,10621.775015596057,1107895.6562276501
2023-05-27,BTC,10586.484945524375,10678.190947422721,10323.70999589608,10472.843550520958,1533152.120797685
2023-05-28,BTC,10457.301338546438,10553.234157836181,10399.658405212893,10466.157302187261,1290805.8331270826
2023-05-29,BTC,10392.060138778874,10399.45763861295,10140.053982276031,10159.256619410336,1204637.6391220698
2023-05-30,BTC,10242.553339535589,10332.301007100108,10003.816620676256,10124.490632808569,1226311.374179493
2023-05-31,BTC,10011.720063634506,10158.085964434309,9978.267278191586,10099.363402953468,1794358.0508609917
2023-06-01,BTC,10148.454733162027,10236.080925615772,10021.043683876715,10095.096557851184,1609212.2369669513
2023-06-02,BTC,10105.304558097227,10259.697200340399,10016.852123379707,10202.800327158828,1931665.842454419
2023-06-03,BTC,10155.315212677542,10493.552154824038,10039.661217324732,10389.890683622047,1506798.3621236936
2023-06-04,BTC,10381.995118263532,10459.372829772969,10142.09873076928,10172.60736495861,1775428.0498246779
2023-06-05,BTC,10187.004966611901,10338.407478757259,10057.163068232783,10299.592641246049,1252601.3687515792
2023-06-06,BTC,10261.429514963518,10324.64257364747,10066.443976723152,10211.205681926738,1712335.9100401152
2023-06-07,BTC,10152.622197436749,10265.065847495327,10023.119154915912,10224.287449988286,1933918.3219870653
2023-06-08,BTC,10204.679064647664,10212.728058638728,10048.023600460148,10159.309852440552,1278590.8142704524
2023-06-09,BTC,10199.285707565992,11070.716234795804,10121.899778253333,10943.137545889704,2638562.764460646
2023-06-10,BTC,10905.343893101775,11102.593098449339,10652.554578916574,10787.167737949609,1770762.4684333748
2023-06-11,BTC,10797.675839991136,10872.23066402369,10632.721030259618,10744.18673795961,1963522.9091047717
2023-06-12,BTC,10760.995941311136,11128.657508542823,10692.945561255487,11025.42385487865,1106549.2905688083
2023-06-13,BTC,11042.42544890961,11273.283628266696,10963.815431419544,11249.357816457286,1169113.0119536412
2023-06-14,BTC,11351.266406774841,11683.757893669363,11225.926753054831,11635.680963974211,1123269.3932288482
2023-06-15,BTC,11821.952636071459,12072.515194059966,11684.824188460785,11924.05268030784,1740654.9225731066
2023-06-16,BTC,11826.584369209027,12465.278271590552,11694.943719678859,12393.408482910912,2887292.7387026716
2023-06-17,BTC,12474.159052441542,12560.631551249204,12452.20249832523,12465.26000337713,1129635.3917494295
2023-06-18,BTC,12642.066707885335,13225.556291946119,12456.152890020456,12996.788392802218,1338850.8543533222
2023-06-19,BTC,13056.639000022938,13261.66617406294,12900.803207230425,13143.599658527854,1148523.2187526785
2021-01-01,ETH,1194.980230928759,1230.6763332321045,1175.4901791861018,1214.1366381680834,1341599.6781186566
2021-01-02,ETH,1221.1443641637586,1253.770300065654,1221.115574254123,1236.206567804575,1574892.0689806817
2021-01-03,ETH,1237.0301477946048,1293.5015957358096,1234.1215661809297,1292.100236206887,3513636.2492715614
2021-01-04,ETH,1305.4302981684425,1319.763580629627,1271.5106079417199,1278.4536780894252,1365838.61933327
2021-01-05,ETH,1283.5253128584127,1292.3919482725457,1251.119874944866,1264.6179902422787,1227142.9152234723
2021-01-06,ETH,1260.4183519715555,1290.600214175266,1258.9963536940177,1289.6236044294571,1755586.8023023908
2021-01-07,ETH,1306.9857834244715,1331.095372351873,1299.9198357060866,1311.2652338997837,1728062.4596135607
2021-01-08,ETH,1296.8644182669261,1311.529869429166,1275.7225048341286,1300.0596429187028,1380670.8189621062
2021-01-09,ETH,1296.5283875916757,1311.7830453964352,1286.288322669014,1306.9088925252795,1820610.0467953843
2021-01-10,ETH,1319.392822040813,1340.651156392392,1283.626512898861,1284.408982088116,1139088.0335656975
2021-01-11,ETH,1279.5943012884086,1335.8538119301927,1276.416622512299,1329.0299832261637,1886401.6341303743
2021-01-12,ETH,1321.7134906086837,1355.5638711181155,1308.1647442563585,1350.502888423039,1782908.5995390392
2021-01-13,ETH,1334.473922543372,1361.7838006022196,1316.5301810297246,1348.0025925102534,1249344.7889686956
2021-01-14,ETH,1352.2490663820968,1403.1584769651656,1338.1172984426091,1376.2325982102607,1227094.9883016085
2021-01-15,ETH,1377.5601319115112,1400.766195843026,1369.7361896656068,1388.5784994238325,1462068.152726251
2021-01-16,ETH,1397.256147198342,1416.7532838829027,1334.547864270769,1345.0043234827344,1632301.3148236065
2021-01-17,ETH,1339.4148674040105,1391.1246792644386,1333.7825645009668,1368.0260706429085,1311524.150811662
2021-01-18,ETH,1360.4013851068044,1411.3237054932658,1342.5701175608108,1390.0806814405796,1829213.6929631734
2021-01-19,ETH,1388.965806482914,1391.3271621098204,1328.3735969842592,1347.4631014623712,1665536.099874164
2021-01-20,ETH,1354.8665179853217,1362.4039346502211,1329.724114107389,1361.18887205736,1695904.641324333
2021-01-21,ETH,1373.9798120160326,1449.4687241265915,1359.6168663755311,1425.4782075037256,2578252.548296317
2021-01-22,ETH,1416.607752829438,1438.0152886866294,1388.8759035756614,1406.2260140098015,1820411.7679238084
2021-01-23,ETH,1398.5371337280822,1418.4856294104866,1374.567490956117,1403.4470173403433,1801724.1065038866
2021-01-24,ETH,1420.564634478579,1453.4548631382365,1408.1391377499772,1431.4265963876653,1380591.6952859266
2021-01-25,ETH,1412.2584200288086,1427.114001442699,1370.1878400664893,1388.2974040050633,1329035.7851649888
2021-01-26,ETH,1382.9738656768266,1386.0670767441961,1366.5918019650856,1376.6281977510494,1668443.2318156315
2021-01-27,ETH,1392.840286953873,1466.981333101624,1380.306962830004,1442.885129703841,3231382.206792523
2021-01-28,ETH,1460.2493831026895,1489.0638756481442,1451.0184078660775,1488.1617486257271,1868470.2632509223
2021-01-29,ETH,1503.640231946369,1517.6925693575065,1428.9044078243187,1443.4104469256226,1502402.9824969398
2021-01-30,ETH,1432.3497964054454,1512.6807693995072,1421.8498325792996,1489.0209572507122,3478727.6631444003
2021-01-31,ETH,1487.1901517884503,1489.636697498987,1458.7729670007473,1462.2597374812656,1423850.5373615853
2021-02-01,ETH,1458.192909689735,1469.8301020483532,1409.4842975827983,1429.7169441824565,1513224.159393299
2021-02-02,ETH,1430.4644163410762,1451.160705216907,1396.0947660741247,1409.004701551937,1716903.5163926268
2021-02-03,ETH,1402.7860933105546,1415.0527180979911,1375.352340027154,1396.3331528527779,1175458.5000288244
2021-02-04,ETH,1385.401209157335,1401.1470090143537,1298.9295275488485,1319.1606591765067,1720791.5865615457
2021-02-05,ETH,1306.6707362111404,1316.8972975017307,1293.473922363697,1300.1476546439005,1838352.5343567936
2021-02-06,ETH,1298.9852976577663,1321.6651121386637,1289.7093961298935,1302.0155505426194,1086338.6308294113
2021-02-07,ETH,1307.9253442470354,1364.2442964966058,1299.406920139624,1354.0335587921597,2627947.2850924362
2021-02-08,ETH,1332.4288440670011,1337.4016235190113,1230.3757571490898,1250.7793323835006,1245117.418442075
2021-02-09,ETH,1255.0018277700162,1257.4694865016538,1237.9695017621332,1253.9106894271217,1303188.035711932
2021-02-10,ETH,1258.4053179495104,1278.439107168449,1244.9817815632553,1262.801237640249,1315790.013406164
2021-02-11,ETH,1262.6629552824545,1265.936981220628,1223.1367161563828,1235.0977650179261,1972985.771239186
2021-02-12,ETH,1236.637117453762,1242.9176986312298,1143.8828554652225,1154.9624403636922,1591967.5343408396
2021-02-13,ETH,1158.2906483177471,1182.0319842163572,1143.864965496686,1161.866386865939,1966993.8167156258
2021-02-14,ETH,1165.5841614187525,1170.26688514184,1123.0789785308048,1135.6967099888461,1690701.3791819953
2021-02-15,ETH,1138.1573203239338,1154.2611452156648,1113.3263693989288,1117.9009882447688,1006411.9997742922
2021-02-16,ETH,1109.1189055791497,1132.1259866072546,1092.9422930249725,1127.798846354527,1920228.724765673
2021-02-17,ETH,1131.9724840906654,1139.58418492217,1082.9861378076903,1099.5523278593698,1662737.1590331518
2021-02-18,ETH,1083.5120182738128,1097.056839848187,1055.9352520963444,1069.6010548288634,1851574.9156384582
2021-02-19,ETH,1061.313952032121,1069.6230277760856,1056.1034399614075,1062.6249541350226,1944835.261675745
2021-02-20,ETH,1060.6489323176033,1071.4933459931374,1015.5776567403943,1027.1394800438854,1897525.309804264
2021-02-21,ETH,1025.775981258558,1031.8848846578487,1005.4545494105389,1019.855733200233,1495698.6179551475
2021-02-22,ETH,1029.6873063657704,1034.485901725938,972.1725713694971,985.9644561240492,1929387.8475211503
2021-02-23,ETH,980.7977560068308,986.7359447248591,942.4540713789622,955.1536205664041,1609148.2606925077
2021-02-24,ETH,950.8134988371805,955.4901302279079,935.3736788136871,947.309659000405,1362859.4861209788
2021-02-25,ETH,943.6320567847913,968.7987404589604,930.9538591936998,960.9870084260283,1821448.2627439024
2021-02-26,ETH,968.4441466581958,992.8326684818747,959.2957822124577,980.1937968183956,1059477.0590716735
2021-02-27,ETH,977.0787835017105,986.1508753123458,963.1007042097133,973.5229144091616,1263835.1553827478
2021-02-28,ETH,964.2515561056185,984.7831633332148,949.5552241951773,951.9624080118344,1550894.1080483578
2021-03-01,ETH,950.7968338272829,965.577578288067,944.5397306009228,951.5837075134333,1192933.2318892009
2021-03-02,ETH,940.2912376070028,946.8743758153092,921.6569178135633,931.3941258084841,1872927.410221712
2021-03-03,ETH,923.8618468815661,933.705170502314,908.1949702425777,916.2557310192229,1055945.8595547813
2021-03-04,ETH,917.0678505653464,923.3107811528597,910.1420326901863,912.1388108208217,1112335.953588521
2021-03-05,ETH,915.0816051141306,916.9721019910261,910.3314230253034,914.2304946950367,1969557.286784291
2021-03-06,ETH,925.9402450616528,929.2041233121196,866.4464680308149,876.077106872244,1253313.1126028015
2021-03-07,ETH,890.2400707284984,906.604301174052,880.6194924354128,888.3920862326648,1175100.096803619
2021-03-08,ETH,891.1632351892459,894.0007367846287,874.2654791550113,888.1039695857888,1058935.4369456347
2021-03-09,ETH,886.584648531745,900.1618164592496,836.5684081144525,845.1262418937364,1790915.1009053376
2021-03-10,ETH,842.5816350827873,855.2009771791377,810.2426486793178,813.8259330158679,1336980.9438302526
2021-03-11,ETH,820.9431747755058,835.2693585071246,773.4829054445837,773.8103122081754,1560817.0070986452
2021-03-12,ETH,776.0578292314008,777.7419923427149,764.8968116817748,775.8564538262631,1004601.4376007861
2021-03-13,ETH,768.1158177527911,777.6827606898701,761.2406978850136,771.2304240422493,1798083.17394524
2021-03-14,ETH,774.768011691884,774.947499663874,738.061816150289,742.1945725537266,1408785.3084039579
2021-03-15,ETH,739.4278408529965,789.3342775688226,734.9792821028833,776.5374107767673,2369421.546243629
2021-03-16,ETH,779.1188761007647,792.948944115769,757.0706492598023,760.0821185697743,1788132.4188009417
2021-03-17,ETH,747.4953506570757,769.8570138263877,743.7944793337286,764.5012018670573,1757554.9375999754
2021-03-18,ETH,770.7847676938434,782.6897270694801,747.5393680321653,760.6874647390239,1488742.3511747676
2021-03-19,ETH,770.8917934761164,787.0850405611114,744.7802241392149,755.9270940040863,1756948.6502291942
2021-03-20,ETH,762.1097095334483,775.244523221496,758.9450046178167,773.142203372066,1586522.3818093583
2021-03-21,ETH,777.9053372999473,791.8077998996395,719.1512489887236,729.0041337164449,1102901.4689955683
2021-03-22,ETH,731.1230581416509,740.9732484445406,718.12513414381,721.8017547939603,1726376.2787693748
2021-03-23,ETH,728.8071893867758,734.1891001560074,714.5777710996986,719.7437702584083,1493856.287258307
2021-03-24,ETH,716.7898710450038,721.2779514905632,702.839367500224,706.8490856286688,1370512.919170355
2021-03-25,ETH,701.9541635936833,742.3551659362513,695.6853727690458,731.1473517203211,2829162.682941416
2021-03-26,ETH,724.2456067036616,729.1585686878675,715.7639255021104,727.3214884227857,1401256.4099090358
2021-03-27,ETH,725.795689791827,749.4300691760221,715.1710620376285,737.3862468921205,1144895.6788428717
2021-03-28,ETH,736.0601478225004,748.180812914535,719.1773238781238,725.3728507377679,1740387.3051522463
2021-03-29,ETH,729.9193007233347,743.7921606637468,721.4152742433942,739.5338304152866,1814929.8318205993
2021-03-30,ETH,740.5833567984376,767.3863385384676,730.1638657461824,753.068248384135,1893233.7901255093
2021-03-31,ETH,754.151694392533,766.6915381827129,746.2030143726591,766.4035697715648,1729140.3732523331
2021-04-01,ETH,775.307718111398,783.2824855925458,733.3060608282252,741.8292271683173,1814693.9110593423
2021-04-02,ETH,743.7847347059163,746.8881757075297,737.0937651856947,744.2336086146048,1163794.5168196883
2021-04-03,ETH,742.0762366452398,760.4076924707862,738.1420144084668,752.8660474759536,1912609.7489962645
2021-04-04,ETH,762.537807754935,764.9173774650981,761.3012126159501,761.5551479729564,1771166.3772395467
2021-04-05,ETH,757.4251799998092,767.253796296321,729.6508963571146,733.1103409613056,1098334.7849274164
2021-04-06,ETH,729.0040519906141,752.836030383102,727.9249520000528,749.1717210770447,1232033.1085665713
2021-04-07,ETH,751.0821135843711,767.7630418204798,704.255179877543,708.7347394122768,1160497.691636226
2021-04-08,ETH,703.789849962306,708.006185916529,679.611420879358,686.9624986560785,1137098.1253600218
2021-04-09,ETH,687.8546767500316,693.6032373064438,651.4531015408952,660.5401845940909,1554034.7210875477
2021-04-10,ETH,655.2670243033111,665.4625160169002,638.0421882988264,649.653591185704,1367677.9820002983
2021-04-11,ETH,646.8974341855953,693.6450611069669,637.7765094165776,684.040776597162,3540268.282551054
2021-04-12,ETH,687.4578728194925,693.2564949534925,656.9428345512748,663.6524342728984,1204573.0386547847
2021-04-13,ETH,665.9404730921462,670.7877645849206,663.0606966141456,668.3172816632901,1948229.4018430815
2021-04-14,ETH,664.8219685640686,676.177703426768,646.9067682467935,651.3252698989141,1543235.5326275076
2021-04-15,ETH,646.9025516691815,657.9648965318933,637.6905069934841,655.4905216322504,1300281.2586208791
2021-04-16,ETH,654.9252540166058,667.1934094158622,649.2334550115859,659.8315427060892,1009841.115844518
2021-04-17,ETH,658.9505305367875,662.9005120094043,635.5578565820683,641.2537641376866,1836835.967281866
2021-04-18,ETH,636.1509813637421,652.5169175290242,616.2530689112027,617.5383112199088,1678213.3622513667
2021-04-19,ETH,617.3233165275519,626.5998959455328,604.0181767906471,610.4927496425667,1969064.982835131
2021-04-20,ETH,614.8744708255234,624.227219879492,595.0526065685557,600.6311674168049,1902529.7143319463
2021-04-21,ETH,597.047391450779,604.8240831158942,561.9025925075932,567.163635020806,1179239.9578255452
2021-04-22,ETH,565.7938877298811,573.3240921579304,558.9179476786336,563.0660575972244,1880484.042612212
2021-04-23,ETH,562.7744771949432,571.204304357016,540.1806694261135,544.4998471036384,1697427.831790507
2021-04-24,ETH,547.0247750035292,571.5398338434444,542.2574114671942,564.8277422593311,1746249.1459577368
2021-04-25,ETH,566.7295550004407,568.5370848447155,551.7068518153067,559.8506766498664,1953552.3133520081
2021-04-26,ETH,559.4443155471857,599.7688892348003,557.2576972720678,598.1195772398012,2090024.9188336395
2021-04-27,ETH,593.6276915374865,594.1344722301351,574.6535163522676,584.7770682738193,1255069.2747795838
2021-04-28,ETH,586.3771175990865,594.4255749726866,577.4568818572184,585.8789994274119,1800865.8671736117
2021-04-29,ETH,589.388241313065,594.0936482583625,585.7872012994063,592.8292367076407,1412698.2127378022
2021-04-30,ETH,592.6613166604767,601.4769690058283,577.952959031457,584.30480534377,1236755.1917264278
2021-05-01,ETH,581.6979854459124,588.0963853897317,573.1881859232565,576.4607332164444,1092583.2005950212
2021-05-02,ETH,576.9444052627755,579.1209580198945,548.1193232078592,557.2081341894641,1222319.5729816742
2021-05-03,ETH,551.6490748333907,552.8715568733893,528.0195888196798,533.7490043724423,1923644.9527562705
2021-05-04,ETH,532.5186540091335,538.5102480115611,515.6449696531763,520.788123049145,1331635.6893963243
2021-05-05,ETH,523.1826785820134,536.6916801461144,517.4362260586031,534.3252809432205,1512165.5820234139
2021-05-06,ETH,533.3946824554421,544.0457519516139,526.7136315644609,537.6547109139885,1324291.9067406268
2021-05-07,ETH,534.9468156421302,550.8647438662779,529.4355975831943,547.7205229733645,1045416.0012138081
2021-05-08,ETH,552.1535973643875,570.3155675817283,548.4758747466249,566.4034716986771,1625186.4492161751
2021-05-09,ETH,567.8529908960969,582.9384396948058,561.6074539787529,578.5560602516045,1742496.9207353725
2021-05-10,ETH,574.4960595063166,582.1915459790912,557.1377156876026,565.8963235478477,1433301.0633212284
2021-05-11,ETH,564.634595795335,569.9508060498447,551.6084077581169,556.4815674443242,1222724.9790866906
2021-05-12,ETH,557.8050091968967,567.1721038597179,538.5202312132882,545.6115202987593,1993853.5046899833
2021-05-13,ETH,547.8288529043003,551.6441466921199,534.5942277933829,537.758188930702,1400756.8315906662
2021-05-14,ETH,534.5864148665333,540.0822001916184,519.2769253024055,524.8326573282682,1543013.6858813744
2021-05-15,ETH,524.415262026382,557.6832543683124,517.8767445402577,549.5838213254198,2679197.1791936937
2021-05-16,ETH,554.1922947235597,557.9593871492772,549.0655508632155,556.8959630844683,1291942.2765334137
2021-05-17,ETH,554.4208066206708,576.6665660291944,549.1775503784123,573.3788392404585,1483676.0866443063
2021-05-18,ETH,577.1275180264206,591.8270427907457,575.5199741440766,588.0371318823419,1976299.1049848609
2021-05-19,ETH,589.6050121262804,613.6460372208102,585.6683930524388,607.6167556840959,1322039.8741962349
2021-05-20,ETH,609.2146458936743,628.783637258681,606.5084454705298,623.7540956158509,1695474.4520029607
2021-05-21,ETH,628.1424452657038,632.0407759675458,593.3095931274029,607.0470666535388,1437940.3530035205
2021-05-22,ETH,607.0831432232936,613.8657008519028,606.5436928751294,609.4742366183383,1636731.8697814066
2021-05-23,ETH,615.6174288911117,634.1599883783975,611.5668908599378,628.8861409937409,1380588.398068831
2021-05-24,ETH,628.6029888128463,637.6601090653963,617.3934064901076,623.7730215756951,1874653.609887016
2021-05-25,ETH,623.6979385934204,644.5961285897785,621.051233285021,633.2873869745821,1865110.3893996992
2021-05-26,ETH,628.0068388951272,628.0084046727707,588.4578781351422,588.7874993334183,1565851.6625552094
2021-05-27,ETH,592.8212472027724,597.2147011400336,587.1985866987918,595.0798278498102,1373700.3382648032
2021-05-28,ETH,594.7664386087922,600.6131441670407,564.0385765240866,571.4507650849316,1502888.2855824155
2021-05-29,ETH,571.3634743645298,575.3780724557555,549.7154607182995,553.17404676544,1531827.9064681847
2021-05-30,ETH,558.7902624394158,562.1426310500358,551.427482288612,551.78728668285,1517393.4137549321
2021-05-31,ETH,559.3343848134542,561.1211743832399,551.6784631286108,556.5035186091905,1290396.819212087
2021-06-01,ETH,559.5316369404154,566.1767082587013,536.6208956205027,538.6595235598336,1731113.0142334895
2021-06-02,ETH,542.1086940547758,545.9363438705467,535.4242817233312,542.7990663614945,1359461.5838393373
2021-06-03,ETH,537.5059485477022,542.9663574301409,528.8321342746785,535.5365209971636,1784392.188729148
2021-06-04,ETH,531.5526187625603,533.0984638713721,516.1386470831305,517.8083485635169,1272792.5520272013
2021-06-05,ETH,518.9049726331812,540.6478531376831,512.8949936817065,527.9624404917433,1524774.0290311903
2021-06-06,ETH,520.7219136715688,526.1643978987361,499.36990549444425,502.18217835924224,1336914.371492193
2021-06-07,ETH,505.56753711468264,525.3813904487192,503.9313450432658,520.9850273342071,1369263.0991118965
2021-06-08,ETH,524.5697028121797,527.7116337323143,519.9545752021447,520.6436977764737,1848840.4409596878
2021-06-09,ETH,518.160728764105,527.958801687363,512.4288132807492,525.6378212025526,1974198.6888750372
2021-06-10,ETH,527.3265313727771,532.0034347960406,516.7360549702412,528.6296977531689,1852731.8555517315
2021-06-11,ETH,534.0313811194328,541.4539201836684,516.5620091967605,519.4992626298061,1192301.7066146291
2021-06-12,ETH,516.5097894405319,526.2510312168905,508.06111663361156,516.7021855276971,1439531.1438330354
2021-06-13,ETH,519.2063058545822,523.8582746477998,498.71341578803305,503.7563667582461,1390055.7323235983
2021-06-14,ETH,504.06668696167,505.0579734410035,493.78682946649303,501.3595334266494,1332953.8190866986
2021-06-15,ETH,497.5543081928154,502.26088202326673,484.01952786730453,488.87879454477223,1674341.3997643592
2021-06-16,ETH,487.307610951115,493.4635081701106,469.64427302722993,478.4254568956374,1909270.5789260576
2021-06-17,ETH,482.21686938993065,484.97753507999005,478.83771738395603,482.9099068864437,1036396.1798819008
2021-06-18,ETH,486.61837815239403,488.2018132717267,475.16351121943535,477.75790778235825,1122341.6644138694
2021-06-19,ETH,480.1664570009149,483.755191855299,474.70171705496887,481.7955959417927,1902305.12789073
2021-06-20,ETH,487.43974342739,518.3952048720181,478.2583761451125,513.4077611397222,2238430.792095698
2021-06-21,ETH,511.8455179523887,521.7762481851603,495.05320766554183,500.6138900613823,1810459.3850952857
2021-06-22,ETH,505.77329461106063,510.08863461986493,497.1642029273882,502.6557628950359,1054378.7528826767
2021-06-23,ETH,504.1372249373904,504.9625319143311,495.7150029957407,497.1412967778349,1842162.4263339546
2021-06-24,ETH,496.25816555082054,501.15405742097954,481.00271158395293,484.2778912369692,1259987.5461962337
2021-06-25,ETH,481.14727135070495,486.8052545711984,476.8631841612308,481.2146984712951,1461855.6638895338
2021-06-26,ETH,481.3985455361221,486.91992258810234,476.48322493153734,481.5357536024501,1368929.1999102058
2021-06-27,ETH,482.94965609925976,486.1944064923147,462.12821964316385,469.90237269941105,1516104.9765977117
2021-06-28,ETH,469.70675225013724,477.9306755430029,465.6617726240167,476.96957282479116,1371812.9269051994
2021-06-29,ETH,475.46693766043654,487.25446852614647,472.7436197392068,480.9741660914359,1335478.8243917073
2021-06-30,ETH,478.5204931403102,482.57158437890865,462.16224972479483,467.32748752483275,1955222.4480852056
2021-07-01,ETH,468.33864295575427,470.63436592696246,463.0694582234529,464.8692180288342,1327564.6875616612
2021-07-02,ETH,469.61428343923643,472.2928794600329,453.29436647865174,459.4567495856181,1956895.2016401114
2021-07-03,ETH,461.6012290242092,467.899785225906,447.8084017131272,454.75284900790746,1664790.112760141
2021-07-04,ETH,455.67407540595246,460.2985090157828,437.5332089306787,445.4538642217801,1457254.9921616656
2021-07-05,ETH,443.198453890208,453.2885672907394,439.7421378852647,449.31213069349155,1219710.8483867792
2021-07-06,ETH,448.311656923869,468.4173951125339,446.623536627071,465.70044648768385,2650217.2592397076
2021-07-07,ETH,467.32987527644235,472.31381852324955,465.96799330780743,470.73549846752195,1258715.1587848396
2021-07-08,ETH,469.53058800300744,472.44558412654806,463.5379086225677,466.8051417599988,1509533.2031671398
2021-07-09,ETH,470.06535598761644,476.45462869167807,459.34722164468855,465.53267947918994,1616588.2729833426
2021-07-10,ETH,467.330509137454,478.0814955504011,465.7713633647987,475.35771689745985,1616702.9946111229
2021-07-11,ETH,471.7101190010305,480.8925676761726,464.9538495146588,476.0710711400407,1830150.584278657
2021-07-12,ETH,474.1272575401714,476.3564967554163,451.61512279165083,457.61623048568265,1969795.3698347975
2021-07-13,ETH,454.02582904737386,470.0493806042783,448.00227319316053,462.88637455306883,1033193.7193269733
2021-07-14,ETH,459.88940531683454,493.86654919438865,457.5478843416509,489.7767902242497,3322454.145002233
2021-07-15,ETH,494.72268460285073,510.97938246905096,490.32739295160565,506.9542876985726,1890265.7570672715
2021-07-16,ETH,509.0619794323833,512.2231155208099,487.3193614167062,488.92654822967353,1862430.3280001336
2021-07-17,ETH,494.9310810308887,508.9967613595653,489.99453382653076,504.8218019915617,1336573.1192582876
2021-07-18,ETH,505.2946602202243,515.6121438218612,501.64871337902497,512.1115560252155,1159682.249287024
2021-07-19,ETH,514.5071535238468,525.0144667741388,512.3094687852775,514.2510221570572,1870066.3239128687
2021-07-20,ETH,514.0382983130831,535.9565990578421,511.4135146658909,530.4488656833653,1926497.079472996
2021-07-21,ETH,525.6538503949563,541.3791578606998,519.7829617370021,536.3547380624887,1925067.2806892658
2021-07-22,ETH,534.9285423374363,540.8986747366947,516.83780660842,520.4171612331056,1699317.2283679782
2021-07-23,ETH,521.6470526607154,524.3491973996172,497.304552563583,502.27942699459,1956351.3638113064
2021-07-24,ETH,507.1653129825609,512.8516568276291,503.17026939847153,506.05873284582816,1695031.615388508
2021-07-25,ETH,507.37259432782713,513.4818677367957,492.6244021366446,503.2678951044034,1368210.073273611
2021-07-26,ETH,503.0476467105316,512.5564733250758,486.2806560392772,491.3864753363057,1745143.724954787
2021-07-27,ETH,489.43890026806446,505.97355854992804,482.844838078024,500.7717287312878,1732191.8972750949
2021-07-28,ETH,498.20318966054583,500.9784040457613,490.3328130824,494.56320795319937,1918543.4221071205
2021-07-29,ETH,495.1843047153226,500.0952981681484,481.2839607954844,484.07663259414846,1722478.7045175997
2021-07-30,ETH,488.3101405603656,494.657698063681,472.85993199677574,478.2377145939513,1635610.1417630257
2021-07-31,ETH,478.5457280483107,481.08110364782186,466.9762289964947,470.4282564610438,1437373.6963233585
2021-08-01,ETH,470.48861892459826,499.34031271917826,461.8217767581744,495.02311805545247,2793860.9480451336
2021-08-02,ETH,492.54264604750375,500.58670250488984,475.0913069056348,482.39683238263854,1292058.7783472843
2021-08-03,ETH,478.53548717957193,498.0011282828234,478.1849930894017,495.92313695532573,2586021.4032380474
2021-08-04,ETH,489.40652460222014,494.31643182619337,473.9442898837866,479.28220321631625,1411944.1596590176
2021-08-05,ETH,479.1840933037342,484.5356177780538,467.28489005619497,476.272721566676,1387991.4006410772
2021-08-06,ETH,477.7350871771515,488.89708072983854,474.1608212438129,486.19487478880984,1475044.6869908753
2021-08-07,ETH,485.4577288430296,486.63339832468887,472.67606064851094,476.8621307724659,1016721.9413839974
2021-08-08,ETH,476.04950512898967,496.5665123025297,470.79577906346634,487.32965556682876,1569948.316379745
2021-08-09,ETH,486.84637339419714,491.71277734678387,480.51674597398613,482.8363991260143,1726927.9852099067
2021-08-10,ETH,486.5797629461501,495.82930198229343,484.08243278944224,493.0935552840866,1479940.0032081564
2021-08-11,ETH,494.78660509218463,519.5801326896847,491.6650842593734,515.5837801140943,2791229.9458865784
2021-08-12,ETH,514.1635606450377,526.2943068004795,513.9429195356763,518.2972318245833,1050491.1407636874
2021-08-13,ETH,519.6003789215365,529.2480167375364,513.8204097340613,524.5495628850359,1489356.8097233044
2021-08-14,ETH,527.208417175626,534.0311753692321,521.854974356066,532.2294136911156,1788489.4451375643
2021-08-15,ETH,530.6806783073412,539.6071413794897,525.5674993596613,534.7260157043255,1329285.3962606476
2021-08-16,ETH,537.8421762186317,566.4541689385519,533.947290678825,559.317275057404,2176222.828263646
2021-08-17,ETH,560.6061624362857,590.816466996914,552.1472256262803,589.1677908150832,2506424.1871445873
2021-08-18,ETH,590.4366807416837,603.6304354523448,586.2600791162889,594.2374780447851,1440694.843804704
2021-08-19,ETH,596.5865023956807,603.9346528972103,576.8398467428791,579.1756369108049,1178164.9502214661
2021-08-20,ETH,583.2406981534103,584.1845583098401,556.4263166684133,563.7718740424826,1559708.544728965
2021-08-21,ETH,564.8356391500541,570.0520705826207,544.367516435456,552.871265245721,1864738.1076097495
2021-08-22,ETH,554.4021034296084,584.0808112504722,554.1632770929821,571.9850770010775,1013284.1561651094
2021-08-23,ETH,568.5098451756292,575.7484549173798,558.21419155212,560.6262224637013,1130970.343014188
2021-08-24,ETH,565.6765541747407,570.4558177088423,561.7358948678329,564.9268355488077,1642613.8460120847
2021-08-25,ETH,560.7908212039245,569.4360441989257,550.2207965866841,555.632870525723,1324990.611671314
2021-08-26,ETH,553.9003716412388,562.3160341480839,541.9024217402089,549.8036624343551,1286929.0042151455
2021-08-27,ETH,547.0771012357824,557.0056612467022,543.5653398804735,556.1973292425808,1115574.740556623
2021-08-28,ETH,554.9523966126676,566.3973412324898,550.2019959969587,560.6521877427439,1724044.7768316132
2021-08-29,ETH,562.2073246338613,564.5798298722609,555.1142689133964,562.6619724447203,1414933.1144626236
2021-08-30,ETH,565.5169379247101,586.8506518532611,553.3971311762048,584.4301675615256,1383094.0731370428
2021-08-31,ETH,585.4274913404015,593.7323892872338,577.8518566061587,582.5952450059326,1646253.2558442692
2021-09-01,ETH,579.5610706037227,599.0065131989136,576.6865038512201,593.5682883494377,1109529.0227703187
2021-09-02,ETH,594.5870441778128,624.613793869796,590.661419635878,617.3054281608696,2592865.5095515037
2021-09-03,ETH,614.3372451235415,630.8762152118416,605.764644561182,622.6755372426925,1425378.46527008
2021-09-04,ETH,619.6707496148184,664.0496013931647,610.1300243787573,657.750187317012,2549216.1076301355
2021-09-05,ETH,658.6535089398267,693.2473071242651,654.139986720782,684.0831345575043,2855028.776762737
2021-09-06,ETH,682.6473621516852,697.4245209438724,677.256633950455,689.451992474695,1301541.831389998
2021-09-07,ETH,688.6533220599531,701.1010537208658,681.1920464643929,696.3756321307056,1473366.7678290452
2021-09-08,ETH,696.612730580389,721.8648522828812,688.9285330835693,715.1240421183463,1090532.4038323583
2021-09-09,ETH,719.9933078291568,748.321460990467,708.4495698289693,736.3492603483658,1416867.1923957653
2021-09-10,ETH,739.6299188353306,756.1636842605295,733.9427531942921,748.6824757896156,1742193.803015733
2021-09-11,ETH,754.8996653449572,803.243266602365,745.3286905454808,801.4696951530326,3353890.801976339
2021-09-12,ETH,802.5016881347996,823.5760675483149,800.2875205338719,818.4793935004813,1721017.3224103048
2021-09-13,ETH,824.1478882582231,839.8902784855466,812.6583218169397,830.3468146196476,1281637.7167133638
2021-09-14,ETH,828.1934284102527,834.5404337585958,810.4453862665001,823.6940188634138,1085554.2204836234
2021-09-15,ETH,818.2071066035852,844.0200344333654,808.839423316788,836.1664186188017,1508781.3648023838
2021-09-16,ETH,835.97134327068,839.8646555276995,803.0031359701809,813.3084270176466,1892578.3001859926
2021-09-17,ETH,826.8987432107275,848.0521898193,826.4800512156311,828.7840841300997,1943272.15451843
2021-09-18,ETH,837.9001767431126,851.8971427358846,832.1890573605906,846.8934159862263,1997514.795866795
2021-09-19,ETH,839.4852410987997,845.1248618982961,820.4896655587135,827.3351593548047,1863311.1022674972
2021-09-20,ETH,830.765616188116,853.8500750345636,825.1082514756433,848.7034015407054,1462553.6812394566
2021-09-21,ETH,846.4754585770742,861.6259180640802,840.540468196937,855.2122751012453,1475640.2719170363
2021-09-22,ETH,848.8979805844975,859.7342483259002,832.4233530807254,840.7226426742635,1960159.8411207802
2021-09-23,ETH,844.0777083709794,846.1604351523755,825.6438518234895,837.7671823505373,1740433.6927545262
2021-09-24,ETH,833.6369986025218,835.6845291376168,826.6140174505094,831.9831124526247,1187921.0724720575
2021-09-25,ETH,827.9469773693943,900.3822960089715,822.6292299316839,889.5120246961354,2638047.1547390227
2021-09-26,ETH,886.156393633793,914.0789729143157,885.1937982676014,906.3159123481151,1938577.1391723843
2021-09-27,ETH,896.6330113833509,938.5458656340091,880.7221915315599,931.253745152624,2655551.8314121505
2021-09-28,ETH,936.2030888733727,951.4140904862893,936.046440053916,939.6780176738332,1844647.1806309645
2021-09-29,ETH,936.6646006596442,954.3476670257398,923.2017322323727,941.7821018515732,1212017.6216841615
2021-09-30,ETH,944.0305173957267,964.1404656042562,929.3367492545673,950.482156286555,1223646.9535473473
2021-10-01,ETH,946.3209838818992,982.2714223683477,941.0712218375802,970.6582063966159,1267499.269589411
2021-10-02,ETH,971.2156533762629,984.1989290009462,960.6041300992831,980.6599758825741,1012636.9404835524
2021-10-03,ETH,976.2982808234269,1028.373309080139,967.4783097545785,1004.0302774078588,1228424.7309204952
2021-10-04,ETH,1005.3660460019763,1035.0203591816974,991.6885492797015,1018.0682796597989,1582001.2663808826
2021-10-05,ETH,1017.9516499329018,1023.4112637645807,989.6019109551046,1011.7546240009085,1372236.5615807415
2021-10-06,ETH,1010.9153892745661,1094.91479829595,994.8948764066765,1076.3396513855075,1837857.9000503216
2021-10-07,ETH,1064.9286616283719,1073.4875680147118,1061.6806573015906,1066.6029223915477,1812856.4014925878
2021-10-08,ETH,1073.179753701921,1114.8436068533547,1058.1316752272835,1105.559253869251,1191284.612491641
2021-10-09,ETH,1097.1994780306695,1113.2700746796654,1094.9123573562272,1101.6568741461845,1599186.5652331198
2021-10-10,ETH,1095.9581027562429,1158.5899151244482,1088.077219396175,1153.8233066734479,3470117.978019191
2021-10-11,ETH,1156.1503477915344,1166.2283116603726,1137.9060689173177,1161.2283065773772,1931307.6953822584
2021-10-12,ETH,1153.0867779517184,1174.5471411634464,1134.933481067764,1141.4073641628022,1445444.77350619
2021-10-13,ETH,1144.1570409770964,1153.0880369425586,1098.8286392540042,1111.2710694019809,1619655.8861081405
2021-10-14,ETH,1106.5760846490637,1131.9960063575215,1105.848303173822,1127.6310884870293,1127655.5076950113
2021-10-15,ETH,1133.5705925196846,1170.889269683343,1111.420903086003,1169.0293805198887,1996708.8530037352
2021-10-16,ETH,1173.201090618469,1180.8200565725642,1130.604701121988,1138.2625487028354,1971800.0446100757
2021-10-17,ETH,1140.6781820529143,1168.6636203129494,1130.0942640636433,1159.4897215321462,1480750.6333534436
2021-10-18,ETH,1168.5616027511433,1169.7353618102138,1104.9239265775523,1120.6433680902057,1779770.2927147907
2021-10-19,ETH,1118.0865817122835,1125.5139893137014,1097.486770196239,1113.604062263896,1395079.3300365657
2021-10-20,ETH,1107.3214999982933,1113.2673831554005,1083.577785814404,1100.2191033127983,1996538.6348304683
2021-10-21,ETH,1105.926044519491,1139.2002926514833,1095.7872203835384,1126.0758802916314,1055459.043780214
2021-10-22,ETH,1132.0656487445904,1136.5525527182483,1093.7630676042215,1097.3984536905307,1836952.2996148758
2021-10-23,ETH,1092.9403555958634,1109.2069790402952,1064.3914663746464,1074.4774239663495,1261654.476891206
2021-10-24,ETH,1072.845587482953,1081.4121952786786,1064.5573196922326,1077.7676400940068,1491981.611385628
2021-10-25,ETH,1079.4647431731312,1089.5503779290073,1079.3729845047847,1081.1704644530826,1598176.8967575245
2021-10-26,ETH,1087.0039572090607,1150.2631899112469,1085.219447573803,1126.445580148145,3165304.1790982857
2021-10-27,ETH,1130.3811191257832,1206.2073668893916,1124.1224332259453,1198.3666124230826,3456135.7766764853
2021-10-28,ETH,1184.8087459723642,1237.7346761682263,1166.3757067102533,1226.5446222732862,2481997.549431759
2021-10-29,ETH,1238.48438210457,1244.667638226325,1229.3603919347831,1236.7795695662203,1543024.564049044
2021-10-30,ETH,1232.6027812050447,1301.5237464799518,1225.6268946112282,1281.4864499173946,3585980.638770402
2021-10-31,ETH,1283.0401119727212,1331.6146708293443,1274.8260188694908,1331.4160220625204,3543709.420139049
2021-11-01,ETH,1325.044222491282,1330.4434421262195,1305.917860642556,1311.6738140177179,1704950.3496998302
2021-11-02,ETH,1311.2426284332755,1334.7165177992388,1287.325663944394,1329.7304258250322,1059652.3490933785
2021-11-03,ETH,1327.795526176501,1346.6126193836863,1325.405906620994,1343.160049225225,1238090.691959484
2021-11-04,ETH,1347.080729420598,1356.4240826330504,1338.4666188228705,1342.6454404684039,1605609.1470249072
2021-11-05,ETH,1352.1723425720952,1377.8694824999895,1335.9769853417213,1344.7807119157947,1951753.9002075011
2021-11-06,ETH,1354.500068008902,1374.7869840914634,1338.2019064169156,1368.1705525085968,1803408.4174655776
2021-11-07,ETH,1377.5232523402128,1426.16397270651,1373.978127266435,1410.4858017506658,1018615.20504858
2021-11-08,ETH,1420.2670021349184,1445.6020244447266,1409.1343422209607,1428.0386923609856,1840802.8334449695
2021-11-09,ETH,1434.5373103650345,1450.2693693351184,1399.9295831092015,1411.5087653389987,1329513.1256513856
2021-11-10,ETH,1415.2757033193147,1447.020747153662,1392.1635292129233,1438.5049302363134,1580410.6435043826
2021-11-11,ETH,1449.2567730584185,1517.5127726868202,1436.3981307204265,1508.9597868919118,3276812.479695263
2021-11-12,ETH,1503.2465313955074,1556.7579653139153,1494.7971625558303,1527.4880015108215,1229113.1086824783
2021-11-13,ETH,1527.6038783717956,1633.831762937464,1516.9291186500088,1617.254278604747,3179588.120635497
2021-11-14,ETH,1603.6465721598827,1653.7501947391693,1597.9263464705941,1625.143146447376,1327779.1587849092
2021-11-15,ETH,1606.1587404633867,1673.7776417705134,1580.4796319992556,1664.6843415294325,3031857.492487766
2021-11-16,ETH,1654.1758842835247,1712.4435653795522,1633.0721973543452,1698.4023606886433,1542788.857098353
2021-11-17,ETH,1713.5761322539865,1804.9957591737316,1702.246652996355,1782.835933313089,3055019.894515092
2021-11-18,ETH,1778.0053993422168,1800.1952228198852,1776.92172189416,1780.932092738545,1306335.9061109836
2021-11-19,ETH,1785.96139133015,1846.8989374913913,1779.8086782613464,1828.7741417401198,1815332.6104609969
2021-11-20,ETH,1833.1641631924372,1861.3994088797638,1801.3306912091127,1858.0506908480431,1161864.997501456
2021-11-21,ETH,1866.3472339411874,1981.4108997221988,1842.0306012040103,1949.2849513448973,1950229.482548405
2021-11-22,ETH,1966.545632958787,2007.768134865385,1956.0432614614444,1981.3887488763307,1449587.8600829153
2021-11-23,ETH,1983.4941673167298,2060.4830715518387,1948.1781938453164,2041.0362593838863,1714235.9342187836
2021-11-24,ETH,2026.3016917910754,2069.181848033771,2013.0853780800328,2052.7161292539945,1385064.6769032474
2021-11-25,ETH,2062.3826333062543,2082.053086164672,2050.963706457854,2064.0599094082645,1325348.8350237878
2021-11-26,ETH,2088.287923599297,2097.8357268602404,2070.197422040402,2079.8165230373083,1379847.8143103905
2021-11-27,ETH,2065.844755290777,2189.2255193591436,2043.095300695609,2185.6761578479736,3352519.7950725066
2021-11-28,ETH,2195.8135186385534,2238.8255345373104,2168.2272590566495,2206.5025942877874,1768459.9283414923
2021-11-29,ETH,2218.2331557215484,2298.9073416141287,2199.015794533238,2263.0119614584355,1382382.0936368976
2021-11-30,ETH,2238.76513442919,2329.1805648637633,2214.580169254202,2313.4343715977643,1636553.926195109
2021-12-01,ETH,2282.0409654698915,2300.0260829871554,2269.7672039258273,2285.7519942334484,1514962.2941632553
2021-12-02,ETH,2300.239614193819,2309.373505786026,2270.9559115633833,2296.6629688737266,1905921.6884880601
2021-12-03,ETH,2289.6466783134606,2387.4166846209173,2270.4296508984326,2358.641324262293,1921087.6617876175
2021-12-04,ETH,2336.479030797706,2352.211361199237,2232.9152769270395,2271.3903418756254,1025012.9720168837
2021-12-05,ETH,2250.789098496408,2322.7905898296885,2215.51067337718,2320.3090940912653,1213645.2155340777
2021-12-06,ETH,2304.659599909769,2327.9367532900014,2279.877358569389,2314.8955596697915,1800071.758645546
2021-12-07,ETH,2308.941434614062,2345.268738096971,2289.2849774670613,2314.7073033774896,1375228.7790387077
2021-12-08,ETH,2324.006050843002,2370.8476686934177,2263.8055366588706,2266.834809535013,1633217.6136473545
2021-12-09,ETH,2271.68348638829,2307.098183226168,2235.257782115994,2261.341262137708,1583222.3724520644
2021-12-10,ETH,2273.9017814546423,2283.503243495643,2103.9510126460127,2128.215339100514,1418103.982752166
2021-12-11,ETH,2154.85043351308,2227.3094042689804,2142.748697960421,2221.3404675171228,1425830.3294293745
2021-12-12,ETH,2232.943297819221,2244.557878604472,2212.357093389641,2239.0015244552183,1979298.4835771795
2021-12-13,ETH,2235.469638534524,2263.041763023947,2183.946561217515,2205.9497500942066,1345816.2568362576
2021-12-14,ETH,2178.7606504918494,2228.7228383327356,2140.255546678004,2206.8914389311594,1441632.1881132757
2021-12-15,ETH,2203.0765645053207,2227.622594858691,2121.232100660804,2141.5531334568436,1667544.4409781932
2021-12-16,ETH,2129.890818146096,2169.7288666612776,2104.8867479085698,2114.382756548503,1301937.0091070903
2021-12-17,ETH,2120.9584680684775,2200.260403913768,2108.104653008479,2185.8750526504014,1043846.0639031173
2021-12-18,ETH,2186.1552784822893,2204.300764737384,2170.49695099286,2174.882323610319,1279178.4060846362
2021-12-19,ETH,2178.063035412279,2200.905389707806,2117.7742593248154,2143.303135053064,1815658.4111050335
2021-12-20,ETH,2149.200301321015,2155.088988874373,2035.7764710856886,2069.7536151525005,1595840.37002016
2021-12-21,ETH,2059.537227490171,2070.63416685019,2016.1580804778669,2031.9437741059685,1973763.5654404867
2021-12-22,ETH,2018.6716500410223,2033.2585919524186,1976.1212049734247,1990.5361401416362,1334442.2681917583
2021-12-23,ETH,2013.3534746574815,2057.123062292684,1994.3499090878456,2025.7521999975747,1868580.9853001195
2021-12-24,ETH,2006.7949842841865,2038.66002347284,1981.8167111424625,2023.2582592871374,1704317.8172441265
2021-12-25,ETH,2041.8103495864764,2048.0113471306563,1985.0149038564273,2016.9644942066793,1573028.0828185433
2021-12-26,ETH,1984.6455823933952,2049.377978433939,1946.6606529422056,2041.7623832512104,1009961.3709398864
2021-12-27,ETH,2039.6631016148172,2054.2832277162056,2024.1435527241067,2047.5459376810772,1769869.205709258
2021-12-28,ETH,2055.2499551846363,2077.0597082434624,2033.9768344471772,2039.7345353053424,1755646.0068328017
2021-12-29,ETH,2039.9583630804302,2059.4577580439072,2012.8909322614863,2024.0710652373477,1471822.5060214323
2021-12-30,ETH,2024.1035380782757,2068.7895915504923,2020.7280776141229,2060.8700730594023,1636445.2448343164
2021-12-31,ETH,2067.8846858082184,2082.384073206839,1974.2910409184065,1986.2792318386723,1535137.4483983188
2022-01-01,ETH,1975.1733151564758,1996.2471657231188,1881.8673135666832,1906.8143232632337,1342969.8349717092
2022-01-02,ETH,1912.8182974944636,1961.3259822160192,1908.0557271939902,1945.777876156696,1172955.7247007838
2022-01-03,ETH,1939.9986412794453,1957.5090531567503,1921.3176744615278,1933.251781716965,1096432.8594758704
2022-01-04,ETH,1947.2050640073137,1961.6828058087408,1904.696847885493,1942.1761597827883,1938369.5639088007
2022-01-05,ETH,1961.1520104839942,1973.739898917345,1933.596062289432,1939.3251203581679,1254922.7450664886
2022-01-06,ETH,1930.2459380597004,2069.1735445423265,1912.1614482651676,2039.8958405421308,2377846.6850744085
2022-01-07,ETH,2052.2038530308528,2084.3612000592875,2035.0808638703957,2063.6045726243437,1835780.1634605622
2022-01-08,ETH,2065.5113564030985,2092.084020161788,2042.3693223028695,2056.0426606961655,1212108.905354909
2022-01-09,ETH,2063.9413795368796,2118.4450934773035,2040.9327343989976,2093.8215018665283,1250078.835239361
2022-01-10,ETH,2087.3678926587645,2100.968340591724,2000.1308225691637,2030.0693659769854,1774131.5500517576
2022-01-11,ETH,2019.0425429495187,2055.8736879579847,1994.7584458336005,2004.0545463545416,1561765.009027648
2022-01-12,ETH,2005.6995769359744,2040.4259606097003,1920.801547777893,1953.5636143918234,1608332.2814833072
2022-01-13,ETH,1969.0791838790255,2073.2503866963243,1953.0342581303644,2052.33668079177,3061051.827238573
2022-01-14,ETH,2067.5464852924792,2091.9716140859496,2053.1088242187975,2063.4042668238685,1498327.6529123483
2022-01-15,ETH,2056.432079796897,2065.843704053147,2019.490053253353,2030.137743127247,1982514.3328024328
2022-01-16,ETH,2047.8782189262738,2097.2994019342877,2027.3498933661972,2069.070718663467,1117727.7899191098
2022-01-17,ETH,2081.320588271961,2138.2817015300216,2046.1159614508674,2109.0073755713897,1096317.2951109149
2022-01-18,ETH,2091.456730913793,2116.4323325498667,1983.4115266870685,2006.486638987593,1764904.7995684284
2022-01-19,ETH,2011.6797145089718,2023.4027989177716,1861.406944353406,1886.47372462522,1957544.1537301189
2022-01-20,ETH,1910.9715352286255,1934.1079245713138,1818.759592614409,1831.3696049745572,1545793.879796744
2022-01-21,ETH,1829.3875779167945,1868.0467390962895,1825.760655955436,1840.4044518967903,1749358.0745473942
2022-01-22,ETH,1837.4052448263571,1858.8910652117575,1794.5330838666205,1809.7337162410004,1783560.16098492
2022-01-23,ETH,1800.3785445680078,1812.149376636197,1775.3676920287273,1783.0095976592527,1750748.4223010282
2022-01-24,ETH,1789.7102707615975,1880.6981299171196,1762.890611235537,1878.9886707131354,2648840.59493475
2022-01-25,ETH,1870.167850482995,1887.8405976398517,1853.9274952716,1873.4188960005072,1489260.2650642446
2022-01-26,ETH,1884.0418097149834,1965.8713347016705,1875.9808962620934,1953.7274590331162,3553730.8313613427
2022-01-27,ETH,1944.081241980539,2081.1912148023653,1919.072695843748,2046.130660338618,3109574.658266518
2022-01-28,ETH,2044.7779449029113,2074.88345633991,2010.3809362476238,2023.5893427438632,1595013.8543595325
2022-01-29,ETH,2014.6419518294408,2061.5950888075104,1992.3416518941713,2016.4835444270168,1270527.5381222547
2022-01-30,ETH,2018.1598245564787,2068.360042118558,2000.5353020660737,2030.113034927071,1209898.8759749902
2022-01-31,ETH,2050.8145226085458,2112.4554513300413,2044.0231583537798,2102.045525019124,1131171.6026568562
2022-02-01,ETH,2117.859538169199,2150.1627345806946,1974.2430010050787,1992.3883971750413,1057034.8538908458
2022-02-02,ETH,1992.3087979244472,2040.5101467619243,1979.8572699484516,2000.4467889871648,1731710.7608384173
2022-02-03,ETH,2005.3041261191968,2068.4377585156954,1986.742148430021,2064.2445986531693,1145201.3312096065
2022-02-04,ETH,2062.5323138261842,2098.238468262913,1921.3389169821685,1953.5988649700696,1419946.1361617579
2022-02-05,ETH,1962.2217957373555,1963.4206149003298,1921.666454232938,1942.658009944872,1569856.212272915
2022-02-06,ETH,1933.7675266834485,1979.9810510650907,1918.6606522610157,1962.4244441877906,1215199.3523351604
2022-02-07,ETH,1963.5178072007197,2006.170612778444,1941.1876642424543,1990.6305472203733,1418158.0631530988
2022-02-08,ETH,1996.4385717531768,2096.013088995622,1976.458333124269,2089.187692249434,3055498.130442263
2022-02-09,ETH,2068.224028313204,2080.4463820195397,2005.3477494568792,2039.3220808632143,1206059.792214925
2022-02-10,ETH,2033.7620208792603,2053.248416125217,1939.802342950384,1951.528767811943,1344084.527757626
2022-02-11,ETH,1932.6334526889982,1978.1128357401599,1915.9101378824942,1954.691496073441,1210166.2638849795
2022-02-12,ETH,1966.3724745127045,2028.0077180913058,1962.8790718336595,2010.413548071188,1779529.3923009746
2022-02-13,ETH,2008.862098252382,2042.2650841520372,1915.5299411962808,1926.2377899286575,1655999.1186032922
2022-02-14,ETH,1919.0975926167757,1937.0156679116599,1849.1886859402714,1853.7988237754962,1128981.2574511226
2022-02-15,ETH,1859.024483874783,1862.7198348717636,1777.19784913195,1798.1434661597168,1361711.3196650043
2022-02-16,ETH,1805.3367661879217,1809.0956341611598,1718.608729993055,1751.2854524960844,1090335.0073143737
2022-02-17,ETH,1753.0692770986352,1812.8099759258855,1731.437143947797,1805.9128042975838,1591811.6205924533
2022-02-18,ETH,1811.8555450392114,1850.1784891724274,1754.1212379071794,1771.803673524065,1938998.2052874463
2022-02-19,ETH,1783.396320903831,1797.786636353132,1736.228923688732,1754.7424022272648,1892658.7420343957
2022-02-20,ETH,1748.0483078378297,1763.288936249158,1718.2675110357593,1747.5134902619063,1796725.5704342881
2022-02-21,ETH,1749.4807608747105,1767.1663483948037,1659.2318361470602,1689.4710575698869,1863532.3106468134
2022-02-22,ETH,1685.5812089725655,1694.8217628633367,1680.0357723409368,1681.6111688035671,1715172.423314124
2022-02-23,ETH,1683.0426858834983,1713.4040101728456,1623.3936090462207,1643.127832256048,1068600.6600004178
2022-02-24,ETH,1629.5239330720315,1640.3165655468376,1612.0104173668797,1634.6401270379233,1932616.1948202013
2022-02-25,ETH,1631.6341210439432,1637.6295844200179,1590.886627260443,1600.8746985345633,1249579.3216181435
2022-02-26,ETH,1594.136947717554,1655.515361958727,1575.809638636942,1635.688678426171,1342616.8651682339
2022-02-27,ETH,1631.841567315666,1633.818624521229,1562.7051045266471,1582.3163773469935,1181781.5283539365
2022-02-28,ETH,1573.9589787580549,1609.9838458062827,1543.3382932191064,1550.7775459075044,1327460.802138293
2022-03-01,ETH,1547.990298229443,1550.9455215757685,1497.5172116370936,1516.8230457090783,1638162.5123339077
2022-03-02,ETH,1518.8206014327457,1540.7928377142505,1476.9053517811742,1497.1334020903346,1171131.758866252
2022-03-03,ETH,1508.8353242824094,1531.258227228318,1466.486350186309,1474.5749691311878,1254663.407148138
2022-03-04,ETH,1470.9238881261856,1485.1983546903023,1420.9453479481886,1429.7345477979768,1261999.6644645664
2022-03-05,ETH,1436.7842308309512,1452.571161867356,1332.562650325929,1348.4986162388425,1131695.381376233
2022-03-06,ETH,1355.581682464201,1356.9246268608738,1328.6337283921082,1347.7318533917733,1403794.3247919457
2022-03-07,ETH,1348.9985339334737,1363.7906751570786,1298.6177615495121,1300.8032506600546,1425490.0129611653
2022-03-08,ETH,1297.9886384292897,1326.6931585525497,1287.4073901111617,1305.4742327388337,1681952.9846822813
2022-03-09,ETH,1309.704520937374,1332.2956653152485,1254.7193408330024,1276.174906942442,1359571.1216222008
2022-03-10,ETH,1268.1048287285828,1274.410067686391,1232.4845181286155,1242.9656742613918,1177082.0367634683
2022-03-11,ETH,1252.6305948810984,1263.4048740529954,1203.5568560730026,1214.3734945132296,1710775.3883865806
2022-03-12,ETH,1215.4968461951855,1226.1240430736598,1176.7474660562511,1191.5722300289517,1822858.2314910376
2022-03-13,ETH,1189.6060505147582,1200.3655830234895,1136.1359751692912,1151.2729661404062,1280117.6591757766
2022-03-14,ETH,1161.319413169463,1174.356442880114,1117.5665896950616,1119.2309979798388,1884924.9598819395
2022-03-15,ETH,1116.517061741661,1130.4235225344894,1085.5779228713318,1096.351757823621,1258083.0444823678
2022-03-16,ETH,1094.1888429545331,1098.0644158863095,1025.536622980686,1032.018993524688,1242141.7943298474
2022-03-17,ETH,1030.831449465788,1070.7243270438485,1020.2253736950184,1062.2249110450805,1981906.0512280897
2022-03-18,ETH,1074.5800135412806,1091.1989535491489,1045.9371015052777,1060.668578109601,1356417.155134436
2022-03-19,ETH,1057.2345900908708,1075.4983303998745,1045.6364930089112,1062.5133334647637,1805704.1976764956
2022-03-20,ETH,1061.286891801027,1094.8417689050254,1055.6648151864047,1087.2636638472413,1272473.228052887
2022-03-21,ETH,1097.0486931262765,1172.309783815816,1085.1416796729784,1152.7640297988194,2429862.976326874
2022-03-22,ETH,1159.5887689322465,1174.7859483885716,1150.2099105877421,1158.7965182257165,1164606.9129226815
2022-03-23,ETH,1151.40580181659,1157.4308749623142,1100.0248972604822,1109.7794682334556,1874172.8804678961
2022-03-24,ETH,1112.421422443092,1123.820155977916,1095.738717051396,1113.3847918802908,1476357.0661531792
2022-03-25,ETH,1109.826835329605,1125.7012889228029,1049.6264262006046,1055.4613368824184,1041945.7582561433
2022-03-26,ETH,1054.3931764219828,1062.4260883133118,1033.2915675494073,1045.3433167355986,1602233.8052094865
2022-03-27,ETH,1042.1152872233204,1048.1373861315533,1014.4919381553982,1033.4890518395098,1689109.0420296516
2022-03-28,ETH,1039.437969088391,1070.2053469447585,1035.2068962034996,1058.8963974859278,1155292.5299296116
2022-03-29,ETH,1054.2111629135054,1066.2301554922517,1018.7399764276445,1030.3156479827885,1402493.5154644954
2022-03-30,ETH,1034.677876962217,1043.2358623827736,1027.4473990836984,1041.37314268564,1403749.0142123795
2022-03-31,ETH,1038.8257997435742,1041.203119576916,1011.3598920180015,1031.1627954500289,1864301.2623997084
2022-04-01,ETH,1026.1346459677402,1054.9585089275631,1018.9108206784573,1053.5933354821414,1572523.749379414
2022-04-02,ETH,1056.8619800443237,1080.8526523457,1041.1559418784875,1060.6823945200742,1322030.3868058845
2022-04-03,ETH,1065.0262413547578,1082.6653455265096,1012.175131035207,1026.1646557513684,1795567.5976089812
2022-04-04,ETH,1013.9895096337984,1026.1020988707232,1002.2714821811464,1018.3431901032067,1761583.3302843883
2022-04-05,ETH,1012.8251809563199,1019.9985502705936,982.4561014361113,993.7912465764128,1831881.4818326347
2022-04-06,ETH,996.4606388707385,1002.6165945035099,930.0534781719552,942.0363420844745,1513246.4774048286
2022-04-07,ETH,930.3386996507382,933.5260214336006,905.590853603529,919.4999816967614,1403692.6156560513
2022-04-08,ETH,912.3725896527488,931.3518950173392,905.6346973761708,927.96801095022,1273755.909040362
2022-04-09,ETH,921.3508192803757,950.8115180854111,911.2357019308229,943.1321213785559,1195090.820319045
2022-04-10,ETH,942.7752915489938,953.8148658767518,936.7926792384097,939.8903451439296,1553980.5659425776
2022-04-11,ETH,938.46621224131,944.6238137124604,898.383268604761,905.8428271876037,1919835.3756158503
2022-04-12,ETH,907.6326121481645,913.2014397756072,905.2035333913088,908.6735712752461,1806705.220263919
2022-04-13,ETH,896.8873490423118,905.7055535619935,861.9138159546856,869.9464797600587,1236905.505911119
2022-04-14,ETH,866.9914715233954,867.9401880007349,854.6551720267123,860.9629161506994,1156257.5016315714
2022-04-15,ETH,859.0551707484851,866.7037746246938,802.2736276628065,805.4661144063142,1478926.8434709876
2022-04-16,ETH,817.5681726165294,826.433907609928,799.6013531565368,800.8874304534693,1304196.6226619645
2022-04-17,ETH,795.373457754265,803.8863111901825,781.9232732410921,785.4270971471823,1881565.1619906127
2022-04-18,ETH,780.6977797565137,781.4902843123267,760.8392126230178,765.0689156767713,1529137.8746280854
2022-04-19,ETH,764.9323494139154,777.6182773704006,757.0741767321578,760.2974398867016,1489399.3403903898
2022-04-20,ETH,758.2011240084798,761.2586755919842,745.8814078705298,757.8098723196066,1823382.9766351355
2022-04-21,ETH,768.2527299572757,774.3322318760743,713.0021361504923,718.5899496329303,1123148.1542364813
2022-04-22,ETH,721.1748567245733,740.8836525230917,712.1604558138305,735.7608993595309,1447616.492566234
2022-04-23,ETH,740.318445129558,779.823057100752,737.6809430499164,769.7854405152259,2599988.761872755
2022-04-24,ETH,775.6435692379822,775.9050268332822,744.4128341189789,759.7407787801573,1956144.6904087574
2022-04-25,ETH,751.3072238010565,760.1310034264374,732.5182882864028,740.0447808145808,1345573.877634628
2022-04-26,ETH,743.3589294764449,766.3345475824133,737.284807095094,751.061155963747,1958725.6851686256
2022-04-27,ETH,754.2022008736627,764.5697286588916,743.4305968438197,750.6258829129026,1056496.5457856203
2022-04-28,ETH,749.9559244663354,754.0442473323101,726.1428263083342,728.5512326674356,1597351.2510026637
2022-04-29,ETH,735.3268237402956,739.3405798671613,719.3302347706275,720.523790561499,1471106.5996759932
2022-04-30,ETH,721.3223120794446,732.509151414262,694.2542671858548,701.5474966429299,1616216.6172466867
2022-05-01,ETH,709.2312517963559,730.3960867736133,707.6381627240194,717.817605935672,1816102.7724515896
2022-05-02,ETH,718.0133046231675,723.5427362900326,689.7778045359846,701.7833298852091,1984615.2633596596
2022-05-03,ETH,702.0868729825245,706.0456256682974,689.8520792596048,698.7206262972534,1597670.95559505
2022-05-04,ETH,703.9607911445296,726.5332137622113,691.0746822177842,725.0077624863524,1329254.8195716357
2022-05-05,ETH,727.5512096836891,739.7893408136954,713.4484162762035,718.8925230578999,1825609.8692098383
2022-05-06,ETH,720.9751048501637,742.428796991119,717.1676173315153,737.1455754854005,1936609.5848521176
2022-05-07,ETH,739.7422322396051,761.62113935307,733.120518238351,749.3147588930709,1956947.5451952028
2022-05-08,ETH,750.3373652230819,760.4143026474143,739.9377019741238,745.6810807824612,1560643.0071655768
2022-05-09,ETH,750.1925270501897,766.9211075695819,727.0010458208247,729.998721335723,1877040.599105316
2022-05-10,ETH,738.1157006409426,749.324195699804,725.4140237578487,732.4440853248506,1944132.687861532
2022-05-11,ETH,736.6466505159244,740.4481369073635,726.79360408689,732.0597890086071,1708398.621746201
2022-05-12,ETH,730.4535899338264,738.507614402786,716.0220889565267,721.8498007118034,1696535.6860665414
2022-05-13,ETH,723.8149649222469,743.705126491299,701.9415750536078,714.2367430603651,1799678.3692252587
2022-05-14,ETH,716.1877277354686,732.27314158255,677.1601304313755,681.8276401432291,1532527.2963120409
2022-05-15,ETH,686.7133410997926,699.5178743815728,674.7126111892215,680.1905804201072,1669771.259876239
2022-05-16,ETH,676.6988129313639,684.4325393558923,672.9876221319973,683.1537439828986,1199143.3284052825
2022-05-17,ETH,682.4447436365272,683.3757484442681,676.7429710719042,681.8506129626369,1146311.2816065317
2022-05-18,ETH,679.7788767551594,700.9901762459845,670.447765941828,693.0535363127481,1591389.308094224
2022-05-19,ETH,693.1906272393022,704.9261708711032,680.0305288230389,689.2204899119591,1131858.1337333375
2022-05-20,ETH,696.7233871721369,708.5658104611797,692.220205718579,692.9886837820483,1174497.2446155907
2022-05-21,ETH,693.2157799353664,722.8730428070098,688.8984172335097,719.7386449484177,1833344.7002505506
2022-05-22,ETH,721.0643947584142,724.9181168643552,705.4104950171666,706.5596622407581,1209350.1234949776
2022-05-23,ETH,709.5252611420692,740.6114549025149,701.5620434068595,731.5957740404568,1439193.8491516414
2022-05-24,ETH,731.2560901763691,749.8621774575527,720.8734796167546,745.196847287178,1162330.6035639613
2022-05-25,ETH,749.195167003081,752.3409802176211,711.0671196532999,723.344261000217,1184366.2450856604
2022-05-26,ETH,726.9752415931064,748.4768521336208,718.061968893456,745.6131250085864,1105132.4387883905
2022-05-27,ETH,738.954913549446,744.0110854265592,728.5253865606161,736.558299734229,1611862.8805586617
2022-05-28,ETH,731.5656248052587,731.5708107307426,723.5263724747905,731.0619605402704,1609381.555504399
2022-05-29,ETH,732.3662652817509,733.5501422980784,713.0161430275101,720.5319139691221,1896476.6606685312
2022-05-30,ETH,720.3523997859278,747.2491009671053,711.6175323230915,742.0680098079755,1630463.658383617
2022-05-31,ETH,738.7168804971459,739.2277788634647,730.249770711843,736.5861884448917,1391504.634198264
2022-06-01,ETH,734.8107636404113,753.6430630804377,734.2224163387189,752.0967214009238,1203354.7105474952
2022-06-02,ETH,762.8145216096825,773.2689428364647,723.16073090465,730.9852631692727,1476487.7943713125
2022-06-03,ETH,724.7989617506494,737.1755303499373,719.1265774819293,723.3392697334622,1001510.2207898683
2022-06-04,ETH,723.8527738400036,733.4525444697916,716.9852718460621,727.8315672086414,1525981.3587335749
2022-06-05,ETH,725.6590019171595,734.9726894926135,713.5933544268674,717.136692616263,1959938.5351648345
2022-06-06,ETH,721.8006524957699,725.0298622570735,700.2725391525828,705.9085074997421,1779835.4916471788
2022-06-07,ETH,705.989589422436,721.9938395076227,693.0447123070396,719.356645068252,1500592.6494145403
2022-06-08,ETH,720.1843248868927,735.5371957966385,717.8639460416557,735.117385679197,1109063.1337801975
2022-06-09,ETH,730.8019752546636,736.4989336182531,724.8020267267924,734.4438623345737,1438400.1594502085
2022-06-10,ETH,733.8554325664941,788.9768250955068,730.2025395590431,775.3950814968426,3060301.679467064
2022-06-11,ETH,776.3632167933794,790.7417038866491,774.4467604223192,780.3123460315887,1630654.7482640138
2022-06-12,ETH,783.7203211135354,795.867055591408,773.9207764776489,778.639721284324,1019787.7011256795
2022-06-13,ETH,782.286761963866,801.1469481953891,762.1845472650547,773.5523136517526,1902935.6423154708
2022-06-14,ETH,773.1594010664957,780.0510617878483,765.2692467777871,775.0407138832467,1725805.0328460664
2022-06-15,ETH,767.3981828246388,788.7283258226144,762.3722769710981,781.0819569892308,1013372.7147389848
2022-06-16,ETH,786.0445482204533,829.3077183980816,783.13137881287,819.1085899201396,2222306.210639415
2022-06-17,ETH,817.1608324423995,832.6687938896508,809.5816788280478,825.3790329579032,1982869.3383860798
2022-06-18,ETH,829.7080291848708,839.2652697515388,798.8280266380252,801.0291815623206,1986943.4500445242
2022-06-19,ETH,790.1606157468015,808.2774821146287,783.4220764261381,799.1527974314037,1750604.5641960965
2022-06-20,ETH,803.3537087885001,808.874921481189,786.0487159217619,808.2648825320498,1060304.8231139302
2022-06-21,ETH,809.2746996781972,822.2426042584208,794.8708088003548,802.0135092129343,1701892.8252461827
2022-06-22,ETH,800.9772602044364,805.6171976004849,759.337473328383,769.6658944391583,1744416.0614196016
2022-06-23,ETH,760.4331357540542,764.0531951721011,737.8546293369665,751.4132242607369,1737198.1023833142
2022-06-24,ETH,749.3624741737225,754.4659927856935,728.9141241380528,734.9280264444451,1097106.077564654
2022-06-25,ETH,737.0244858761835,750.3557658189136,727.9482930983571,736.338274390248,1731367.3175410011
2022-06-26,ETH,734.3432828524753,739.5110202822332,727.8948862124125,728.0433751518786,1619193.7068794742
2022-06-27,ETH,733.6200918570571,744.011933664439,725.2341588734774,740.1249235216357,1148561.474993858
2022-06-28,ETH,735.4085592872154,765.25501596935,729.7175817867205,755.9103879426583,1264180.7493746527
2022-06-29,ETH,755.817618686594,760.7975942637831,741.5897048543155,752.8057379233034,1481785.2549372162
2022-06-30,ETH,749.6168135606923,777.0152244541562,746.6512918389616,774.0494227283975,1785343.3009428745
2022-07-01,ETH,774.170533158066,792.9064839672808,768.0420576051738,777.6949362861575,1126693.8304417937
2022-07-02,ETH,779.8338476176356,800.3164833334695,774.5464612906806,794.5457049140945,1019971.7742278613
2022-07-03,ETH,794.5651108980925,803.6782769248545,783.521276247068,796.7700972281731,1205215.427902909
2022-07-04,ETH,796.8276750507206,824.3823143958854,786.1316424453106,816.8605138018124,1414491.118961819
2022-07-05,ETH,820.2052036964128,836.8972352624565,805.2700688537942,813.5223885101403,1738253.061432894
2022-07-06,ETH,813.5387899943415,825.4601951078818,797.5250340882357,817.0025044485731,1457228.248245466
2022-07-07,ETH,825.7246232902797,851.1197150722148,819.6216110927396,841.5444752912831,1501062.9777126824
2022-07-08,ETH,840.5974923739876,845.2083561047722,823.5662298399229,836.3544405879829,1673522.5557517165
2022-07-09,ETH,831.3104208967642,837.435774958865,808.4731895533821,816.8955552313479,1016145.3202046262
2022-07-10,ETH,808.5367911422309,844.4326811017423,802.1627718946543,835.2665763444586,1769350.9542608291
2022-07-11,ETH,839.3410091794949,865.2357659175876,823.8677230178321,854.4232767705328,1819061.1595882159
2022-07-12,ETH,850.0604774117975,878.1014699908388,843.6999551698409,866.587885584648,1574169.3758664753
2022-07-13,ETH,863.2258854830966,869.2422380375078,853.2770856108399,862.3792847211937,1796638.3362579977
2022-07-14,ETH,864.9421514723864,882.8207921377486,851.0687726141728,876.2477644808968,1637153.2540178162
2022-07-15,ETH,874.6560975316202,882.5830839520719,834.4831767107265,839.156887308396,1534690.0295671427
2022-07-16,ETH,842.4327959859385,865.7296933461131,833.5059666880845,856.7775101264348,1350254.391836621
2022-07-17,ETH,851.862066049079,893.4724900339536,842.6269131672763,882.3597556267451,2864832.2572751953
2022-07-18,ETH,882.1312068107954,898.1201866230214,871.0200216023703,884.4639592363404,1601184.50041759
2022-07-19,ETH,888.8836699872995,938.7606120400193,874.9657813074449,929.940206381117,2753384.515155345
2022-07-20,ETH,941.331998775621,945.1087387173127,907.7823249763248,918.9932823876065,1540235.8546664433
2022-07-21,ETH,905.1742281440554,958.4144794800669,902.6148670950124,949.0050671997044,3090334.6601263457
2022-07-22,ETH,938.0110407129179,955.7999170459879,901.3537685753879,908.1189820027829,1216427.774462478
2022-07-23,ETH,905.6727157646937,914.9384320528509,876.0903540573006,891.8398020396962,1221146.1494542374
2022-07-24,ETH,885.8338260518121,888.1841408072644,874.7858715746456,887.6720722646546,1724833.4013046855
2022-07-25,ETH,886.3960795963683,986.641357496883,881.7183038725202,976.4378703633707,3004531.545599361
2022-07-26,ETH,976.8300250354217,980.4111692859763,918.4825818160398,928.2624644970671,1025886.3318974253
2022-07-27,ETH,929.5433087493728,936.9674637661386,900.2867413447836,910.48559020232,1484006.0180049539
2022-07-28,ETH,911.9240009118715,937.1571061726398,902.2622842819042,933.6190517917418,1500085.8551045186
2022-07-29,ETH,932.5741334349798,941.6879521004649,910.3241146240155,919.2566537577796,1559405.7521674093
2022-07-30,ETH,918.4205017294208,951.6764250837642,906.9219212563213,946.1327846424488,1742487.210125557
2022-07-31,ETH,946.5638279958827,958.111517752145,905.897838685661,914.2056811216313,1206151.3729806682
2022-08-01,ETH,918.2698409094519,920.7601812299317,896.1203415970367,912.1419106215086,1439220.70103913
2022-08-02,ETH,905.704159100949,909.2679349619954,860.2534101196511,863.5101439020286,1828243.987529168
2022-08-03,ETH,864.7200114951385,885.117395617893,858.3440747167806,871.0439800749815,1582114.2834766563
2022-08-04,ETH,874.5571655422649,919.7908956694886,862.2137548493275,917.0776739760058,2310539.152299106
2022-08-05,ETH,914.481611892864,950.1916449139942,896.6912966996979,943.6195652594905,1222649.033997178
2022-08-06,ETH,950.1040529174497,968.4872165710474,941.8358199890677,957.0483873614495,1210384.7225690703
2022-08-07,ETH,954.8718383532139,968.2595594058329,941.999329965615,968.2534855996304,1712708.0951311167
2022-08-08,ETH,965.4578205407055,992.6841172967288,959.6633558224938,979.6142239586616,1814190.7619267213
2022-08-09,ETH,981.8066918867049,986.1376069944007,933.1448814218719,942.1262159090777,1150673.7166060032
2022-08-10,ETH,942.1663205212889,959.9567935284118,925.4536857957528,945.5014057340871,1573820.5946784243
2022-08-11,ETH,943.043083667287,965.0262992440101,933.9010347183246,962.807225349368,1107821.6910183576
2022-08-12,ETH,975.8038149638967,990.2781078663825,972.7605678384499,982.5975347194375,1609496.3124713271
2022-08-13,ETH,971.3826143499933,1029.0626040413147,963.5144679508999,1021.5011625996124,3369292.2141091316
2022-08-14,ETH,1025.4063940320714,1061.6507436864006,1011.5184921897693,1047.31800910173,1582567.9447781069
2022-08-15,ETH,1049.06952362174,1064.852010529697,1017.3542717540213,1033.01366072058,1537501.6059332478
2022-08-16,ETH,1043.9558751895802,1066.4868360770292,1033.7085950326182,1038.6660521387018,1984907.719968522
2022-08-17,ETH,1041.2605380658922,1082.3124183502312,1030.6487082528124,1077.3502339650483,1743789.3887870377
2022-08-18,ETH,1075.3653948768147,1108.0233592117947,1066.2319747589165,1100.6557062535826,1888748.5926598585
2022-08-19,ETH,1101.6004390892472,1105.0409958943847,1089.8829479202404,1102.805942157425,1785700.2480441951
2022-08-20,ETH,1107.7365856527665,1141.4083285618017,1097.8486696455293,1130.199804051743,1611010.88287788
2022-08-21,ETH,1136.5509929150858,1193.5512140003862,1120.3385827444174,1189.8340861488157,2202025.255058938
2022-08-22,ETH,1186.263221264765,1230.2822327026036,1174.843385220932,1216.3730454503436,1076117.1189874883
2022-08-23,ETH,1228.939684663378,1232.8334879546296,1163.449660422725,1181.5046910554233,1034259.9587136072
2022-08-24,ETH,1180.6278579920886,1198.8691945546148,1144.0840386357654,1158.9216136288383,1446065.7971818205
2022-08-25,ETH,1170.5010392210165,1179.754493328601,1151.8220893698644,1159.5188019518466,1106125.9384261558
2022-08-26,ETH,1161.2772776829943,1199.0603227304753,1160.1785164201,1197.486014895491,1968756.655846175
2022-08-27,ETH,1194.6996814032464,1234.2462803334786,1193.7224074907945,1220.036828475494,1472701.0202139926
2022-08-28,ETH,1219.768508328558,1291.9580845150922,1205.9113472880506,1276.5371215643477,2033410.0664298476
2022-08-29,ETH,1269.6822943722102,1281.794894815955,1241.2223531106736,1251.7880283486297,1009793.8558257784
2022-08-30,ETH,1250.788887916496,1301.0755775469217,1227.0262937553682,1290.8443516321881,1111357.8386144815
2022-08-31,ETH,1274.9357211739105,1311.2234883235953,1266.790182086702,1309.385304368493,1005889.5064994436
2022-09-01,ETH,1302.6565595675402,1315.6221922377329,1280.3193115456452,1284.1956199272897,1113918.1338317362
2022-09-02,ETH,1295.2416509964262,1335.173976671534,1282.1097377217686,1319.9892572860035,1250871.6861319433
2022-09-03,ETH,1310.448869126824,1339.9968053739171,1285.4388234061414,1339.16771718135,1580998.3082893386
2022-09-04,ETH,1349.5152840723033,1387.2061682688488,1342.4706156918994,1370.027606732905,1434532.8171820596
2022-09-05,ETH,1358.6853421422645,1367.5920711765666,1279.075926637081,1287.5513226921835,1582044.1085152659
2022-09-06,ETH,1295.4360803336579,1307.5603550460264,1285.051236505837,1296.2566273762186,1507604.3923278484
2022-09-07,ETH,1305.9299032911433,1321.4610616298116,1300.3337683741631,1305.4680979493116,1629754.149114285
2022-09-08,ETH,1311.3142759824434,1324.276849210999,1300.0227052563619,1322.1410815209351,1223337.0422206644
2022-09-09,ETH,1312.8486780434985,1341.6405512908887,1297.0759934307898,1333.4069463664896,1836833.2855481212
2022-09-10,ETH,1322.5097832694457,1415.88064621229,1308.0659187826145,1403.2110665838916,2936875.9581469144
2022-09-11,ETH,1405.779522554328,1502.1534123614913,1398.8765429734208,1492.2223946527918,2594570.896578772
2022-09-12,ETH,1487.3949426308416,1500.4998240490397,1464.1998008651271,1497.4689370146534,1680716.1678380868
2022-09-13,ETH,1495.326083585946,1514.3658703347942,1476.2336566744868,1499.4492735316169,1031455.9884560752
2022-09-14,ETH,1490.4110847565496,1513.932158657239,1469.4393964337614,1478.4399534598106,1918388.30278066
2022-09-15,ETH,1480.5212755394427,1491.9061638490061,1434.447500554092,1455.521444491925,1936805.992919642
2022-09-16,ETH,1455.565597912947,1481.3366280341054,1438.6233572290635,1471.646251814515,1623556.4427037507
2022-09-17,ETH,1471.0652573993755,1497.7282988672018,1440.3338654876177,1447.9390013632235,1087285.5439138408
2022-09-18,ETH,1450.5212217124847,1526.8808027566274,1443.4896544298367,1524.075904575733,2700740.2902688584
2022-09-19,ETH,1526.3118592378503,1607.1176769628587,1521.4753359195033,1586.2341850229038,1879534.341548726
2022-09-20,ETH,1600.7755026567193,1691.6696720339028,1587.7056689751882,1682.3410679806882,3071950.6123043597
2022-09-21,ETH,1673.1388952812138,1772.6216029892844,1670.094159550249,1768.4734377530451,1957635.8145742116
2022-09-22,ETH,1772.875387934325,1785.609888027189,1696.6442891194363,1716.1043834636662,1865671.5644919185
2022-09-23,ETH,1714.8946390865308,1762.3597602675654,1695.2016343419627,1734.5114854082365,1953933.7514054899
2022-09-24,ETH,1720.1730122842691,1746.3282936212274,1654.4655232048854,1676.2906368729373,1181690.5495011776
2022-09-25,ETH,1681.2680174990762,1702.1096941641517,1665.5539099519183,1689.9387465322302,1656592.5318735596
2022-09-26,ETH,1672.4477326534663,1687.9508055442302,1626.1945684914585,1637.7092644309112,1868895.8852125634
2022-09-27,ETH,1631.5669181059584,1642.225316198396,1544.7230028232925,1558.914114876584,1704086.4669257582
2022-09-28,ETH,1582.751874301399,1660.2908075149496,1572.6718675376928,1654.4201879567381,2686612.0291711427
2022-09-29,ETH,1667.390707441079,1679.6213855964556,1652.7106278558476,1658.7230031940555,1275565.0648375058
2022-09-30,ETH,1666.2838873282758,1682.072153258588,1608.561190420099,1627.9401366793234,1483985.1510777855
2022-10-01,ETH,1624.9012387223897,1646.7613610965384,1588.7942080324076,1635.5654878583193,1267130.1057568924
2022-10-02,ETH,1627.2624450279495,1675.466373624866,1607.7960379519518,1650.7995472874345,1869524.2404778444
2022-10-03,ETH,1647.735873806516,1679.76905084044,1643.8925315870388,1668.775614659831,1482322.9149061893
2022-10-04,ETH,1658.3174848581862,1679.5119398501859,1624.9123885398121,1651.3968385708552,1128897.515408894
2022-10-05,ETH,1669.397507800125,1673.5222923304582,1647.3735627378874,1658.1753219707625,1709964.5917502486
2022-10-06,ETH,1658.638494093364,1671.5658814393425,1622.1190668276029,1636.2860091082898,1351543.3995623179
2022-10-07,ETH,1644.2445439720334,1823.2705122554005,1635.995988522286,1793.9997053868012,2084784.2326771512
2022-10-08,ETH,1787.0674919310597,1850.6837745140958,1783.1914957339975,1828.856056904111,1604952.7748244565
2022-10-09,ETH,1820.2122692514108,1861.3469567830796,1813.655010955486,1837.842837602003,1757048.3151472698
2022-10-10,ETH,1830.6993446352556,1876.7198474922457,1809.6079423985193,1868.893932702437,1077011.5089692713
2022-10-11,ETH,1856.8767593920418,1929.3370801481183,1839.421838159429,1926.4811667568065,3383596.6200285926
2022-10-12,ETH,1931.101372192525,2004.4176407713646,1924.7225183617809,1992.2436822212992,1497348.507276024
2022-10-13,ETH,2000.722235025207,2032.086466577466,1990.7280524038533,2019.2288034369667,1937477.8466247777
2022-10-14,ETH,2000.6588888910935,2145.6609671752135,1970.7956150665784,2129.0519879821286,1987786.7249992506
2022-10-15,ETH,2132.941048880064,2153.794902029452,2114.0125386788945,2140.8439235625083,1762431.0720166082
2022-10-16,ETH,2148.6410907794348,2171.8327597956454,2123.5675194951755,2141.369887485471,1845003.4901576892
2022-10-17,ETH,2137.553865460537,2208.074401367018,2122.9786294008336,2170.6461945668407,1388938.0394402475
2022-10-18,ETH,2178.7181597559465,2185.0346416957177,2117.3090655569786,2132.895003195818,1895206.9695686768
2022-10-19,ETH,2134.3951814808543,2173.774403015125,2130.3511005790283,2151.076008302595,1655020.8969503453
2022-10-20,ETH,2153.3828365281706,2222.051284243035,2140.09344580583,2192.2629591128984,1472741.8571491607
2022-10-21,ETH,2190.8173290566237,2263.21461191493,2174.030434766087,2246.1725889011,1561164.8001808387
2022-10-22,ETH,2238.303737921084,2278.3314085905677,2229.05693083244,2255.8444790834683,1826052.0393215595
2022-10-23,ETH,2224.063656209726,2294.3860428870503,2217.7464546570995,2277.4634302951404,1824384.4425094272
2022-10-24,ETH,2259.4115988669164,2322.79714518128,2245.258701897709,2306.2734252910413,1338368.8186781663
2022-10-25,ETH,2330.637433973205,2353.8901882716714,2286.174458960594,2297.5168712789773,1993889.5220923559
2022-10-26,ETH,2299.3024563202484,2355.651154097499,2274.5381361097866,2337.253985106796,1949996.2491933224
2022-10-27,ETH,2348.0392902854114,2379.8178578477014,2320.5409441429933,2330.1480622848603,1630460.9990701312
2022-10-28,ETH,2335.869926602822,2367.7814019334537,2275.7261717021806,2293.9129822140794,1525416.878539745
2022-10-29,ETH,2294.932496470627,2325.512906132826,2249.8508987340233,2281.1631995919483,1798684.9651200715
2022-10-30,ETH,2283.140001660028,2310.527115541869,2264.0171793886566,2282.091747847905,1884316.7104167088
2022-10-31,ETH,2287.646798334815,2412.0706894167965,2260.002796838932,2383.8663646348405,2558756.4170015855
2022-11-01,ETH,2368.586669557383,2396.4147943664243,2341.3678666362543,2387.588741493399,1520750.4693681856
2022-11-02,ETH,2422.3673141182558,2447.0043858525473,2382.734979375024,2410.4106977450533,1548566.6462998767
2022-11-03,ETH,2429.002842844752,2472.0917285921114,2361.7631633249234,2387.6584462810524,1364346.2447932502
2022-11-04,ETH,2382.3167887193276,2453.3553062177784,2356.6183423425678,2443.0587232414605,1533426.1515767933
2022-11-05,ETH,2464.464565688474,2466.9257262301617,2430.058889141448,2462.407129842633,1291507.9535819571
2022-11-06,ETH,2467.4882497944986,2485.464689192143,2402.3590543857817,2406.866264702993,1429078.6118943233
2022-11-07,ETH,2410.4870511442546,2477.7929885984067,2382.6725963137696,2450.0786672294475,1183403.804050915
2022-11-08,ETH,2438.657373081976,2469.5542196792253,2406.4880599006,2423.467888938461,1245747.9300679495
2022-11-09,ETH,2430.878099668472,2472.384285388649,2423.5445329256445,2458.2785687291675,1251306.4375805643
2022-11-10,ETH,2437.7168461074743,2488.6038419144143,2408.550725287269,2484.6244686302916,1656608.8389152184
2022-11-11,ETH,2486.9955659383295,2488.381015690598,2429.6549696352063,2474.4115863472653,1373455.8084381658
2022-11-12,ETH,2469.5183951090075,2496.191827836758,2462.511643509639,2464.6770153033203,1373120.0494691962
2022-11-13,ETH,2477.450542862805,2499.598086269232,2407.3608317684407,2437.664806635884,1128580.4663935043
2022-11-14,ETH,2421.5595550255257,2479.1814181423165,2391.4284586879958,2404.7019717569615,1874196.1006509447
2022-11-15,ETH,2395.2998870992524,2543.5570941536366,2372.772993234219,2513.0884468296235,3556660.295088301
2022-11-16,ETH,2498.2283302605806,2580.1972422357153,2484.876586143773,2569.1343079704734,1424809.9593899648
2022-11-17,ETH,2584.54077453958,2666.801048654577,2554.7707473109,2644.256489495228,1870368.9607131751
2022-11-18,ETH,2629.590403445395,2647.6140255095424,2480.903186238493,2519.4721074714016,1276821.9712502074
2022-11-19,ETH,2510.4239790307747,2551.2868981283536,2500.6139509409218,2540.05017244282,1325636.186128264
2022-11-20,ETH,2548.5311915008456,2626.4868573705594,2528.983677097529,2621.3446714195084,1203149.9100958644
2022-11-21,ETH,2633.6828402527026,2691.671482661209,2619.035580079569,2663.933360369843,1633956.858056197
2022-11-22,ETH,2665.2585918690593,2719.2416267905355,2656.358132553579,2699.8626270807913,1112704.2063645413
2022-11-23,ETH,2706.366724914539,2714.6605988441775,2521.7506966890046,2555.0466635885728,1420323.9581886544
2022-11-24,ETH,2554.8922425136825,2592.847941787485,2530.399369844618,2542.0487057990267,1347107.1946982413
2022-11-25,ETH,2551.6359525049106,2601.4509837622095,2535.373511261528,2548.4278430901145,1378427.2516526813
2022-11-26,ETH,2536.72325908169,2560.7707773686125,2452.2564537624576,2477.618542216429,1735363.8027373836
2022-11-27,ETH,2493.9849665886645,2566.3692179891023,2471.257541162803,2540.3218125172266,1164169.410039824
2022-11-28,ETH,2523.0620292332337,2567.9743779317077,2456.195806850114,2477.4768310219893,1522125.4689734243
2022-11-29,ETH,2480.5684140119783,2646.943395307662,2456.522143074545,2639.488940767676,1875593.7187756677
2022-11-30,ETH,2624.000276043932,2692.2764402596226,2587.282029894793,2664.9100822131254,1075131.9124275756
2022-12-01,ETH,2659.437721959856,2680.42451369748,2605.0880870369183,2620.952151017779,1689838.204395737
2022-12-02,ETH,2604.2546751566047,2640.13946006337,2510.525963097158,2530.055252928147,1682956.0923854706
2022-12-03,ETH,2549.40569644571,2584.176853405541,2439.179888908787,2442.693982799033,1599978.1581634239
2022-12-04,ETH,2474.617694983365,2532.5277731109404,2449.093906504126,2465.4090801399325,1338201.7726519825
2022-12-05,ETH,2445.3521249406326,2522.3575299170784,2441.9440827997364,2485.636026577028,1454514.2198458037
2022-12-06,ETH,2501.8993715793126,2513.8658707167187,2403.932546025328,2413.2447866758816,1873718.2931339112
2022-12-07,ETH,2413.7167792261275,2437.8006158153257,2390.79261301138,2422.41513412147,1842201.8448079806
2022-12-08,ETH,2438.224109940992,2568.0530278022934,2409.820614803714,2543.878611538247,3156753.0614972278
2022-12-09,ETH,2529.78405164032,2536.7024891040523,2485.592008404683,2499.0710211363976,1948576.7538374583
2022-12-10,ETH,2498.1842167522277,2505.6628809099193,2393.1070342645676,2417.811264407043,1690005.0842151684
2022-12-11,ETH,2432.172686480583,2545.7875075207644,2419.2084407461034,2500.4078966500733,1542994.1600879685
2022-12-12,ETH,2505.822484747377,2544.028751368828,2454.0420124968864,2484.8848807115774,1880103.6677757055
2022-12-13,ETH,2477.8106175879884,2522.2122134224887,2477.633247140422,2499.8505481802035,1479948.7750585137
2022-12-14,ETH,2492.3548625818453,2526.1020448399167,2457.061041533106,2512.763157326523,1726721.6685540187
2022-12-15,ETH,2516.806028963354,2549.5561504074158,2447.756284566859,2460.7983609058338,1419628.8093863255
2022-12-16,ETH,2477.5261551154886,2501.9679321897606,2466.5255228302185,2483.454471912156,1662159.8731666214
2022-12-17,ETH,2483.550955647288,2517.844450772869,2447.7961237688023,2467.620361072445,1545770.654744807
2022-12-18,ETH,2465.0450385696167,2530.6253557428277,2439.591651624501,2498.7789504830657,1152957.9082570535
2022-12-19,ETH,2484.222828036801,2555.68433835853,2459.285973258248,2521.3645071342535,1511096.316009762
2022-12-20,ETH,2532.8699357685996,2586.2582172775146,2517.8218007458577,2549.6142311047315,1233215.710782524
2022-12-21,ETH,2545.3080278629163,2546.3241356086482,2490.9120146007513,2511.2438137464956,1088721.0876065905
2022-12-22,ETH,2507.35098020067,2529.224815669435,2441.8031077622263,2446.911310281497,1909473.0226504982
2022-12-23,ETH,2441.087595609308,2472.06254362375,2362.6966418593724,2401.5235721531744,1810360.231628128
2022-12-24,ETH,2407.2550881509483,2474.112857897554,2372.366099436799,2455.403370683057,1872440.1854796715
2022-12-25,ETH,2446.4905124156317,2469.6130510586204,2330.6047167751867,2342.2804025424734,1618714.2640876595
2022-12-26,ETH,2353.5385616062013,2354.1613253963224,2278.5856523794787,2296.0065955790947,1168390.5756295556
2022-12-27,ETH,2289.0691647421,2306.792590433675,2247.9280419070997,2296.467063329957,1985223.9015281
2022-12-28,ETH,2321.6925804688594,2376.357945746841,2188.4791525030446,2214.846519491484,1200980.8203093607
2022-12-29,ETH,2219.751004740545,2333.395795171802,2184.033820371544,2300.509938986321,1812638.1758920446
2022-12-30,ETH,2309.629245890064,2371.0763373218592,2282.247350118057,2336.4004263545035,1346084.1211945293
2022-12-31,ETH,2320.1060192142163,2367.1630942973784,2286.9393312366933,2302.8642099683398,1171156.2163718932
2023-01-01,ETH,2288.3125398845027,2386.466176159436,2273.2756910166217,2381.078377289649,2105876.8659125157
2023-01-02,ETH,2390.1670144246655,2418.257108637762,2321.784501804396,2358.3567877307264,1324460.611252832
2023-01-03,ETH,2340.0050632981156,2363.867405542735,2318.0819597427667,2334.6770514845484,1847159.0227354225
2023-01-04,ETH,2333.719686106791,2356.292185946517,2199.7983320531907,2237.1500392626094,1406062.0188155433
2023-01-05,ETH,2219.651869706635,2246.8009764597964,2165.81995962552,2192.703960094849,1751993.8709573734
2023-01-06,ETH,2194.5663537989767,2257.92270446573,2179.706946392791,2257.653642588011,1328960.2175836377
2023-01-07,ETH,2259.8767405516332,2280.188920784683,2165.962737392967,2181.3497481043173,1510218.1744234918
2023-01-08,ETH,2198.778339564753,2218.0353263409393,2152.495735024667,2179.503605814987,1231600.8542941338
2023-01-09,ETH,2171.8729953184634,2233.0526257103497,2164.4346586914976,2197.5857536781073,1268885.5250673546
2023-01-10,ETH,2197.0047974302142,2233.75846060907,2161.29069543137,2174.5762956121735,1112566.6551527346
2023-01-11,ETH,2172.767915035556,2187.1742320635976,2082.7140043692602,2093.9576884462163,1909785.043864062
2023-01-12,ETH,2090.5587011324515,2120.285666009438,2059.6021208104717,2060.5003699968247,1304359.7360260114
2023-01-13,ETH,2036.693534180848,2058.4650420538915,1981.6287505540317,1997.0252138741487,1836875.9472340886
2023-01-14,ETH,2018.5837289186106,2031.4917742459418,1996.2730042822295,2003.9690001330725,1901897.1543397743
2023-01-15,ETH,1967.4400559944884,2037.1723236288158,1953.0268674603358,2003.970350075744,1734923.7242805548
2023-01-16,ETH,1993.2984206256472,1996.997642692728,1935.5155716410657,1953.1818757583485,1215752.8769401084
2023-01-17,ETH,1975.7400505285673,2003.9279631222146,1947.8481668848137,1952.9961460918225,1688555.4125707226
2023-01-18,ETH,1952.0294627044484,1968.885580537074,1856.4066489682984,1872.2744688687912,1443671.6459397005
2023-01-19,ETH,1870.8326500256512,1898.73530360147,1853.2324770916703,1886.211195871227,1254994.6267501353
2023-01-20,ETH,1883.6012164702072,1906.6571704377398,1872.0144387681412,1872.903697955744,1868114.8002118699
2023-01-21,ETH,1898.9012371317474,1907.3596975541025,1853.1401744797568,1877.4466692360018,1950733.2740887904
2023-01-22,ETH,1872.7451495313346,1890.444000718686,1771.5324140545772,1788.1845195331605,1264596.0033936803
2023-01-23,ETH,1800.5122974116202,1867.1425261344914,1761.674988230748,1850.4361517449995,1678338.0418050303
2023-01-24,ETH,1866.7661664617374,1887.2790636368734,1839.5711888160242,1876.1013352561877,1075920.1923481983
2023-01-25,ETH,1858.918223645106,1884.2776448655975,1849.1161552100843,1882.450730885905,1339901.799171514
2023-01-26,ETH,1889.6527965327998,1917.3369504027114,1884.780176172681,1901.1584224374815,1134675.332100322
2023-01-27,ETH,1914.0865845445078,1934.7754394880872,1881.8338505871752,1899.1866370068788,1449835.208558755
2023-01-28,ETH,1916.992432350067,1996.9075613920827,1888.204433743259,1965.6733616254646,1794666.7734876196
2023-01-29,ETH,1979.18468971331,2013.431869315239,1918.6212214808752,1935.372763770117,1387145.1505401465
2023-01-30,ETH,1934.0147186200963,1979.485536635279,1918.915633672411,1952.2206706525913,1421504.4964342902
2023-01-31,ETH,1967.8101372408714,1998.861247479927,1912.3787292671525,1919.7738304717363,1182007.735124968
2023-02-01,ETH,1918.6511126650682,1981.539013516506,1902.1164656090182,1976.2600838204687,1107290.33714779
2023-02-02,ETH,1964.2274211874903,1984.8346818118694,1871.1092897395686,1874.1615247489422,1062577.911511017
2023-02-03,ETH,1875.3658917372995,1883.4334490577414,1808.9884267725354,1819.6235253245193,1455866.151536648
2023-02-04,ETH,1816.1916359892778,1839.3856470342441,1727.71730251645,1738.8658729669799,1274837.9699821163
2023-02-05,ETH,1743.5370951154896,1772.957567958214,1733.9392790276647,1734.124994651613,1125890.2676732144
2023-02-06,ETH,1751.4643760141707,1786.3323902231352,1670.3164671615343,1672.7372578775648,1992522.2716325556
2023-02-07,ETH,1676.2511055202317,1691.3636341213264,1628.953834552504,1653.6049651700896,1015292.0752811943
2023-02-08,ETH,1664.8306484854018,1677.4049480155982,1635.7824673643847,1646.261091253969,1123169.1651684898
2023-02-09,ETH,1650.0359179469428,1668.2090316505385,1606.6387431593753,1623.8858924913932,1799713.7895950614
2023-02-10,ETH,1621.9045990707896,1642.78772290205,1613.2243281362355,1613.3421563411262,1650927.6376023574
2023-02-11,ETH,1630.398101238225,1647.7056812071842,1574.1951109449337,1589.7040319361233,1954686.7189146804
2023-02-12,ETH,1610.5535506049966,1625.1265059948203,1597.2810518881654,1609.272926982315,1094427.5813109074
2023-02-13,ETH,1604.9589107414022,1612.1635987111786,1569.9523993507282,1573.9578715689697,1231457.0426927402
2023-02-14,ETH,1574.9138392006244,1598.2959707670548,1524.9857448145287,1530.9491392593857,1691063.8199616254
2023-02-15,ETH,1528.697092419585,1554.4889152864196,1497.3140414571978,1502.2665513354975,1514972.3679410636
2023-02-16,ETH,1496.6145497375906,1510.4623900544054,1439.4653705251596,1443.5542332714945,1277717.8825206498
2023-02-17,ETH,1442.9411812491412,1466.4242172478014,1389.3578936780086,1402.241066848274,1870453.8853436015
2023-02-18,ETH,1396.5835517625983,1398.0789510774944,1364.744411195941,1376.6601068474752,1579384.1187768546
2023-02-19,ETH,1379.1093077180215,1385.0634982275237,1323.3216444490606,1324.0545072215816,1515675.1871740671
2023-02-20,ETH,1312.3359412455652,1328.6030636915232,1293.1483480493562,1308.3818108543899,1313586.7140166906
2023-02-21,ETH,1315.6219107203276,1319.8263861580094,1244.7822974620601,1277.7957129223628,1734078.513911916
2023-02-22,ETH,1286.4071358388112,1302.0353911450402,1228.2506930076777,1237.725195649859,1629189.3444393168
2023-02-23,ETH,1235.8799337105136,1272.1325189169897,1232.5214202440065,1251.1489449510098,1319986.527371631
2023-02-24,ETH,1261.8646706991788,1288.4643570700462,1247.5420942902183,1283.0821960675178,1463800.5924288314
2023-02-25,ETH,1266.9186090860185,1289.5426079775987,1237.8021198939075,1243.6869613825602,1175792.4623734667
2023-02-26,ETH,1244.3302356404015,1257.608046843489,1211.6400186876958,1228.024835870469,1177246.8288636487
2023-02-27,ETH,1228.6091043223519,1235.32571973573,1193.0984004033671,1198.8297166653344,1246957.8856098123
2023-02-28,ETH,1192.92921267447,1217.1767955132937,1157.085741062042,1169.2767562096328,1754092.2739831058
2023-03-01,ETH,1165.2245538896168,1179.435649207384,1145.7762121204573,1169.8532384240716,1146367.4381499086
2023-03-02,ETH,1167.7237981511169,1204.9084271104539,1157.7833006863202,1196.3699468748146,1283281.928790938
2023-03-03,ETH,1205.708151222981,1222.5026066309174,1101.3922385213987,1117.3528144927934,1077805.3013278882
2023-03-04,ETH,1115.3546931790327,1163.2798882087752,1113.88775355275,1148.5615334019508,1179718.6154844882
2023-03-05,ETH,1150.5096382255456,1158.1713248730357,1128.8176387869196,1138.319534883609,1188349.5066464604
2023-03-06,ETH,1151.9601342259662,1181.0068943540412,1146.1721320042648,1169.068021212376,1970863.5961043143
2023-03-07,ETH,1172.319927024478,1173.5220018814853,1150.5255721199944,1168.2139889933933,1098622.2538760945
2023-03-08,ETH,1159.6892881043857,1172.015486036691,1150.4495580595215,1155.8578471037483,1042123.1764390963
2023-03-09,ETH,1162.3321169504388,1189.0075452136477,1152.3063329592226,1187.602584839549,1198807.525461542
2023-03-10,ETH,1192.4323401023871,1209.7621697366965,1172.6181952007971,1175.8137265994594,1154861.6746493785
2023-03-11,ETH,1173.8534020114955,1179.1074678286761,1148.6220519917579,1159.9974649373728,1764609.4973269233
2023-03-12,ETH,1149.6389840021945,1160.6498788162976,1117.1023779562975,1128.8422287692133,1640052.7906556125
2023-03-13,ETH,1127.9728563259207,1145.7420433323316,1114.6132248408762,1114.6841426673802,1361312.7163024144
2023-03-14,ETH,1113.5259013506645,1132.1898288884277,1055.572665377092,1061.6699236513016,1515677.0978699024
2023-03-15,ETH,1054.330758518721,1071.6148248628049,1036.1124891517748,1046.8856156625482,1413880.4987641866
2023-03-16,ETH,1052.2953404503571,1062.74937765842,1014.283914158267,1027.906361492642,1747072.8249513772
2023-03-17,ETH,1023.4186223129178,1045.2069077280523,1016.3940527013488,1034.084199335695,1515768.462542869
2023-03-18,ETH,1023.2757818556579,1029.6581508494346,1000.1235255986658,1011.2195219746939,1960759.3618691768
2023-03-19,ETH,1005.6222669798509,1012.9962942850113,956.4345858372188,967.0894970304207,1570395.4635766402
2023-03-20,ETH,973.9634706058642,977.6424156521564,920.1890182713556,921.8699579800316,1569718.3205343445
2023-03-21,ETH,918.9044647246019,934.4423488426665,901.8867428706259,909.9354378442141,1597435.8926163458
2023-03-22,ETH,912.1525787806959,917.9193847083611,905.6494268489084,906.7981410075023,1666648.5488338985
2023-03-23,ETH,913.0802417872837,922.1863263656473,901.6197761128341,903.3297949834038,1909631.773563135
2023-03-24,ETH,908.3092329398584,948.8983404957871,899.6055507683316,932.6924077075798,1534175.2909370796
2023-03-25,ETH,935.3103370599454,950.9888977771453,935.0718504128374,948.0903861704334,1077139.0192087144
2023-03-26,ETH,947.4757938985754,964.9181502309608,881.947579630757,896.3574493789356,1938832.592554216
2023-03-27,ETH,899.4343081361728,909.8502997016415,872.1288400572315,882.5317826078589,1418858.9762363364
2023-03-28,ETH,870.5356707725464,874.7613523510587,844.9647508901327,848.8304981714087,1426854.4371103111
2023-03-29,ETH,848.756924038552,855.4418075954846,832.7679416722742,840.7766055267479,1132171.7197694231
2023-03-30,ETH,838.4568358104274,844.1138983958084,822.2375587825715,834.6011492226723,1525298.612115501
2023-03-31,ETH,835.0621475250853,842.7905352147171,831.356005063543,837.5293256270477,1092232.6712247836
2023-04-01,ETH,838.1801229881719,847.2997999629856,803.470987673192,810.7642243957508,1180205.107319487
2023-04-02,ETH,813.5497110999452,845.2957737675852,807.9589942997352,829.4645640783004,1112051.0417259824
2023-04-03,ETH,828.311420232475,843.4747435724133,796.0237757810676,802.3515147329646,1604132.7228267484
2023-04-04,ETH,807.5045448412516,810.1119302429644,793.2861991045266,799.8339711410819,1564194.7790526156
2023-04-05,ETH,802.5228248860783,825.8258528402191,795.6340135857124,813.5930238963016,1505947.7431738842
2023-04-06,ETH,804.6657367827589,811.5042807535406,795.6716921840795,798.9623334731523,1711756.6148244631
2023-04-07,ETH,805.2742369767516,817.9635295417255,797.7631682865592,807.5427427304029,1175059.2388898684
2023-04-08,ETH,813.8972838764189,831.1212265599593,779.4628431949669,787.6021143164921,1091701.4114528643
2023-04-09,ETH,784.0664823885329,823.8645915036207,781.960113416103,823.5734100872751,3493616.96011786
2023-04-10,ETH,826.7021880917413,842.5790511129974,773.4591410895964,781.9760142255305,1648173.7965876616
2023-04-11,ETH,779.3450379658935,791.2875322476216,766.11354110234,775.4513737331464,1606396.9248852849
2023-04-12,ETH,772.7516373699112,776.9139661464878,759.8268816181283,762.53713275631,1253053.9347714807
2023-04-13,ETH,751.9924627587617,771.5958589318624,748.807899734491,767.0050047154444,1418297.7598122149
2023-04-14,ETH,767.4858101374027,777.720855891165,744.3655154751641,752.515659862884,1173585.913527728
2023-04-15,ETH,749.9877923811614,770.3058455293632,746.6403864739807,759.3146795059685,1897973.7596938023
2023-04-16,ETH,754.9721874762336,777.408683770672,747.279330688249,773.7347451856922,1564185.998546542
2023-04-17,ETH,781.804600467531,795.2769973686673,754.6519158424787,762.9584571528678,1339051.0921319076
2023-04-18,ETH,765.7124760628226,787.0950646818168,734.6323015054164,739.9953806913412,1357218.820001539
2023-04-19,ETH,737.0603878227332,778.0798444782155,731.2021695480123,777.0098390627121,2155504.287124429
2023-04-20,ETH,771.797926046106,780.4762046188602,770.0556915489079,772.7282132108005,1623538.6531028547
2023-04-21,ETH,767.2237559338786,777.598112772778,744.8416625258328,754.7021485517977,1062451.065263133
2023-04-22,ETH,766.2273008262265,789.9570079111498,757.9203315214387,784.746465500789,1435065.1157050056
2023-04-23,ETH,787.1155936731133,815.7037328767998,777.3008937548121,807.9708375325736,1636922.361886225
2023-04-24,ETH,807.6081757754137,813.4814812297855,804.4220657834484,806.4821571988776,1486935.2337630556
2023-04-25,ETH,806.8253071494092,810.5704038128595,789.1088732733164,800.2193538646881,1335453.1987943235
2023-04-26,ETH,800.0558042689455,826.889067741198,798.8742045400647,814.517985018267,1794522.2207934225
2023-04-27,ETH,814.8098222050153,823.4995890938638,781.7552112185678,787.2019788784384,1224781.0648472125
2023-04-28,ETH,787.6481959420366,811.3834971145666,777.7198673279703,807.0710148524304,1930792.2031613165
2023-04-29,ETH,810.2302642587882,823.946992601264,776.0861668616287,787.2060076400325,1519102.6822378945
2023-04-30,ETH,795.6122749966021,822.9859844711565,787.7639645251712,812.5973574076828,1477216.3954911344
2023-05-01,ETH,812.5471673829192,827.1060533747394,798.082940342841,820.6233136349056,1336207.185678995
2023-05-02,ETH,820.2093369175813,828.6458571597776,809.3059720297376,820.9361620411466,1848141.4193393167
2023-05-03,ETH,825.3524999861169,865.3991966643247,825.2154009533324,847.3559936369494,1806006.7653800212
2023-05-04,ETH,849.1813273064876,878.0657025353364,839.4165039247883,869.7103855740315,1243094.261135488
2023-05-05,ETH,862.9135385668197,873.5783967723501,847.4817571785303,857.772592746486,1065999.3419211046
2023-05-06,ETH,853.9144993510653,888.9592287991466,844.3467407294536,883.5941795018193,1978039.9162185907
2023-05-07,ETH,887.5062255003991,900.5864784830617,873.6957260816836,889.8715547616093,1594982.7875608865
2023-05-08,ETH,888.8126779818887,892.255805554356,841.7676260767411,848.7237175021457,1668588.0791140618
2023-05-09,ETH,848.212109524504,857.7826788688488,840.3761736414264,852.9018176870665,1747124.7775658031
2023-05-10,ETH,856.9819113304482,858.399540258801,816.5008795921489,818.1923067364326,1579634.8298721085
2023-05-11,ETH,810.6755321053109,819.4177338186469,760.4984509514317,764.0970914096798,1103475.304502594
2023-05-12,ETH,763.3097489052866,784.7433309493214,760.5562029643664,768.3204214751903,1661554.617494784
2023-05-13,ETH,766.3300632670542,797.2002083088338,764.5896997251749,790.2548772015053,1222406.9770553454
2023-05-14,ETH,793.9692956066879,826.9407522076273,786.207904201075,821.9707952320867,2806302.7173458114
2023-05-15,ETH,825.8009789986663,838.1309700604093,820.244106421538,823.6450098868592,1748181.0953782706
2023-05-16,ETH,818.811758645301,829.7150363808097,810.1303118502677,827.3042797500884,1357440.213382659
2023-05-17,ETH,817.158775863144,829.5602993649762,803.6544500835821,824.4566143602641,1215355.3456169432
2023-05-18,ETH,824.8285640854644,864.494948108786,821.0445565745907,856.0344452543375,3590960.9430474266
2023-05-19,ETH,851.6000473279131,859.8939393681325,847.5329639975264,848.0542526942027,1140277.0391821933
2023-05-20,ETH,845.1961510301817,871.6507833498675,833.5209358903451,864.6366326594214,1528561.0493356257
2023-05-21,ETH,863.8990265459968,878.4761871560726,836.7571896711133,846.5807506922436,1717585.9429974048
2023-05-22,ETH,841.7748106515058,849.9418639045502,828.3569968999609,835.2661501562746,1129263.475121666
2023-05-23,ETH,835.9981073992362,867.2868768424962,828.9086057141825,863.2007715661346,1525519.329862849
2023-05-24,ETH,863.2324663592117,888.507925786555,857.5662540922183,870.1057789166695,1069388.8545034775
2023-05-25,ETH,864.9448070171082,866.8167603393111,846.0610724467413,851.7761418676213,1641255.3994861941
2023-05-26,ETH,848.9711580231096,890.455407335267,842.4032099103171,880.2693231108931,3280151.753226315
2023-05-27,ETH,891.0451238867961,902.6541901856131,868.3176572033698,871.4391186493119,1755284.1434131088
2023-05-28,ETH,875.4724462895852,883.7206031433248,850.3736705103782,856.6340379585876,1539221.8509874635
2023-05-29,ETH,853.2400366978319,857.0976772460299,812.1668748960313,824.2962004926762,1736040.6318119806
2023-05-30,ETH,829.3633293196559,840.7535923851208,803.2755761452779,808.3383482169937,1526156.0278998588
2023-05-31,ETH,809.2717949383926,816.0567110067927,762.9056385138738,773.011014236242,1392520.8197314613
2023-06-01,ETH,770.8147572839583,783.1713263959506,760.3423886677976,766.6310797295735,1730503.5378899092
2023-06-02,ETH,767.19704493489,769.5921490614687,755.5783909280217,765.7531104709723,1090373.2872830187
2023-06-03,ETH,764.9883126417478,798.804814579041,757.8681934389599,792.7817436477513,2243743.1800249866
2023-06-04,ETH,798.6602722076078,808.3822158982657,775.3250464168641,786.4278847022663,1270710.1100563237
2023-06-05,ETH,783.5772671122112,784.3060761079468,752.9453685671222,759.0683748291823,1622749.117536324
2023-06-06,ETH,762.4086117972569,790.399330131101,754.8940764064199,789.5539782482654,3486743.5551722026
2023-06-07,ETH,796.9649592904551,805.0075020219521,764.595599256087,777.1771470214139,1005510.9671955438
2023-06-08,ETH,772.659666233765,787.3419759666413,764.4314163337011,785.5795680223524,1372397.9749581404
2023-06-09,ETH,792.758429295089,806.3044488145306,786.5738694477991,800.2235111562452,1270472.56671594
2023-06-10,ETH,798.5932080959714,822.8580740251455,786.3544869834403,817.2401771039982,1372688.007274621
2023-06-11,ETH,812.727370019273,881.9896997929491,803.3094232986115,871.5747899756836,2107781.881881358
2023-06-12,ETH,873.0289219478902,875.8965838826197,860.5958238185266,860.8170083097539,1071402.5100899485
2023-06-13,ETH,861.2293857092128,883.1111376951956,851.3317206599821,876.2612579909576,1431815.387543431
2023-06-14,ETH,882.6705166438338,904.8940497439838,859.0318160510084,864.359053319441,1420529.9816982844
2023-06-15,ETH,862.1959060043135,862.6813593734182,858.0473425126291,860.0820782116374,1885055.3131198909
2023-06-16,ETH,862.4801041598321,890.4644864712413,858.5741243131904,875.9525102761863,1762432.142073067
2023-06-17,ETH,878.9471436794122,929.2949048071345,870.0081731623304,912.234148594407,3230363.648800107
2023-06-18,ETH,912.6068845230251,923.8574530028015,904.5793589873584,917.7078939330407,1620540.6359986311
2023-06-19,ETH,921.376091753184,935.1858655190521,910.8569047190769,913.7595838624375,1365037.4247974623
2021-01-01,SOL,30.594642058570074,31.247844181124258,30.24662598170461,31.148948588382936,1310795.909219829
2021-01-02,SOL,30.6239565367422,30.70272074191984,30.03220243563826,30.36282599286769,1400481.0397561388
2021-01-03,SOL,30.517060013130944,31.09373849037454,29.16051809124531,29.380072978521362,1704744.3004699745
2021-01-04,SOL,29.03035184641812,30.33474300560553,28.820703955123207,29.854831708263383,1387747.758481194
2021-01-05,SOL,29.864487264043746,31.112069597731075,29.59259482021623,30.837534059928704,1993126.161673838
2021-01-06,SOL,31.238881399256996,31.696194202142607,30.365540173826584,30.655727315606484,1783725.448017878
2021-01-07,SOL,30.412227965577383,30.606300550893607,29.658277238316607,29.932530245342665,1831313.0927653643
2021-01-08,SOL,29.728320964694657,29.858965818994275,29.562702777099265,29.82860056421041,1494388.9775400553
2021-01-09,SOL,29.860115600727955,30.10342166809443,29.019806289309198,29.045255973549242,1334800.2030287099
2021-01-10,SOL,28.878438983678105,29.203994782420086,28.74324293192392,29.021021064365527,1899203.0746881084
2021-01-11,SOL,28.910171575641186,30.244292099042383,28.558656496367057,30.09675227224872,2580102.318581341
2021-01-12,SOL,30.0678234045212,30.194812926038967,29.754200685484115,29.92692391267489,1064172.6845948077
2021-01-13,SOL,29.779211852216037,31.108478325523542,29.514721016151665,30.540061623257767,1718825.6460732303
2021-01-14,SOL,30.348482260251032,30.902813579056357,29.874164043038714,30.36546937066561,1877231.31593952
2021-01-15,SOL,30.239901940042664,30.29394532548312,29.86837192011356,30.14032195008797,1364034.7181829591
2021-01-16,SOL,30.153519715058614,30.67706632406479,29.071754568514024,29.310467587054394,1976346.7067448222
2021-01-17,SOL,29.250629874362925,29.90664134338074,29.12937283140825,29.6168897196111,1597382.3201953042
2021-01-18,SOL,29.504366930348812,29.686375324879933,27.906256610240256,28.364251245087488,1369622.2069643622
2021-01-19,SOL,28.169823213512835,28.407508156874094,28.052050196523624,28.3073245416756,1280267.7469692673
2021-01-20,SOL,28.31816753527909,29.80132332872635,28.09507379836817,29.78770824353027,3294894.0946188457
2021-01-21,SOL,29.67556974351146,30.650074452081448,29.420281357803425,30.19857071351644,1726717.367319884
2021-01-22,SOL,30.048798085039703,30.470556279115357,29.709083885825383,30.349807536142446,1342101.508034679
2021-01-23,SOL,30.53542858151017,31.322608156829173,28.791363789406656,29.217947542757585,1790596.8933762445
2021-01-24,SOL,29.126209123046326,29.297209212779535,27.613451538585675,28.09372102297611,1874070.099063632
2021-01-25,SOL,28.227682785591618,28.506741668006725,27.20070646141344,27.55133333910863,1852058.2432317177
2021-01-26,SOL,27.41109216603634,27.59082580246428,26.699587885444828,26.875105722744923,1003727.8961938707
2021-01-27,SOL,27.040010037228466,27.364284864366045,26.02604032679871,26.415064013296703,1325123.0621394431
2021-01-28,SOL,26.67442294559185,26.745460472371416,26.10466298853766,26.51075233406166,1749492.4041901445
2021-01-29,SOL,26.53918656634564,26.889106523191355,26.239340727347063,26.33717981365445,1580050.5236879722
2021-01-30,SOL,26.154015156591708,26.406775214353974,25.51976293862408,25.742026432180953,1968544.1137818766
2021-01-31,SOL,25.63658123404908,26.14028464982162,24.97925276745511,25.05829250850382,1596399.2787565424
2021-02-01,SOL,25.070975099379783,25.912410806512828,24.759494741401856,25.852259889490583,1830359.0256259092
2021-02-02,SOL,26.072713128709687,27.016732418010477,25.74597606037244,26.820832306857522,1037328.8899252698
2021-02-03,SOL,26.8997132555045,27.34116453821334,26.715365098388485,27.205399379884636,1171939.5477498588
2021-02-04,SOL,27.358411424355715,27.506877401330854,26.933971223423974,27.080184827737714,1669855.9562486988
2021-02-05,SOL,27.11958587750195,27.134707718740643,26.976920832897992,27.116532066547656,1133865.653319239
2021-02-06,SOL,27.18845922609538,28.62931356169403,26.8197312892875,28.02571926845899,1690619.4247186615
2021-02-07,SOL,28.171704250150295,28.744407947503625,27.897463840636426,28.419985897055483,1351880.497318534
2021-02-08,SOL,28.159915753770886,29.393398743237455,28.107001590753917,29.1262682031792,1584192.598727455
2021-02-09,SOL,29.10882228435008,29.194973495615766,27.64139847033914,27.895434927065963,1836785.799209952
2021-02-10,SOL,28.05751030110292,28.123421368287314,27.606623526929308,27.6796575593276,1344592.1565308238
2021-02-11,SOL,27.74833737028128,28.036793199086112,26.58551124431722,26.95025333483497,1789553.2229930868
2021-02-12,SOL,27.12062448488958,27.457419393540423,26.70242521740507,27.257702961518504,1773276.3010528618
2021-02-13,SOL,27.3830458846945,28.15295162945257,26.954178342948573,27.81061097191773,1677765.9717457823
2021-02-14,SOL,27.92945651719422,28.13187163844775,27.48080166282546,27.84882407790802,1892670.4365484621
2021-02-15,SOL,27.63831953346882,28.430741520078072,27.295120346126772,28.323486238339356,1201222.4996671276
2021-02-16,SOL,28.426653658812114,28.825960792397115,26.240773451323992,26.551890935550862,1195388.7772924176
2021-02-17,SOL,26.440281941974703,26.766415950984193,26.198889550055764,26.579175571627093,1690593.7465624893
2021-02-18,SOL,26.553995701316822,26.7460496488145,25.162950887129515,25.185021287260493,1262766.1190634486
2021-02-19,SOL,25.388953034651568,25.958516481028298,24.889971032362194,25.207050100259927,1720571.3186380644
2021-02-20,SOL,25.212924424314128,25.60987892640727,24.144135805775313,24.436693844937587,1773069.240697479
2021-02-21,SOL,24.481777629274397,24.665457841665646,24.388220692743115,24.510100987302028,1791597.0791587487
2021-02-22,SOL,24.730620207902966,25.04419147585992,22.920738102199795,23.05540023877481,1536525.46450636
2021-02-23,SOL,22.97681531491075,23.272725244087443,22.22328216488917,22.265239554140734,1818556.8128296721
2021-02-24,SOL,22.423607665189703,22.45395679033716,22.07761869702548,22.238033443230727,1016063.565240012
2021-02-25,SOL,22.103546817767608,22.499807174453014,21.72202198132102,22.158958209459296,1556463.1268484886
2021-02-26,SOL,21.941167058743783,21.95290651364621,21.682935152718233,21.710697216239936,1055900.3358788695
2021-02-27,SOL,21.778196733656088,21.913870862473452,21.301913299704747,21.437885401161797,1028303.6835511501
2021-02-28,SOL,21.498044257017998,21.593641766413867,21.334204374927463,21.537727588441403,1464564.699726715
2021-03-01,SOL,21.54988353210275,22.22368151120476,21.308762989353447,22.02671497795105,1056691.4156428545
2021-03-02,SOL,22.135390286055127,22.547539950106213,21.82918099144643,22.2725645969271,1163611.9791516566
2021-03-03,SOL,22.000772528033803,22.176017597996818,21.471467028010238,21.70428414612068,1965184.062376545
2021-03-04,SOL,21.79942425221804,22.496368762712713,21.728320929978516,22.289429170893925,1891102.9397195952
2021-03-05,SOL,22.46003412398997,23.2473789610621,22.38990636384419,22.798799261869505,1849077.7377404755
2021-03-06,SOL,22.862510254782716,23.14619087511294,21.91472927182689,22.025355818706963,1255235.918607503
2021-03-07,SOL,22.04284925874812,22.600889695621888,21.64837912367608,22.206345834041393,1309091.6217082813
2021-03-08,SOL,22.49515046502717,22.6454222973939,21.286403337106147,21.372507436731834,1105433.104513494
2021-03-09,SOL,21.452153642246568,21.772751715329434,20.802815859180914,20.956623209413394,1972817.3576548146
2021-03-10,SOL,20.99550961191444,21.224599348402727,20.613439058050425,20.776152545122788,1788069.5248645886
2021-03-11,SOL,20.718699218420237,20.971574229217566,20.081693077781686,20.17102246389555,1983543.6591651025
2021-03-12,SOL,20.067448646205044,20.35406394275404,18.6188006046888,18.749042253433228,1691391.021881718
2021-03-13,SOL,18.586461927218004,18.922158077514734,18.126892622575852,18.31201797774419,1761721.4633188965
2021-03-14,SOL,18.358117648247198,18.64919758462038,18.037431762293963,18.248694623031007,1106182.6595267332
2021-03-15,SOL,18.156034032049483,18.589479068784758,17.99679016091214,18.247150076067204,1428285.9639883223
2021-03-16,SOL,18.352410160971818,18.373718045259228,18.300947958714445,18.36769999897138,1891919.0362347101
2021-03-17,SOL,18.38909970000648,18.468673152693565,18.114213824049788,18.158594861471887,1647353.9818180979
2021-03-18,SOL,17.970381930571826,18.07810828761241,17.926955333202958,18.057389103582487,1125096.5485619195
2021-03-19,SOL,18.0040033946204,18.670806520509473,17.811386771383297,18.44902513624007,1641326.487744973
2021-03-20,SOL,18.69342947591835,18.838266283433235,17.856031078918505,18.12193000999549,1503595.7206465648
2021-03-21,SOL,18.087903145069085,18.559817927476598,18.016034023645354,18.25869742032623,1569097.480997502
2021-03-22,SOL,18.18325053946541,19.052902626180064,18.13378732408398,18.88344901328313,1878914.8797086298
2021-03-23,SOL,19.044992174993556,19.338153273922575,18.710635143710597,18.97266679907004,1346989.9904649665
2021-03-24,SOL,19.110264020700455,19.384948452961428,18.197168158827953,18.233918892047694,1446633.2607385896
2021-03-25,SOL,18.162340580332856,18.45901149065324,16.58361976689751,16.68256003540365,1078905.9666159975
2021-03-26,SOL,16.66483480095049,16.923491312852594,16.361043795328374,16.592087605389416,1196379.0115294005
2021-03-27,SOL,16.440488304977524,16.697915960303767,15.97958811573202,16.279440074365517,1998247.1962748196
2021-03-28,SOL,16.04837543161022,16.2272649927762,15.193125986958966,15.248472574486366,1824456.7553402556
2021-03-29,SOL,15.19513735374091,15.793649653461246,15.02157775041099,15.575434834610952,1703936.2797827625
2021-03-30,SOL,15.61754099537288,15.708376850234439,15.144111800637095,15.29319902798316,1474425.0963930232
2021-03-31,SOL,15.379324104959771,15.909580863057352,15.065561942539508,15.71727588806317,1107169.2716165255
2021-04-01,SOL,15.61780839523368,15.799908242563511,14.833023192035999,15.069073733806054,1549195.1360603352
2021-04-02,SOL,15.030622988055056,15.065012850854481,14.536504361187099,14.688983271153024,1618156.4977755896
2021-04-03,SOL,14.768403684611137,14.922546627861966,14.507186375052399,14.622169222186029,1478071.9319378042
2021-04-04,SOL,14.614404950456965,14.787515308658367,13.9433172670988,14.07050748482922,1842075.4505711412
2021-04-05,SOL,14.090039858497517,14.190395386319125,13.527249009612792,13.656875710849228,1081263.28059527
2021-04-06,SOL,13.535114619684043,13.806710867785718,13.357391942522105,13.660361451427518,1076672.0120563186
2021-04-07,SOL,13.750906423421773,13.876318420221912,13.388810028346134,13.429954585016837,1847753.2664059657
2021-04-08,SOL,13.428808356970746,13.884625181865266,13.29823999800852,13.718567041662075,1672578.8078293442
2021-04-09,SOL,13.847360142941538,14.359755904293937,13.714918226106194,14.20479492197621,1995809.1249749875
2021-04-10,SOL,14.264813050189938,14.357825752445134,13.629321895779777,13.733331135165269,1335555.874356193
2021-04-11,SOL,13.832294607613669,13.982533892783602,13.280182906398583,13.299546200693221,1180776.878586109
2021-04-12,SOL,13.342116510492069,13.496073345836775,12.315194438553208,12.478922686225697,1615796.3642423705
2021-04-13,SOL,12.478416707407705,12.560631075419758,12.368427953223462,12.415783357119134,1528922.6093986603
2021-04-14,SOL,12.38759642630888,12.446168189304577,12.250725257798827,12.330537284717753,1755391.855380586
2021-04-15,SOL,12.255733884853814,12.43825459819614,11.863156230399124,12.055372082142965,1700821.374965254
2021-04-16,SOL,12.008777024617014,12.168061402432865,11.334847485211794,11.42418781465449,1689596.8329161524
2021-04-17,SOL,11.373685567293107,11.524606673806986,11.258167269190428,11.332035127699635,1956035.6204075369
2021-04-18,SOL,11.241735120427586,11.43090698536768,10.434580273312763,10.468118424639995,1370594.5332293503
2021-04-19,SOL,10.48979607273806,10.606359100833622,10.002184606488594,10.043555350973682,1898907.789456282
2021-04-20,SOL,10.11506186928943,10.228853570161986,9.958801511085712,10.073834989379254,1290821.0531879412
2021-04-21,SOL,10.096932283336619,10.353770576983367,10.040789504998262,10.306210323550028,1797683.8400297267
2021-04-22,SOL,10.279587265242032,10.419528851724808,9.689994318279647,9.800591897841572,1021181.365655742
2021-04-23,SOL,9.897229922425135,10.199003864152104,9.758034436132164,10.054988485593048,1377563.00974432
2021-04-24,SOL,9.946958519879447,10.110552375774045,9.588253484633837,9.610887534968432,1965830.945963407
2021-04-25,SOL,9.71298700154462,9.804130397632377,8.989890643704241,9.034860902178197,1328303.9179908545
2021-04-26,SOL,9.019409277943112,9.193174749878402,8.370025329067154,8.498704721785092,1670411.766384106
2021-04-27,SOL,8.469943099841268,8.508023107341131,8.103613386909672,8.205824186318969,1715674.9698867241
2021-04-28,SOL,8.233237777024462,8.322350793251704,7.789081941803028,7.847973117644502,1018798.2792912618
2021-04-29,SOL,7.836834188814191,7.970476684279956,7.803022956993665,7.880663397354423,1224766.960872444
2021-04-30,SOL,7.88451172864131,8.07587561575061,7.821290575089689,8.016751622255601,1011448.3950644595
2021-05-01,SOL,8.113281102355687,8.186302605742533,7.898012970618873,7.938901418459612,1403404.5575020704
2021-05-02,SOL,7.976367643687768,8.038395599516145,7.526791282609525,7.630343894318052,1503734.2735539821
2021-05-03,SOL,7.678668037588089,7.747006330157883,7.600278322764877,7.623716810721014,1055903.9650672788
2021-05-04,SOL,7.672034787695979,7.746312498837632,7.352517357749132,7.456304959844292,1559546.120732359
2021-05-05,SOL,7.477700349646499,7.556674487331539,7.275142727409895,7.331581420906328,1906276.4960094823
2021-05-06,SOL,7.363000517470516,7.513573794444137,7.307282808848685,7.490455151804252,1625909.3299640524
2021-05-07,SOL,7.464101068493289,7.615351645269307,7.387738043292961,7.519667134071019,1878379.9781956638
2021-05-08,SOL,7.475705702865269,7.512502688917618,7.071195429949872,7.15586180531242,1690110.6292532976
2021-05-09,SOL,7.116527360537535,7.201416066292235,6.610955482204429,6.6972244065746445,1691255.0831384386
2021-05-10,SOL,6.672334893210221,6.837219539775181,6.6279064928965985,6.771696889260812,1639631.7536757202
2021-05-11,SOL,6.826593279252199,6.880309278256586,6.564117640549357,6.6443464677098705,1269106.690026878
2021-05-12,SOL,6.5822827576425285,6.676371541225245,6.444376152450102,6.4852925303751805,1065412.0619821486
2021-05-13,SOL,6.457353433546164,6.506485767974456,6.428561443172201,6.44999503590588,1444152.2423806542
2021-05-14,SOL,6.455320573269797,6.575879685241937,6.433038128344248,6.5177253143831795,1881715.6627665625
2021-05-15,SOL,6.472466277088621,6.553171379814441,6.414457363465657,6.49201134214388,1400899.652894975
2021-05-16,SOL,6.489293963219177,6.562986584258397,6.342582787676838,6.386888203333233,1580321.2589593106
2021-05-17,SOL,6.42414142731708,6.450840482409552,6.292322287689155,6.355180986949677,1171252.1794523655
2021-05-18,SOL,6.308767265351974,6.454506882737726,6.056874123688983,6.152411776199239,1106345.4146681884
2021-05-19,SOL,6.18199415886619,6.209263847492523,6.0763681710267115,6.158694098529856,1903109.6275474257
2021-05-20,SOL,6.187356301398082,6.342532164417644,6.148473227167931,6.306520937743439,1355258.0778840305
2021-05-21,SOL,6.333342782410188,6.397634842663092,5.958669972564497,5.978787226860471,1068971.5088105425
2021-05-22,SOL,6.030279810297419,6.05156031129342,5.751798767907919,5.815757262131713,1638831.5789596874
2021-05-23,SOL,5.828441593853144,6.041131614312983,5.789086583912983,5.99411465103387,1417185.602101254
2021-05-24,SOL,5.972052077022513,6.027367947211199,5.923473002507712,6.005917085503081,1552654.0831468601
2021-05-25,SOL,6.026868494202671,6.1305500858568,5.849987167389081,5.882329022129812,1998696.7030403176
2021-05-26,SOL,5.916416902241022,5.92233274942046,5.700842651425245,5.796540303313721,1367204.537048539
2021-05-27,SOL,5.776903116130265,5.80238079914999,5.659329776939221,5.704729747800099,1913716.6646867811
2021-05-28,SOL,5.767656916972048,5.790691978366755,5.457566308414092,5.496819354966392,1551016.6591992509
2021-05-29,SOL,5.4754855385555485,5.7067611460844985,5.457817877597962,5.636363295253548,1618408.5468461285
2021-05-30,SOL,5.685548121951064,5.8467307672171325,5.666083501558989,5.826456037959146,1303898.9710372344
2021-05-31,SOL,5.783811640779716,5.789797173002938,5.63583935392298,5.7685775950383125,1772381.2603171028
2021-06-01,SOL,5.708845025774072,5.749016091415692,5.538281230434351,5.562489611176763,1955362.275357788
2021-06-02,SOL,5.534710852987228,5.69394938269019,5.471912699955202,5.679671991786313,1045673.5519215434
2021-06-03,SOL,5.638445278305399,5.836441125280918,5.605391356000259,5.816471311142823,1803667.129079761
2021-06-04,SOL,5.821180332239458,5.994836550006275,5.728957647088109,5.941551585401065,1354131.238881799
2021-06-05,SOL,5.89413831254707,5.93239118473729,5.5655487936063395,5.623558745947039,1013070.0576686506
2021-06-06,SOL,5.590955841770158,5.692032990495974,5.538157212740569,5.648992464583848,1103101.6611801737
2021-06-07,SOL,5.649266152291817,6.011511142638558,5.59112215887956,5.928192414018953,2651808.912355036
2021-06-08,SOL,5.9169808517091615,5.9393495032438,5.782422120701357,5.801787211391432,1984769.4742049833
2021-06-09,SOL,5.8179653328071375,5.976092954432515,5.751125069999658,5.899617200128794,1213224.543872474
2021-06-10,SOL,5.911782306527549,6.201984663900368,5.810342548164403,6.156274157929175,3264885.1297932034
2021-06-11,SOL,6.148317317321502,6.154591071882593,6.1156478210636145,6.139889719513241,1632260.0985869162
2021-06-12,SOL,6.116316384924472,6.191332756227126,5.950854293794334,5.971492245273634,1351862.3510487848
2021-06-13,SOL,5.972544935498605,6.046887618038366,5.696614221263513,5.788644943791334,1834313.2620123776
2021-06-14,SOL,5.78451776900943,5.787628489761398,5.679550705218159,5.758971239194849,1131081.944970034
2021-06-15,SOL,5.757180182978015,5.778764605350329,5.482191337980705,5.526654689007232,1016986.0560411756
2021-06-16,SOL,5.507479653544198,5.524648425780437,5.44369560012291,5.473124372488444,1722897.2362772333
2021-06-17,SOL,5.530453949439598,5.856779008460783,5.524093937609521,5.805433897401371,2132189.251090094
2021-06-18,SOL,5.772055650886302,5.807489456232796,5.727748011055968,5.737134722310771,1408824.1444963247
2021-06-19,SOL,5.725167421530684,5.8649010527445595,5.664296717351043,5.863117965188664,1151401.234655748
2021-06-20,SOL,5.8438685658537075,6.010263291741875,5.801898443877862,5.941616988949825,1123851.4913735008
2021-06-21,SOL,5.927369359327254,5.958616337534331,5.769872698067248,5.829519429846071,1724242.6626009438
2021-06-22,SOL,5.776436819327808,5.835586872650747,5.696672934340646,5.75515331312595,1582815.5698713125
2021-06-23,SOL,5.781985565691962,6.005244888926088,5.749531402161851,5.979416457763661,1818152.564655771
2021-06-24,SOL,5.923736696478897,5.947619677026,5.715957537954321,5.766728012163818,1061305.9286287671
2021-06-25,SOL,5.717672335617453,5.74147707596138,5.630816579962149,5.656673727139708,1455120.8193945736
2021-06-26,SOL,5.640633631429368,5.8675948202144,5.536483351073937,5.7615292868154535,1761453.3805698063
2021-06-27,SOL,5.700470955161042,6.0675584429655,5.642739418674343,6.032656417784501,2686940.474158379
2021-06-28,SOL,6.034876582708552,6.095386087130532,5.858399972344234,5.8896441393291035,1970305.248322413
2021-06-29,SOL,5.917711518764972,6.017324893581135,5.883396630256083,5.951235136750979,1724917.441076847
2021-06-30,SOL,5.9874539047102155,6.014800968968885,5.912978809326313,5.970976805005047,1823234.0342477933
2021-07-01,SOL,5.94136957308777,6.324912407147903,5.882189846123673,6.2638950641292475,2592353.330125499
2021-07-02,SOL,6.216679866541048,6.379771214869679,6.180696215677958,6.214124582841012,1682762.6742519094
2021-07-03,SOL,6.251817601272313,6.34251218865624,6.18272674522733,6.25144636048386,1751221.9574090252
2021-07-04,SOL,6.27339487498797,6.294661712695046,6.204847510218455,6.2450361664285055,1645702.0192310857
2021-07-05,SOL,6.270428902308774,6.47931973512294,6.157170878784785,6.412396160717555,1418308.7387499828
2021-07-06,SOL,6.43977620444872,6.485494162108721,6.058265490559756,6.145665611748889,1980370.723507365
2021-07-07,SOL,6.188728049077908,6.224443854952782,6.10480825032663,6.137792812305362,1628982.5019050883
2021-07-08,SOL,6.170699538281441,6.17104644406123,5.895145827821749,5.931856798406227,1573148.2921299115
2021-07-09,SOL,5.898400775649385,5.9716327855176905,5.7933526213209054,5.868510581710122,1325475.0721720208
2021-07-10,SOL,5.87395222855517,6.15707332164894,5.82629238799278,6.143436029320862,3068031.9341802206
2021-07-11,SOL,6.151185325750317,6.299295468514369,6.10450382822153,6.245309578986351,1868962.1571248418
2021-07-12,SOL,6.24035673835166,6.320795137672099,5.826871831410477,5.856366687869074,1343684.8337183504
2021-07-13,SOL,5.880626260795778,5.8823910173725436,5.611213592862787,5.673033450833749,1991171.0845214024
2021-07-14,SOL,5.63217063025598,5.702973573782057,5.614311897644549,5.6540306216729945,1580866.4577547426
2021-07-15,SOL,5.692131774181726,5.787468439098975,5.378461320233075,5.424451543119028,1558617.7447648898
2021-07-16,SOL,5.449815125666402,5.687905315072358,5.409493979816649,5.6147114506901,1774695.487574328
2021-07-17,SOL,5.667971963524578,5.730216799540757,5.579601791208316,5.688224830263678,1775194.4866536672
2021-07-18,SOL,5.7013939314833815,6.024265594541468,5.65322957341886,5.996921805606166,2353062.564745165
2021-07-19,SOL,5.977061482758961,6.036829059753098,5.714521841869942,5.776421228920067,1231275.140047784
2021-07-20,SOL,5.750098387559272,5.806343086393065,5.678390073883037,5.6838937474637286,1367792.082493269
2021-07-21,SOL,5.673678787594546,5.686750597901041,5.612916049996968,5.637842790589118,1236457.0481263883
2021-07-22,SOL,5.621847858017472,5.7142811035664,5.571395837699563,5.615719139903359,1922129.7986922576
2021-07-23,SOL,5.5952915483020425,5.640511872430573,5.569143731979445,5.5810785907898754,1378477.3282998994
2021-07-24,SOL,5.528096779705679,5.5679133681923165,5.448150229360846,5.480089018066447,1965477.9120395235
2021-07-25,SOL,5.461209372989566,5.76513684144911,5.450546800598117,5.618717678000396,1344517.964808297
2021-07-26,SOL,5.642233306601445,5.749655461377847,5.590432034669284,5.717321070204172,1237277.7315110727
2021-07-27,SOL,5.710704431901183,5.770931046073906,5.678218769739718,5.746132634110242,1710057.1126027594
2021-07-28,SOL,5.785412791274219,5.870248471473916,5.728326467422798,5.816464839930775,1864332.6857951926
2021-07-29,SOL,5.8381747644886755,5.921587209587466,5.757155961066317,5.798192717432505,1541071.87108261
2021-07-30,SOL,5.825889372786863,6.0646981517639755,5.8118002729300695,5.963730272881092,1817988.3391919837
2021-07-31,SOL,5.950495678011151,6.1608608980193855,5.89185438847151,6.0878196918233405,1650549.3875193524
2021-08-01,SOL,6.077900116674812,6.126545982506917,5.951356384074003,5.984721930261771,1607970.5465607191
2021-08-02,SOL,5.9944954746035295,6.052126277121337,5.935475469793854,5.970399037979583,1800235.0045054797
2021-08-03,SOL,5.932100083777217,6.021612281591886,5.872916980701853,5.9910098099772275,1139407.3390972794
2021-08-04,SOL,5.95835915651497,5.981940017103792,5.915699170130439,5.9599312673220295,1266213.8746080115
2021-08-05,SOL,6.011724744064353,6.230909805745881,5.950541706537691,6.194673772873842,1873242.2652514956
2021-08-06,SOL,6.216770131763453,6.417474350291419,6.127594151577008,6.333663495932514,1777645.9390351977
2021-08-07,SOL,6.350398905203161,6.798685222105547,6.350323025646814,6.760363407568681,2559338.9208251964
2021-08-08,SOL,6.767322748784985,6.821805175819388,6.629397794924683,6.7583835958082,1285002.092104413
2021-08-09,SOL,6.713580147269304,7.116365468326882,6.66199590134138,7.03267373051555,2561071.955577756
2021-08-10,SOL,7.001142871496671,7.2062611335087325,6.931002636347955,7.141698496262583,1533448.4780446128
2021-08-11,SOL,7.1325491863082675,7.1933101699738895,6.968892352491764,7.082692687843518,1172765.084025851
2021-08-12,SOL,6.998684885331178,7.1897284435455,6.9268059380671625,7.145277516808583,1570725.2376014704
2021-08-13,SOL,7.164658828191329,7.261504947202737,7.144545853483245,7.210611282871209,1271411.4819549099
2021-08-14,SOL,7.280007412955635,7.458806652396666,7.231414609207811,7.356990140610449,1585439.3516138066
2021-08-15,SOL,7.405541050193402,7.551640325252678,7.354189672726572,7.517658809001986,1604932.9570991176
2021-08-16,SOL,7.514154675252091,7.638682481562478,7.420162729609744,7.536499477573309,1147731.9577133586
2021-08-17,SOL,7.519113744118339,7.520460327853884,7.34309405960492,7.355116040839134,1608216.2022330745
2021-08-18,SOL,7.33345769693204,7.560791614459656,7.327961209322295,7.4223607369156355,1591341.356888457
2021-08-19,SOL,7.372640818607765,7.603312473788861,7.297572199018561,7.559853609825879,1480559.6777025536
2021-08-20,SOL,7.481313988751542,7.595623891385106,7.441950269214242,7.485618816096057,1944973.5980416762
2021-08-21,SOL,7.491903017098378,7.565384872150628,7.4035652915701675,7.5479893541303404,1772840.6176678701
2021-08-22,SOL,7.5581753898666495,7.709330389151865,7.514409864792808,7.645632677934025,1851764.128977438
2021-08-23,SOL,7.63563942667242,7.645050079896189,7.566032195598406,7.6260631798525464,1223723.5522519606
2021-08-24,SOL,7.621779641714115,7.877077445599222,7.512043325880493,7.7698581554445925,1676516.6400320122
2021-08-25,SOL,7.706577199369071,7.780208578841924,7.366425769772638,7.4443217153411085,1537356.81464392
2021-08-26,SOL,7.480373488744882,7.486618259640445,7.340169886222069,7.454288448722742,1285274.9942200175
2021-08-27,SOL,7.400175885830811,7.446275974749996,7.253879200124276,7.400542975114895,1255548.2944122222
2021-08-28,SOL,7.428134060705915,7.523288224951485,7.415676742428622,7.47694057373926,1365101.014361306
2021-08-29,SOL,7.51760086684021,7.83233893512808,7.409391592552778,7.793064953378562,2979997.8340639714
2021-08-30,SOL,7.79318785707989,8.057155872040394,7.792163459520273,7.945387511642945,1087409.173781599
2021-08-31,SOL,7.9949251668533305,8.220231533086723,7.952788476458387,8.126250794034195,1956438.5374523008
2021-09-01,SOL,8.183459151566087,8.800028290422228,8.090369750964074,8.65610162287605,3549176.758570837
2021-09-02,SOL,8.542950357884116,8.564282998861009,8.380495164407368,8.56337192531513,1903636.9034381653
2021-09-03,SOL,8.65063706719444,8.809722342512517,8.587620012359794,8.699964729715836,1391526.2778103417
2021-09-04,SOL,8.632374349805167,8.902830782975983,8.577420722222287,8.775056707976063,1448027.99277132
2021-09-05,SOL,8.811673762305118,9.119405076453356,8.756648910317644,9.008614808159018,1896277.5829595842
2021-09-06,SOL,8.942211414253284,9.230169101180344,8.859437075605161,9.148781208253265,1117913.3027702258
2021-09-07,SOL,9.026603352379762,9.53772190343473,8.953922477024337,9.408539278758196,3486051.672562063
2021-09-08,SOL,9.42835164585955,9.601155787934475,9.300265659374723,9.337432469601596,1678571.8075710596
2021-09-09,SOL,9.363414214457443,9.560553374036884,9.245748576492215,9.457286325559652,1191936.164752456
2021-09-10,SOL,9.436036294130172,9.545879737226283,9.193346757028012,9.371382863543962,1368510.7569602272
2021-09-11,SOL,9.371534957617394,9.5962639863201,9.2908590239296,9.523845377531847,1557309.7722186535
2021-09-12,SOL,9.534151065633232,9.956540205418678,9.488689678203434,9.921691073972696,2189125.328397955
2021-09-13,SOL,9.78618113319432,10.406912489387722,9.769786829196692,10.25892553347011,3548902.382307091
2021-09-14,SOL,10.315845249880695,10.31620748856984,10.093339352030856,10.231771120298932,1168095.9141466727
2021-09-15,SOL,10.2982735566409,10.564622332708995,10.249008493672314,10.473740360613345,1335904.9136399513
2021-09-16,SOL,10.47527128203582,10.99005576028527,10.397426841399584,10.8712757029064,2733583.861455905
2021-09-17,SOL,10.79823396365467,10.854104010358197,10.362895041444855,10.521210859011884,1952496.5893158454
2021-09-18,SOL,10.50713402116541,11.027075644382366,10.347877057999078,10.978626520582477,3114672.5091875694
2021-09-19,SOL,10.88918795318964,10.909543501805834,10.70405931551276,10.858889141087875,1351659.8594995076
2021-09-20,SOL,10.888597737820872,11.106616774050607,10.80153815568038,11.045437008757492,1282129.5133057956
2021-09-21,SOL,11.106520278760275,11.230785641378844,10.931135285357607,11.173962086281922,1526355.6389551093
2021-09-22,SOL,11.153347995143319,11.170275362562736,10.96219429590928,11.031658836645313,1522648.4287652676
2021-09-23,SOL,11.026883062879518,11.144248066589519,10.783803951451253,10.91674909177295,1089290.351187686
2021-09-24,SOL,10.935159691370853,11.087421550062308,10.800682781733903,11.06256931991052,1114643.4414490205
2021-09-25,SOL,10.989845098799613,11.195665246524273,10.931815771182741,11.14590972489663,1794415.371903791
2021-09-26,SOL,11.115227258533395,11.2521641144154,11.028352479624234,11.201596931797749,1746684.7329401246
2021-09-27,SOL,11.236372192306753,11.541132573550556,11.100680176162298,11.24709644287192,1119117.4369612357
2021-09-28,SOL,11.403078103147882,11.719128887098824,11.282018626363831,11.547571710531253,1432849.7075846884
2021-09-29,SOL,11.437994955160521,11.600288758814159,11.282292527303596,11.376730555736895,1084489.7123098671
2021-09-30,SOL,11.383368337548065,11.631500320007685,11.202278485374027,11.53916845665806,1894230.0167609027
2021-10-01,SOL,11.571127089815613,12.088650218480929,11.516288561945826,11.908498975442312,1399556.134322221
2021-10-02,SOL,11.919128746409235,12.296555835257642,11.731101834580794,12.166456060486054,1057956.5898178716
2021-10-03,SOL,12.1641781212734,12.333740946882616,11.655516288566456,11.762090128290213,1413429.4732427928
2021-10-04,SOL,11.688780895458514,11.761516875450525,11.425455547903946,11.47355914126956,1338051.3645030863
2021-10-05,SOL,11.419100514111861,11.597768433478429,11.273296883912906,11.345424080374158,1585562.8362249034
2021-10-06,SOL,11.277949936287838,11.27968424474794,11.155617529479036,11.261020219532336,1599654.9593996252
2021-10-07,SOL,11.260493968554833,11.73057610120001,11.153781480858907,11.646168172074505,1814522.8418055002
2021-10-08,SOL,11.626317322477808,11.762335864598692,11.384651226476045,11.542458346237273,1426390.053126267
2021-10-09,SOL,11.564417146963331,11.57856220796795,11.397256439327885,11.51000294212136,1102058.4851148315
2021-10-10,SOL,11.41866102439284,11.538888916922666,11.178728193643234,11.320928811860563,1038233.6763322462
2021-10-11,SOL,11.339010597776065,11.363933769051235,10.926232627154397,11.064645672892027,1605047.0765253839
2021-10-12,SOL,11.070710027334012,11.351270872794396,10.976680357538658,11.29894241950592,1706071.7908353107
2021-10-13,SOL,11.316530021010733,11.484529399610766,11.09089825151246,11.251937243732717,1764583.8081614014
2021-10-14,SOL,11.269722097722719,11.401305277853808,11.0812512327499,11.317463795836565,1770915.2996914533
2021-10-15,SOL,11.400632041474081,11.49173993004013,10.952485474534983,11.05974158828526,1204651.9546882343
2021-10-16,SOL,10.99364754455883,11.612075483757504,10.871325824685774,11.460605642686973,2510584.7850725697
2021-10-17,SOL,11.462435006312983,11.717404491425457,11.392542061009483,11.538424488074664,1263945.4467891506
2021-10-18,SOL,11.556144723826115,12.279082272187454,11.489831879383878,12.065315517032301,3345811.5247272393
2021-10-19,SOL,11.98892602978111,12.616703604438104,11.862856235470312,12.44435425226083,2847236.399841498
2021-10-20,SOL,12.47064241403708,12.719434874184667,12.26829689686329,12.431521723396692,1667078.4551387692
2021-10-21,SOL,12.511652484028954,12.696060065868423,12.424113571951871,12.553839507492883,1629058.2800050767
2021-10-22,SOL,12.716278457513868,13.114588813428595,12.683782007428322,12.939311093926902,1382850.8694235417
2021-10-23,SOL,12.936073700722059,12.938260076602731,12.559851676195139,12.802593261576646,1969681.135528317
2021-10-24,SOL,12.796468695712264,13.645971611534026,12.675051683508421,13.643232447500058,3434247.070725184
2021-10-25,SOL,13.720464018464902,13.863637663486088,13.113281509990166,13.180392915289696,1359554.5733806652
2021-10-26,SOL,13.136314875498131,13.330487498226708,12.97502077726202,13.213510496442845,1106767.1600680565
2021-10-27,SOL,13.063629507423117,14.331467505069245,13.015954209075835,14.160951920024269,3142945.4367379895
2021-10-28,SOL,14.076351887047247,14.169204410282234,13.954366614244625,14.086244384444937,1241984.0318575858
2021-10-29,SOL,14.15227547925275,14.245540439798075,14.039836423058231,14.122744762236733,1237677.830659046
2021-10-30,SOL,14.017881793913583,14.871305773615056,13.942046546464642,14.601277816053432,2151143.2468253686
2021-10-31,SOL,14.61390429716762,14.767303267134867,14.001007130612622,14.08019874578391,1482465.3322305235
2021-11-01,SOL,14.07350811308525,14.311234113648789,13.831180909135874,14.177994558031182,1666630.912914901
2021-11-02,SOL,14.214091533656424,14.264636525198538,13.811248689437875,13.92548103189496,1085220.2030851853
2021-11-03,SOL,13.781870137531541,13.900081765607991,13.610870517231623,13.894091146355946,1827510.7031717487
2021-11-04,SOL,13.752706435983447,13.899492710025825,13.549334893316935,13.668265120187694,1941977.8422391242
2021-11-05,SOL,13.710282544909635,13.830631262989295,13.1902737077679,13.279651518781144,1586489.7065440419
2021-11-06,SOL,13.348330982600013,14.021014871897778,13.173156853745416,13.93859556684308,2291263.1670614057
2021-11-07,SOL,13.827239607332288,14.22806607645466,13.594381047992409,14.142669502625953,1185346.0579838678
2021-11-08,SOL,14.03321976004935,14.461490712557405,14.003541203914622,14.320719155852252,1985543.515194089
2021-11-09,SOL,14.230425793473575,14.2654381697518,14.151372112058183,14.229864037533856,1285394.6919508886
2021-11-10,SOL,14.373331887044987,14.59525304072859,14.243561789901968,14.283483711068099,1686261.9558740978
2021-11-11,SOL,14.280886506737717,14.374967945900368,14.023939934107739,14.052732128920319,1943252.168609746
2021-11-12,SOL,13.969771971363919,14.211305739179926,13.823197441017683,14.089062764480046,1780358.7938246585
2021-11-13,SOL,14.126166832618448,14.347000750589956,13.779815009018607,13.931750383370725,1898283.9883761045
2021-11-14,SOL,14.06760167033158,14.223040804460679,14.044180316470023,14.089266184676141,1595949.3902439438
2021-11-15,SOL,14.21592040221681,14.401869850141004,14.18195640699319,14.337291576033323,1515239.21242574
2021-11-16,SOL,14.485488781567344,14.5595218474099,14.042024916676228,14.123642223072748,1649783.6441939438
2021-11-17,SOL,14.168477664278353,14.615893895272912,14.093541688016249,14.414127335868965,1801906.548431975
2021-11-18,SOL,14.509302352574487,14.858478805336038,14.248534417636291,14.713270457166622,1597173.8089907407
2021-11-19,SOL,14.767254965498097,14.914850425084607,14.415411779522636,14.595462952325386,1690443.196734309
2021-11-20,SOL,14.633504628149522,14.736889826893279,14.448983256077883,14.6776777790006,1988106.4772504175
2021-11-21,SOL,14.73670677899356,15.008451264924723,14.452314436497014,14.563006813213622,1458786.6505880693
2021-11-22,SOL,14.600314873681485,14.788641583997284,14.297594666822091,14.495122777275874,1640405.993987066
2021-11-23,SOL,14.556193457881577,15.17415647243508,14.33769430872596,14.982729013962132,1344543.9358020546
2021-11-24,SOL,14.847082335566423,14.908488907937317,14.44773183561971,14.619835337589386,1078831.3928878263
2021-11-25,SOL,14.738621837147365,15.108943330981862,14.64368944753938,14.957176647273727,1976151.178835391
2021-11-26,SOL,14.913226513871512,15.317795915864084,14.806119795963495,15.313144535349462,1329206.7398818946
2021-11-27,SOL,15.422561490195996,15.46265195050892,14.961830437215363,15.1056305037708,1562788.3705992182
2021-11-28,SOL,15.173826301450761,15.707386598608418,14.9931416888865,15.582745228409632,1524419.0221181246
2021-11-29,SOL,15.473610705681043,15.474669221760184,15.283383621084122,15.422934910995515,1421627.691244705
2021-11-30,SOL,15.415558239343762,16.03110678058575,15.271631976948933,15.766714897226276,1695313.196919963
2021-12-01,SOL,15.830985567588101,15.934420665497548,15.430868989708085,15.62009639103274,1791686.656630713
2021-12-02,SOL,15.56267926049292,15.893822287564856,15.456681678614832,15.848135797209268,1131541.0475200834
2021-12-03,SOL,15.73161818861676,16.107889722351413,15.60015474296755,15.758999564298641,1903372.749168577
2021-12-04,SOL,15.80445771852894,16.02444858079438,15.697385245100325,15.864867444533258,1687286.6045910486
2021-12-05,SOL,15.997657076792594,16.538377902177423,15.842321799366715,16.351587479384957,1867890.136714717
2021-12-06,SOL,16.341177017551725,16.657341403935938,15.847147931598155,15.96646407379544,1225685.5676962638
2021-12-07,SOL,15.875519420826592,15.937974842667591,15.675516846518756,15.833434879794346,1227060.417595938
2021-12-08,SOL,15.905134822993052,16.121014585421275,15.571133394940642,15.863546420034483,1378974.8894623432
2021-12-09,SOL,15.798952472944405,15.91704353934169,15.090397238172416,15.187193610418472,1952925.8647621486
2021-12-10,SOL,15.114772450420428,15.880810964723397,14.853797024957114,15.824079466840212,2955257.124529639
2021-12-11,SOL,15.842113090186876,16.37873567602978,15.793592135530972,16.271558893524098,1947787.1567915352
2021-12-12,SOL,16.091838163281164,16.569797607666047,15.95612268299992,16.333650596365086,1907863.9566184173
2021-12-13,SOL,16.336350270244225,17.37014165003754,16.138914089631225,17.1132484897028,2593973.5739985197
2021-12-14,SOL,17.176956185183222,17.948788425126278,17.081762522370294,17.77112135586481,1245225.0016978828
2021-12-15,SOL,17.6414796602799,18.00408314690154,17.473970311783997,17.753742762869653,1943732.2687598716
2021-12-16,SOL,17.84058913048252,17.892821509132915,17.60235758967842,17.81901196882589,1809317.3164871112
2021-12-17,SOL,17.92369596542337,18.123805027048842,17.297703945148754,17.460375255406753,1371959.4011333648
2021-12-18,SOL,17.417348108322532,17.771464244671808,17.08700579676484,17.287679305216635,1186015.958228021
2021-12-19,SOL,17.302471690170833,17.734021135963918,17.11291614612183,17.50075496199547,1578848.2447826448
2021-12-20,SOL,17.42904821947703,17.492324172116984,17.105263341820372,17.253086894122504,1579835.455297519
2021-12-21,SOL,17.34478562975941,18.235287450483405,17.18837333500054,17.832658005713714,1209280.4490380518
2021-12-22,SOL,17.809480587552198,17.89104675695852,17.371797309942284,17.553288130008788,1640958.9143873565
2021-12-23,SOL,17.353519695552922,17.789494660029845,17.21280593220698,17.51750538035834,1549485.8207708385
2021-12-24,SOL,17.58716230054326,17.712350012643622,17.234125533596977,17.378620470331413,1055645.5665560088
2021-12-25,SOL,17.286557723421797,17.37551493286727,17.16701491217736,17.28346842613034,1718841.6427335036
2021-12-26,SOL,17.28561303011728,17.4317161391944,16.75806672287501,16.912900019555426,1098093.0632809894
2021-12-27,SOL,16.88985689059311,17.063872754291708,16.66242033950987,17.032234727235277,1036275.6296661258
2021-12-28,SOL,17.00306430795577,17.520442023979857,16.871302413790076,17.25778055968289,1586149.4572912415
2021-12-29,SOL,17.230653371492473,17.24745254568636,16.92305424578787,17.071184336093463,1789532.7113944083
2021-12-30,SOL,16.917204846350042,17.141688859052973,16.626498768332322,16.840290299322422,1509192.2863031048
2021-12-31,SOL,16.883756333144003,17.82790317657438,16.66666316938207,17.56105894480876,2280668.395962896
2022-01-01,SOL,17.783301861899112,18.365670255512917,17.722276327925552,18.330750729490305,1606469.6439832265
2022-01-02,SOL,18.24301261503776,18.50562955147819,17.174701673966265,17.36376227143672,1218930.8137067817
2022-01-03,SOL,17.30431896832941,17.526525075562816,16.79524428490328,16.918067765006374,1269155.3694196104
2022-01-04,SOL,16.837528676194506,17.45383564630771,16.6509494057174,17.3883949500291,1733987.5453699403
2022-01-05,SOL,17.52258093450345,18.090812916163486,17.20784907775047,17.90137072128499,1073886.648464537
2022-01-06,SOL,17.79167116095329,18.740163127583184,17.6235274774215,18.50881274468327,3445972.788175779
2022-01-07,SOL,18.425093349499654,18.751368371401558,18.37444867640286,18.538421399704422,1246987.6127666645
2022-01-08,SOL,18.431948935525114,18.7333797338871,17.89686544641325,18.198889647090752,1717497.4279080362
2022-01-09,SOL,18.31404187946862,18.435494091731986,18.194011215813806,18.278205462949064,1257545.3037702632
2022-01-10,SOL,18.233730592154537,18.466756304687774,16.882903354738794,17.073113013178688,1483096.4743002371
2022-01-11,SOL,17.04236747766345,18.635364758070175,16.882552255096236,18.313293423619164,2048713.6763530762
2022-01-12,SOL,18.370465964481426,18.555269507746853,18.204803575711708,18.370511625232304,1965764.0532512723
2022-01-13,SOL,18.545082989660955,18.69566073481072,17.680980556751816,17.80880520544208,1900909.8416553414
2022-01-14,SOL,18.10181053726247,18.42187905610989,17.543083459672935,17.845044945356275,1512783.9199502827
2022-01-15,SOL,17.838526858477763,17.85818314418748,17.313389400588097,17.481572435414876,1556232.1536134048
2022-01-16,SOL,17.465530677062414,18.133486711771948,17.334820595437094,17.924690796859363,1736735.056828667
2022-01-17,SOL,17.794036786170807,17.892972587528835,16.73266838079681,16.966502983541066,1812802.5951222763
2022-01-18,SOL,17.06457018331304,17.302493910853457,16.916522057061055,16.9684146251777,1489502.7774777575
2022-01-19,SOL,16.985362833868194,17.71063336285381,16.80063664779311,17.619094454796716,2494783.735244434
2022-01-20,SOL,17.773121685099046,18.48268736208276,17.712232544336047,18.235267503417948,1674122.049556937
2022-01-21,SOL,18.332551018958018,18.66052820138622,18.16767011855331,18.4892360855615,1342197.4451808
2022-01-22,SOL,18.543946130652902,18.752886097004204,18.249834061637006,18.60970890158332,1067327.0101119794
2022-01-23,SOL,18.521939827762534,18.939149012704842,18.317363258168115,18.7462873056059,1524746.8737329664
2022-01-24,SOL,18.853961999022445,19.106163496054172,18.1989894512759,18.41889029255886,1505470.910803907
2022-01-25,SOL,18.484721460112354,19.09469489889052,18.422278212876225,18.843698123303056,1129200.0979361609
2022-01-26,SOL,18.809162127457764,18.988254146071355,18.382576218785342,18.559617113808276,1530438.4485740766
2022-01-27,SOL,18.640479359470163,19.02817726584787,18.33676116167069,18.68697743018028,1145199.8965255753
2022-01-28,SOL,18.506335750331246,18.533487334748926,17.802460592025476,18.001709258324997,1333225.3478892269
2022-01-29,SOL,17.852419507222802,18.327145598472775,17.626309983468143,18.0161586373616,1140720.299553584
2022-01-30,SOL,18.02435569326095,18.029520719280068,17.44433464349917,17.615478093825057,1733350.998253214
2022-01-31,SOL,17.647020807634572,17.71162813770665,17.23869989273902,17.455275364745834,1551983.467874246
2022-02-01,SOL,17.333603439699875,17.341656708712097,16.66398068390939,16.668924774254755,1954646.7670152579
2022-02-02,SOL,16.487944836473154,16.685103505867126,16.116594093454175,16.313149104229815,1710936.6577598506
2022-02-03,SOL,16.218798222880757,16.377914801590798,15.320692388315145,15.390945533895085,1171337.2767013106
2022-02-04,SOL,15.353481472425782,15.417712501666417,14.995841787943887,15.133981963258073,1401177.6206519948
2022-02-05,SOL,15.02799166521986,15.139674330756785,14.494812055195146,14.60892631439993,1893966.816594283
2022-02-06,SOL,14.425501936055545,14.460436789786696,14.029913368833794,14.090731532969881,1888319.2094768283
2022-02-07,SOL,13.97079918311764,14.114428729011166,13.717411768915714,13.845813428248942,1716848.5265285945
2022-02-08,SOL,13.778477975315665,14.006879980875338,13.582393769262138,13.860157037028898,1841263.0064231637
2022-02-09,SOL,13.816202066704374,13.957481527420256,13.539106193790682,13.707102229639776,1745438.9963348133
2022-02-10,SOL,13.879426597103564,13.957990139767277,13.610275977464518,13.75785130799894,1415387.268596043
2022-02-11,SOL,13.888517877853788,14.440280572836116,13.753071973566563,14.22457744733374,1378648.3291568125
2022-02-12,SOL,14.239027431028372,14.658868216991415,14.12052269801039,14.359500000430854,1420716.4273580243
2022-02-13,SOL,14.224788967316538,14.862064567258912,14.18608329696894,14.641840655029464,1567078.8492651053
2022-02-14,SOL,14.631758366596289,14.68977294802833,13.90750324436456,13.921323849066745,1180181.8290773886
2022-02-15,SOL,13.837884896847825,14.205209720998665,13.665878429647018,14.178309121291427,1286254.4319264635
2022-02-16,SOL,14.248716275470303,14.439535566851939,13.641164560833424,13.755323348206161,1847416.4931787222
2022-02-17,SOL,13.600374610975646,13.685586882280079,12.84445580061106,13.053569514514825,1888499.8882312481
2022-02-18,SOL,12.972833175179684,13.404516291441714,12.93381733927967,13.225365850833722,1552551.0295454627
2022-02-19,SOL,13.315054795663738,13.642498852439275,13.218471739898346,13.33122725270446,1042066.4054665018
2022-02-20,SOL,13.38708269054664,13.535420261594652,13.093016450173195,13.176651041985531,1765640.6417456872
2022-02-21,SOL,13.24463364099829,13.404348032003643,13.103209026089369,13.216265010158102,1581682.480022224
2022-02-22,SOL,13.347825883203,13.57783950936519,12.971658456710221,13.130199775683199,1257509.5440119144
2022-02-23,SOL,13.111554235838245,13.374459224729955,13.007390772283665,13.264411447573439,1939465.7281375455
2022-02-24,SOL,13.13312629027296,13.250217417261593,12.425745390336523,12.516347886740213,1743647.8767080565
2022-02-25,SOL,12.550570461184474,12.749434646441806,12.217864974299895,12.270793026144835,1349153.2145789305
2022-02-26,SOL,12.317315449440985,12.759119245413064,12.189811256750614,12.593769938357083,1048371.821377278
2022-02-27,SOL,12.704484267832461,12.913338812929284,12.405370759652495,12.822641487731858,1279188.1140504177
2022-02-28,SOL,12.703041567590867,12.780733615886975,12.656627993240976,12.73069247444115,1139891.2806507365
2022-03-01,SOL,12.578569279410626,12.852992003542829,12.473223951429691,12.786372805268764,1086034.4188536378
2022-03-02,SOL,12.991344913112087,13.08235598067751,12.661286591518774,12.824158932986233,1525340.1397650084
2022-03-03,SOL,12.853470127077658,13.405493876889162,12.791941543421878,13.273450055476331,1029813.03195144
2022-03-04,SOL,13.188088273864714,13.662066145200283,13.114572245733193,13.535373049061741,1954188.243298254
2022-03-05,SOL,13.519397497899483,13.765794624608628,13.214771966384722,13.322675367099908,1184070.41827072
2022-03-06,SOL,13.254233017973402,13.567885979410999,13.14685918999544,13.459308976334766,1213475.7444916593
2022-03-07,SOL,13.44634040772326,13.577959434924287,13.174731640769124,13.31832717512289,1582738.6219206278
2022-03-08,SOL,13.424935382016258,13.676625604242014,13.2690724205796,13.662989369988638,1913340.200145255
2022-03-09,SOL,13.653538652819003,13.754042708890516,13.439346057829605,13.726907114203001,1332460.4920224324
2022-03-10,SOL,13.698623598581047,13.918663324489359,13.612990587713934,13.838772406698496,1723020.8898849874
2022-03-11,SOL,13.923818287258594,14.022721667883397,13.694940765299195,13.698367953051388,1140136.962423643
2022-03-12,SOL,13.748614115167337,13.88574758206112,13.689612456988682,13.710980708463014,1717105.290724925
2022-03-13,SOL,13.654834110177589,13.769586482590562,13.473509630316284,13.596018776636749,1352223.437773073
2022-03-14,SOL,13.558488216807982,13.69617393936506,13.125149830652937,13.200154182524036,1442033.807199358
2022-03-15,SOL,13.148834441549253,13.22598177374753,12.852804479666501,12.913104321084518,1048447.3763612998
2022-03-16,SOL,12.98241360350198,13.385610585244086,12.953544294681455,13.214040299162347,1862910.3978839447
2022-03-17,SOL,13.095250203052329,13.268679487117845,12.624970613425985,12.666497580207762,1531455.5610809552
2022-03-18,SOL,12.713876099148376,12.860068084986551,12.569676525064638,12.69980309713417,1391733.4867147158
2022-03-19,SOL,12.794389627259537,12.93823205019166,12.479112683517373,12.548278131112083,1894384.1206586133
2022-03-20,SOL,12.505795399933765,12.576283742992167,12.383697440534288,12.473848539480414,1064781.7125599328
2022-03-21,SOL,12.523557713014055,12.653363183459298,12.315496098454537,12.428022768361972,1807229.0149159795
2022-03-22,SOL,12.316479726202447,12.719160041767255,12.1996502599434,12.591079521551483,1857445.9866202658
2022-03-23,SOL,12.640345459511684,12.725667603170342,12.260950425565674,12.299604987464123,1329343.967430231
2022-03-24,SOL,12.329115947437733,12.402197590794064,12.267552543503445,12.28667618826725,1038353.3550685992
2022-03-25,SOL,12.37534511890859,12.477842102693913,12.124673454783421,12.306372787098466,1501829.694593662
2022-03-26,SOL,12.34309918476693,12.350062287849834,12.034430293422794,12.198489885630243,1138338.5326510877
2022-03-27,SOL,12.166942554123796,12.215564237672426,11.41815226552627,11.498899509246252,1928292.3436444087
2022-03-28,SOL,11.268836052816704,11.415687768704043,11.105763716520833,11.33771988148596,1450329.2480831372
2022-03-29,SOL,11.257986678121913,11.37467404852254,11.177672498121613,11.350364516427732,1890856.9552204201
2022-03-30,SOL,11.379155113517058,11.504381746159693,11.031194585108228,11.16906039892377,1095715.7589452767
2022-03-31,SOL,11.156545046955841,11.51650260283419,11.114770408970045,11.391701204702613,1521299.8701135584
2022-04-01,SOL,11.533830557162455,11.575668194661139,11.376643068663949,11.508372567772,1742347.4339651358
2022-04-02,SOL,11.332620871968627,11.91335875396435,11.223634247268013,11.880787654793046,3286920.2997399424
2022-04-03,SOL,11.902577304863932,11.949253188552465,11.491404242527883,11.602680543970639,1257513.2042136788
2022-04-04,SOL,11.538812056091906,11.60115138392982,11.390925224719082,11.459584322232264,1114184.4016036892
2022-04-05,SOL,11.343107538721807,11.419092847191365,11.296581246393389,11.323907054003973,1174285.5179514966
2022-04-06,SOL,11.322728897456395,11.444048308132468,10.647589999745056,10.673951680531424,1631105.6091092385
2022-04-07,SOL,10.69290439525295,10.796136108745255,10.542746986469053,10.6300096925034,1253531.8520889643
2022-04-08,SOL,10.688334495097685,10.74233198425552,10.243134730520882,10.248095048134466,1929844.7223207904
2022-04-09,SOL,10.294191152512324,10.426599208755999,10.044476535668313,10.167584794397317,1102760.2405387955
2022-04-10,SOL,10.148305586461182,10.444333226373033,10.055990870880434,10.372356863791676,1912059.9574922642
2022-04-11,SOL,10.478950261416436,10.587284668516906,10.259979470461044,10.393138774169152,1137099.6931621651
2022-04-12,SOL,10.382024937731455,10.386567392056877,10.020656593924162,10.076646771237703,1225920.5987202912
2022-04-13,SOL,10.130202225731606,10.279922775706762,10.00655303529791,10.2417757236884,1368406.391763525
2022-04-14,SOL,10.268824846670396,10.348758884671945,10.220473410250245,10.240761374986855,1687756.7220928378
2022-04-15,SOL,10.18435481012151,10.32063387556071,9.701919580543327,9.894446439279843,1532744.8391732853
2022-04-16,SOL,9.906475498373025,9.937004989648434,9.449629033187556,9.630929903222297,1406210.7461913417
2022-04-17,SOL,9.602848773146553,9.652005871864432,9.49458256262462,9.55839850502494,1234105.173239401
2022-04-18,SOL,9.612781432909358,9.662742162358626,9.401259962351853,9.448358573577982,1861164.4050855713
2022-04-19,SOL,9.540557959534492,9.729238140417236,9.42187246964204,9.721385906279144,1394762.3872188241
2022-04-20,SOL,9.844964514927842,9.87176196149143,9.70834820673409,9.737004198561689,1522525.4750853144
2022-04-21,SOL,9.595176742579193,9.672671944576521,9.327799477824806,9.36669848338255,1349435.5370247345
2022-04-22,SOL,9.477955695492243,9.623193524684183,9.253285470054042,9.253779536832772,1435499.7593729112
2022-04-23,SOL,9.323363300360626,9.417184086730618,8.65894028219984,8.763073783821545,1171904.5807118427
2022-04-24,SOL,8.814783375157457,8.850544448212654,8.559384626651282,8.669688741206242,1035308.7173570979
2022-04-25,SOL,8.721599877732828,8.8566323953645,8.41820973896146,8.511080061605828,1905173.7818015777
2022-04-26,SOL,8.409805195042711,8.52303938656316,8.01839875869307,8.054680612590243,1021130.4649036017
2022-04-27,SOL,8.077825627293146,8.36173627083838,8.035411277338877,8.262896746944365,1131616.454216127
2022-04-28,SOL,8.201295997278624,8.2499038040162,8.077116124733546,8.154768851960226,1553831.258138469
2022-04-29,SOL,8.120351951255893,8.2092409802528,7.714181862262437,7.775255516687788,1831038.3541693192
2022-04-30,SOL,7.818830295428327,7.8417940119839145,7.548376724818619,7.675329857691516,1441083.0099423623
2022-05-01,SOL,7.697970149926703,7.916544480301299,7.623161066637445,7.840956862599273,1050855.2310312716
2022-05-02,SOL,7.876065253843092,7.972580502755607,7.5957386865545935,7.66481151720315,1901827.9685118308
2022-05-03,SOL,7.629832931122375,7.670863584924656,7.024842395158564,7.06533940461791,1691376.8029489047
2022-05-04,SOL,7.0741860658840885,7.182962711733726,6.872864449705359,6.985300262698767,1662181.4131342066
2022-05-05,SOL,7.0092264068795,7.010496592672536,6.933545830661897,6.934386834731338,1248352.365563337
2022-05-06,SOL,6.933401007393324,7.176069233166085,6.849758580479952,7.105082712070029,1711600.6503290597
2022-05-07,SOL,7.092525802185234,7.224000017252841,7.009043064333698,7.15779621049586,1208459.0735998396
2022-05-08,SOL,7.201920316795489,7.271624353294982,7.071333798524337,7.188888926308983,1239817.8985626346
2022-05-09,SOL,7.233583772440433,7.305516531901483,7.099046404962598,7.173770654985304,1090455.6473706749
2022-05-10,SOL,7.175734024408062,7.520335610042836,7.098689053797868,7.40531206980296,1889097.0256770249
2022-05-11,SOL,7.380292109113774,7.4085272573144945,7.13589204234642,7.222898733849691,1320967.8271741492
2022-05-12,SOL,7.231269152454512,7.3784497837500105,7.146864165863871,7.294208020316222,1330892.5732192511
2022-05-13,SOL,7.330611926353154,7.581629154270083,7.223001977032578,7.4974336236243,1693223.198895056
2022-05-14,SOL,7.4987473125910835,7.575460707149987,7.1294239567817,7.155538940508881,1212309.11664792
2022-05-15,SOL,7.172950151327038,7.448372413269248,7.08641766679736,7.406533536659255,1083636.8814012066
2022-05-16,SOL,7.491307561624675,7.645941327503156,7.411207845544804,7.627247779593789,1844355.7429379353
2022-05-17,SOL,7.6600054671151945,7.754527223840112,7.579865269159809,7.630217518418639,1598377.688197354
2022-05-18,SOL,7.6103023867291695,7.8113162079963105,7.498246586160423,7.776911950777469,1863035.626195803
2022-05-19,SOL,7.744523602429267,8.062163358796683,7.662831791784768,7.987829323720956,1021590.7931860207
2022-05-20,SOL,7.959972250310362,8.317291556272462,7.955342861398729,8.152565485103146,1237308.663680206
2022-05-21,SOL,8.145275108649715,8.369975150011454,8.042673343427587,8.278422403829373,1995519.7106438903
2022-05-22,SOL,8.26129329946858,8.432280481716713,8.17825570722583,8.414547410874205,1804031.6066417838
2022-05-23,SOL,8.38579160301431,8.60404329523603,8.260344771316348,8.520552801268815,1934024.3278232228
2022-05-24,SOL,8.452914488292375,8.548999793641158,7.987070174837495,8.105510868972342,1917131.9918634726
2022-05-25,SOL,8.068346212719103,8.15950290750003,7.694266969852183,7.7247316756827065,1689339.7002063855
2022-05-26,SOL,7.678151369697726,7.6923451408192625,7.527348849554924,7.586889743202974,1881616.1332881984
2022-05-27,SOL,7.583251504857278,7.791810813224963,7.55789870086557,7.7483991047700025,1851819.6544863393
2022-05-28,SOL,7.80045021697737,7.867376551252729,7.658718000050938,7.79917090147177,1710315.5370219687
2022-05-29,SOL,7.800067581853441,7.991368448568947,7.689332508314229,7.88062798399214,1775207.541226276
2022-05-30,SOL,7.896608919788112,7.9114775841568425,7.797747371013743,7.840622132374559,1430348.369806394
2022-05-31,SOL,7.883674081351394,7.964193290925474,7.708329054864438,7.850399076172256,1381626.7430777813
2022-06-01,SOL,7.792504983659348,7.867567638329024,7.628190105518954,7.72878121383433,1670433.2307567764
2022-06-02,SOL,7.650287187532522,8.015243350719933,7.557037609738849,7.923037243988251,1978483.8323382586
2022-06-03,SOL,7.966645872235959,8.086428383234834,7.95145535355626,8.035456637196171,1590829.2574385295
2022-06-04,SOL,8.072577769536142,8.287758713764203,7.974272743342672,8.189394580517972,1574570.1773963454
2022-06-05,SOL,8.189078194528276,8.245700833209673,7.9049414535470754,8.062135505261526,1630458.4071026
2022-06-06,SOL,8.036742185959328,8.08429470649917,7.760288360802039,7.895028671928066,1015040.3474047143
2022-06-07,SOL,7.797515488622418,7.858000123364221,7.463974274798153,7.522803400394777,1033793.9242525744
2022-06-08,SOL,7.494610478208451,7.5344956003364825,7.401549512327797,7.524610055132741,1675056.2733321073
2022-06-09,SOL,7.591048784216378,7.703222554167687,7.482906062915336,7.528840576728893,1396308.4561100358
2022-06-10,SOL,7.44444504974892,7.4719704828553875,7.291153915614715,7.3025685630676405,1781563.1898104942
2022-06-11,SOL,7.293621493719669,7.488128012462076,7.250113490485151,7.435436095202655,1117453.2290019395
2022-06-12,SOL,7.5258336081162795,7.582845401942172,7.193511058132993,7.289221180062424,1926805.7657608057
2022-06-13,SOL,7.280860417584221,7.614332635318431,7.161146021236099,7.596939935987606,1917918.9409370294
2022-06-14,SOL,7.597984784039945,7.732054300198302,7.505283833694253,7.680313691243208,1859173.3494097227
2022-06-15,SOL,7.7098426567369325,7.734721399237265,7.301141004566483,7.370175245233319,1339388.1193272285
2022-06-16,SOL,7.384484927962937,7.779802438524316,7.347824055474349,7.595473734132819,1931678.984733362
2022-06-17,SOL,7.623862123352629,7.894923364708027,7.574300821086279,7.810978844374976,1065285.4354274343
2022-06-18,SOL,7.829876416555504,7.93968801312852,7.821112100581924,7.873442780261033,1988428.233926376
2022-06-19,SOL,7.8964203952619165,8.293755674178797,7.8491954080515836,8.211507189555578,1942381.8716636149
2022-06-20,SOL,8.200529298417063,8.693071308909566,8.115623748255597,8.585716359354674,2985528.491864643
2022-06-21,SOL,8.634184448760553,8.865667188807858,8.541170421004756,8.773142400957111,1484378.4748133128
2022-06-22,SOL,8.746218426402676,8.874043623982372,8.292302591227548,8.368577348995371,1072046.223724798
2022-06-23,SOL,8.358779308683248,8.369433693915378,8.101713961323059,8.271438039546972,1649439.631744971
2022-06-24,SOL,8.212418648603185,8.308749805385615,7.976083225097353,8.10782263878642,1970241.0697347254
2022-06-25,SOL,8.157292586941175,8.57904358816359,8.0611652695645,8.521432877404203,2979302.104049701
2022-06-26,SOL,8.496540190817816,8.707412028048463,8.37272904127422,8.610062595473332,1204590.747646659
2022-06-27,SOL,8.60336620228806,8.734631074203504,7.91178074168571,7.990475584845283,1202072.727017628
2022-06-28,SOL,8.045799170496027,8.34531190923618,7.988078230405623,8.21879668033472,1558482.7676206338
2022-06-29,SOL,8.126103121762965,8.24217705217793,7.976031644403979,8.04090537239197,1177287.9399434114
2022-06-30,SOL,8.00798468352939,8.381504674991039,7.951057958264259,8.28617440149743,1789159.5371143187
2022-07-01,SOL,8.304066861378713,8.541131287437873,8.202184786103759,8.430531230407786,1415302.1460625632
2022-07-02,SOL,8.330876320099986,8.346482822104797,8.012814647049964,8.108624395928427,1410832.1507135914
2022-07-03,SOL,8.13426002963694,8.244961956351741,7.989975871096976,8.063545179579531,1722890.4909580622
2022-07-04,SOL,7.993356143373989,8.160145888365417,7.906516625630776,8.13374076130617,1189085.3398155703
2022-07-05,SOL,8.304119226866788,8.421474023685606,8.25147862307488,8.389620612840536,1535110.6240304536
2022-07-06,SOL,8.391575661511059,8.420643955038313,8.17467880911415,8.270765983146951,1898417.636691161
2022-07-07,SOL,8.244877918654858,8.472623740196388,8.162615530997273,8.431203561582048,1952762.0295002854
2022-07-08,SOL,8.474972943852924,8.828111879609065,8.395113855121815,8.692087191753515,1459952.1596169174
2022-07-09,SOL,8.69477208456018,8.899524757930251,8.616477703450599,8.879991977358822,1303384.6247201164
2022-07-10,SOL,8.895715157742373,9.212974681488205,8.798641416636514,9.145459864823488,1599518.7172820987
2022-07-11,SOL,9.211855965640693,9.414823907685008,9.1365153638329,9.333199723809038,1497795.6814186792
2022-07-12,SOL,9.243152518800782,9.287621455243274,8.993136362145778,8.994281762920933,1662637.9933442918
2022-07-13,SOL,9.091889408734932,9.314851075381064,9.062537955805396,9.22944107465422,1925361.281694054
2022-07-14,SOL,9.265925755800657,9.864278255991525,9.137297885734908,9.821916043860918,3234594.5597197106
2022-07-15,SOL,9.881768349732626,10.213261878875295,9.791552941412242,10.105901584284357,1956036.1324652606
2022-07-16,SOL,10.168701615996468,10.50115226218221,9.996193161936592,10.304184320658678,1506832.9556589376
2022-07-17,SOL,10.265282324801039,10.526088149495388,10.164044333304654,10.477881018538833,1589670.0301052756
2022-07-18,SOL,10.398775746015113,10.445985702557651,10.327563773025616,10.398495914337927,1952386.8914642076
2022-07-19,SOL,10.403092545886146,10.661362315480257,10.375377129053355,10.650670616383577,1847454.4360515822
2022-07-20,SOL,10.803752741982086,10.93194412476296,10.687624019707933,10.915778015071707,1647337.1190073732
2022-07-21,SOL,10.825093037717272,10.968036867796869,10.444994766103479,10.512384939092282,1892155.6056276397
2022-07-22,SOL,10.60003198571314,10.744982713163639,10.379484356028042,10.537183711802465,1300461.2694841952
2022-07-23,SOL,10.533978408575049,11.052323925589297,10.351591418223187,11.023023652718685,2007948.8653446836
2022-07-24,SOL,10.927402026627876,11.197063504238244,10.822552736437887,11.024841416928973,1116429.321624934
2022-07-25,SOL,11.024807932201746,11.304645876501505,10.977495820450107,11.259027660028742,1125198.2656689207
2022-07-26,SOL,11.223656108887816,11.735662068220561,11.15229588520447,11.670974723023217,2076849.7610579382
2022-07-27,SOL,11.687510793857452,11.900625009934862,11.517096982456227,11.769777875006818,1390510.6929059103
2022-07-28,SOL,11.730807742246256,11.991609595631985,11.556525061982997,11.861355333548255,1687141.9459855307
2022-07-29,SOL,11.905872612391164,12.105309878825047,11.758665933670274,11.94960981240973,1379267.06221656
2022-07-30,SOL,11.898767188319326,12.132046629775331,11.708791065449232,12.087867424352948,1207071.4047040802
2022-07-31,SOL,12.134477928257631,13.22827306956157,12.052329394039539,13.052160701543011,2310016.4254243406
2022-08-01,SOL,13.065545500636428,13.22023354177638,12.974318633947616,12.988990758960423,1712132.8237335654
2022-08-02,SOL,13.077117235155754,13.240880337804008,12.616166062041206,12.714833707183788,1668409.8081618915
2022-08-03,SOL,12.912197626250094,13.640911230612957,12.85956677479672,13.495913780718027,3133925.5576469046
2022-08-04,SOL,13.52419166092332,13.732797453876467,13.4047558515849,13.642282361790116,1456815.2423371682
2022-08-05,SOL,13.55658441338842,14.09747050020987,13.38800941190084,13.97745668717475,1558118.1900119488
2022-08-06,SOL,13.96687854675562,14.137033354502435,13.185799570126267,13.372107031908454,1447729.7270962943
2022-08-07,SOL,13.408105624091746,13.454372157738606,13.231331404070415,13.408535303612823,1194023.7442854964
2022-08-08,SOL,13.497448474690056,13.705375349227205,13.38439143779983,13.47721533763783,1346229.7910083672
2022-08-09,SOL,13.498175762073643,14.157845275135031,13.34889552941363,14.054670578242286,2653440.874349208
2022-08-10,SOL,14.002384259832628,14.117354315762809,13.897902654992802,13.925218654934591,1062736.8364392337
2022-08-11,SOL,13.95631581314742,14.571539638108849,13.885386793382764,14.528574222758904,2212656.952029795
2022-08-12,SOL,14.64356094788751,14.689401901458464,14.310183854885283,14.494311357649217,1228442.2034208607
2022-08-13,SOL,14.422335935787915,14.697130811117145,14.182141126558276,14.313096886255371,1803076.4286592645
2022-08-14,SOL,14.296300504171134,15.429085034684515,14.244216995106168,15.321657930561583,2278276.72065501
2022-08-15,SOL,15.229915692905728,15.420600817438103,15.058788930533742,15.303125930075707,1605524.8614541627
2022-08-16,SOL,15.150677489607315,15.350960706262622,14.972339212956557,15.178906728068926,1637237.7970498863
2022-08-17,SOL,15.317023771038524,16.322488111734888,15.22677432122366,16.05585879031701,2270592.5428353148
2022-08-18,SOL,15.99314935000315,16.059038757200767,15.3301275408351,15.563426124789247,1601359.0411855855
2022-08-19,SOL,15.475766822451904,16.319608568454772,15.421320763504383,16.2329608965529,3401748.439737414
2022-08-20,SOL,16.14345373693157,16.271599080533274,15.677072209592803,15.854853012618086,1557811.7998349185
2022-08-21,SOL,16.102587671339556,16.677081267158556,15.78928861800054,16.49090494896665,1333400.1101492299
2022-08-22,SOL,16.61212517952185,17.030094639108853,16.224965671319463,17.01957272704307,1617591.2615110995
2022-08-23,SOL,17.07173359814808,17.83922745456347,16.85375183106183,17.586998175700458,1527770.551174033
2022-08-24,SOL,17.731407124257355,17.757072134344238,17.478569107446706,17.693426878520356,1679120.0469129188
2022-08-25,SOL,17.8929657382463,18.31925940206378,17.71981311590165,18.07847959285521,1028353.3147218984
2022-08-26,SOL,18.038183407218977,19.16035376103266,17.970512694407056,18.805069542236378,1964657.4081390924
2022-08-27,SOL,18.791504555099355,19.224221451943787,18.781335236994565,19.113920657072452,1384751.9378851552
2022-08-28,SOL,18.989297317415435,19.94363041184589,18.817223469592527,19.8616497460618,2086687.26150569
2022-08-29,SOL,19.93018478354854,20.85068395103753,19.760796329671127,20.743252040911578,2754808.3818886266
2022-08-30,SOL,20.793732146661764,21.610718203683877,20.65861478285704,21.453513742521825,1522955.1158941416
2022-08-31,SOL,21.65177413680476,22.962727296990654,21.21362365281896,22.68289370793567,3452851.544531968
2022-09-01,SOL,22.65853272864448,23.595171587463263,22.493824263603667,23.406797759319833,1972050.880188018
2022-09-02,SOL,23.37076631983732,23.87752824914363,23.11825524636158,23.621745917332557,1347791.2469166839
2022-09-03,SOL,23.52563353228969,24.892209631091802,23.1237026844837,24.793729394220275,1819018.6280709207
2022-09-04,SOL,24.752642899784064,25.27187042147762,24.142905715865762,24.48891874203944,1657627.5065751586
2022-09-05,SOL,24.483202280872504,25.853804158671352,24.30690338799749,25.680989356250905,2657096.0249011405
2022-09-06,SOL,25.56194255885152,26.675484806497266,25.440111282421483,26.550771488133247,2444621.2690067966
2022-09-07,SOL,26.559000430412077,27.64901373039366,26.266466342936987,27.374613832300923,1054147.7651554572
2022-09-08,SOL,26.835916939730282,27.412892372033436,26.833738213089166,27.266985931399404,1209642.903048491
2022-09-09,SOL,27.137150332409515,28.20993246760936,26.972060295920485,27.88360940282591,1298989.7274465233
2022-09-10,SOL,27.86377086371016,28.10006306384653,27.26901412597046,27.741781720933265,1789299.7784592197
2022-09-11,SOL,27.715967766178267,29.2305387195002,27.34069353379707,29.084760702858883,2854387.9228512435
2022-09-12,SOL,28.87082943648454,29.014395960407363,27.796712521289436,27.90214518926917,1477841.8756015843
2022-09-13,SOL,27.915595890532312,28.28757571086753,27.52115125002965,28.1214896241944,1011576.1135419534
2022-09-14,SOL,28.15254815310769,28.4109438403446,27.60873476070544,28.195640811212417,1915458.921362706
2022-09-15,SOL,28.343958008727817,29.62952692542881,28.08484668992474,29.42311383243856,2335362.8006821363
2022-09-16,SOL,29.383371404437803,29.58880348075796,28.771246360814086,29.009588030657333,1613016.5340476607
2022-09-17,SOL,28.93686390355812,29.06170712753324,28.81434360324622,28.952534875830725,1891107.0680398364
2022-09-18,SOL,28.81152661175227,29.070490324032153,28.434028060692054,28.53391271656429,1706780.103557307
2022-09-19,SOL,28.690182382359087,28.92518869001008,28.354157783528297,28.422411481100486,1602903.4477238099
2022-09-20,SOL,28.52765726062585,28.680119102151956,28.270044118873624,28.39785243394336,1440949.2157935686
2022-09-21,SOL,28.495269808262076,28.505170572540013,28.382072969462254,28.430579768415672,1194910.072701131
2022-09-22,SOL,28.2609228593023,28.352288277276156,28.01043892986131,28.106066791715026,1400078.651914562
2022-09-23,SOL,28.11660887986222,29.155439107418953,27.88981625539898,29.13740876873168,3468163.7537752218
2022-09-24,SOL,28.924687813444322,29.002806458514485,28.245381393405978,28.709860308257102,1129558.7457883833
2022-09-25,SOL,28.577924847035664,29.561494128333507,28.25754533765904,29.55614942946351,1542835.917388814
2022-09-26,SOL,29.55370917446934,30.791617584405866,29.210333060924714,30.293966463049365,1226199.047506764
2022-09-27,SOL,30.93494661988038,31.83434106373946,30.67996257800573,31.704771125759518,1364705.6880973363
2022-09-28,SOL,31.848057391841245,32.972501687567835,31.234613235366368,32.33003637239105,1734851.1424912028
2022-09-29,SOL,32.401932137207965,33.24595199055118,32.16234490757857,32.547625020349294,1094964.9838217455
2022-09-30,SOL,32.36647641079972,33.9697035441704,32.0916509889355,33.453300135509224,1435499.701379631
2022-10-01,SOL,33.46710265355604,35.30674198688558,32.82143722115809,34.961394712116125,2202859.643316669
2022-10-02,SOL,34.834578817017444,36.269657677479124,34.7793953083238,35.828641840471164,1933346.597141233
2022-10-03,SOL,35.73630873012531,36.04523800888941,34.95575585388289,35.40348295190368,1103168.226961233
2022-10-04,SOL,35.58025734154085,36.09124491414272,35.27879239480154,35.75826990136048,1502049.9064089048
2022-10-05,SOL,35.75223612542263,36.023103025000545,35.433224073944466,35.640102229889834,1743137.0545656963
2022-10-06,SOL,36.02414585480987,37.629438108032126,35.62575482840561,37.33139799037126,2070675.4974530314
2022-10-07,SOL,37.44571062180296,38.114988070547845,36.650906304836994,38.009944036223196,1374673.684710777
2022-10-08,SOL,38.246000196812325,38.67807256345803,37.044748774915846,37.41739559372839,1869994.601093077
2022-10-09,SOL,37.540499859001805,38.17464575502471,36.91949572602042,37.68444610408792,1977501.2927637447
2022-10-10,SOL,37.89623439044594,38.088194322345615,36.744266865661714,37.10806064637761,1314852.0835517368
2022-10-11,SOL,37.25124580684174,37.63945627545206,36.994254604597344,37.27754080907742,1386365.4603559768
2022-10-12,SOL,37.21974681174419,38.23513310909374,36.94317261861717,37.59331740695342,1652248.1342603576
2022-10-13,SOL,37.735471554732506,39.04960458793671,37.64768321733735,38.358194536768735,1014929.3799368629
2022-10-14,SOL,38.21795405050802,39.50459990208636,37.75417066058253,38.87644254280568,1095203.0587317185
2022-10-15,SOL,38.497919070594634,40.223485918724265,38.04653682207351,39.894539608492735,2723428.234850029
2022-10-16,SOL,39.82801582837864,40.55616538462788,39.56768801601871,40.22905026287938,1378007.5914529664
2022-10-17,SOL,40.31444122525241,41.09265897978049,39.98851113041889,40.92655105332838,1911084.0809447817
2022-10-18,SOL,40.702191608145476,42.46510518313978,40.35740717978471,42.449446104403435,2398593.836748645
2022-10-19,SOL,42.51155710890998,42.650828121737604,41.126401939394846,41.608164690565026,1852009.9803893734
2022-10-20,SOL,41.580096349884734,44.200726213024815,41.3436275921847,43.66684488532418,1933903.1879569208
2022-10-21,SOL,43.970728997587514,45.043709951459306,43.93125329732497,44.60217475010617,1915038.6809352264
2022-10-22,SOL,44.38043923708364,45.65185980954026,43.89438345831847,44.95624393336997,1329867.726336266
2022-10-23,SOL,44.5285071744121,46.631889838494004,44.21902822175043,46.58301065014897,3108360.966456718
2022-10-24,SOL,46.54555203896764,47.44210344768576,45.41677865339914,45.70958330671196,1571233.2206455509
2022-10-25,SOL,45.69678866563,47.202826231226986,45.57217353501007,46.73918724252407,1321515.2413750226
2022-10-26,SOL,47.0039175031549,49.04548300622738,46.68803086147478,48.48613102335206,1898453.0803044317
2022-10-27,SOL,48.47040293281301,49.78900641362104,48.12456237217118,49.66690093489429,1335654.8187238148
2022-10-28,SOL,49.82727700445433,51.95660410578278,49.54995236641998,50.95169139853806,1951385.2913993702
2022-10-29,SOL,50.954961290300915,51.71221308724178,49.31463407450493,49.86269919360295,1581575.7016603502
2022-10-30,SOL,49.85815904073882,51.104575709253396,49.47372750702094,50.7003783910393,1971885.93823484
2022-10-31,SOL,51.14728698543298,52.44888386271012,50.81658993236187,52.12094487239083,1461809.5461477633
2022-11-01,SOL,52.21217038364923,52.59197379519468,51.35016417072279,51.873975310860956,1707596.460870007
2022-11-02,SOL,51.8038880501954,53.94086909687792,51.153914475741864,53.76987790147932,2059498.4355947145
2022-11-03,SOL,53.27656759439276,54.23918299317169,52.63944457176316,53.50910379262439,1122702.9328666963
2022-11-04,SOL,53.45615196934094,54.316687245170876,53.046193137976694,53.7518819275608,1835459.6825820769
2022-11-05,SOL,54.12157354740702,55.38244956041862,53.987525466327746,55.07390044629781,1874892.0592270403
2022-11-06,SOL,55.5023109542272,57.45433138682131,54.931312881649,57.127995559774696,1462032.8657776213
2022-11-07,SOL,57.10218755892963,58.10328383786775,56.92701754683664,57.720458949840086,1882351.4515999395
2022-11-08,SOL,57.76106120133245,58.379395771749465,56.627894322433924,57.03127281600298,1688690.8900058987
2022-11-09,SOL,57.140788637898424,58.193946172374574,56.14238874886412,57.34695777491101,1157061.922715815
2022-11-10,SOL,57.251664939205995,58.90802013061714,56.77739890921564,58.280137476035854,1659257.5521424927
2022-11-11,SOL,58.179755050102756,58.92658469914641,56.164892497737554,56.582219269061696,1993381.3572965856
2022-11-12,SOL,56.32004195405763,56.82296567951358,52.875908950544776,54.296138088165996,1720507.5526836363
2022-11-13,SOL,54.33712250389232,55.128467545579205,53.430043538382115,53.67564211603058,1989438.8937593596
2022-11-14,SOL,53.31886308136105,55.69030884316311,52.99811975164386,55.22847505042135,3294068.100905074
2022-11-15,SOL,55.08190580020062,55.83551636175163,54.53246973099901,55.19976692859017,1218906.24867208
2022-11-16,SOL,54.63636512735067,55.474337255430505,54.39106317894035,55.08625124067288,1938095.0697753332
2022-11-17,SOL,55.279802585998674,56.34936664598462,54.704455283962005,56.08832975375148,1735977.1143362487
2022-11-18,SOL,55.609723645909966,57.30673875670778,54.781248221640894,56.99444120844853,1315014.171707045
2022-11-19,SOL,56.86713896260017,57.75738445532822,54.47799510082169,55.41479375254947,1812499.1645403577
2022-11-20,SOL,55.2712865524716,56.129763245503355,54.31650789118091,55.57330230190498,1807543.3222211038
2022-11-21,SOL,55.05136812679137,55.33493929176992,52.30910192776921,52.86972752888558,1474299.4468731899
2022-11-22,SOL,53.16421868519591,53.69949677792537,52.67028748839694,52.91744980420987,1712789.746921994
2022-11-23,SOL,52.88074108405083,53.04084966707875,52.36439792613135,52.80471584832759,1647582.6318219241
2022-11-24,SOL,52.44086815675309,54.26874425182988,51.97135119050345,53.6949394730862,1425246.3917925651
2022-11-25,SOL,54.20739429309514,55.44081042239154,53.33407583013796,55.07881167340952,1655429.48542734
2022-11-26,SOL,55.127865354022205,57.53414676233714,54.44671493487556,57.144681590953134,2961989.1780227586
2022-11-27,SOL,56.96933619325878,57.449309360412244,56.01999991692718,56.419641473066065,1055166.5813459356
2022-11-28,SOL,55.915001109864136,60.05944925156903,55.70853193200875,58.4592792506715,3133682.7373272753
2022-11-29,SOL,58.278673650621116,58.57205997118404,56.38686486144486,56.74883348607612,1966731.3050677173
2022-11-30,SOL,56.83842277219274,57.00222962681783,55.605649991049155,56.040927077306776,1809070.0600156034
2022-12-01,SOL,55.82113376533064,58.49096299295064,55.14877165689256,57.60066821550411,1128657.7507669318
2022-12-02,SOL,57.454348094332964,57.791540076527745,54.70495432934966,54.92621481725279,1158001.3960689136
2022-12-03,SOL,54.64645491520566,57.60233895275541,54.148079766687076,57.19969697711887,3017778.125977081
2022-12-04,SOL,57.4009785189085,57.71824890744489,55.59542123189517,56.25787544028433,1140460.7894678582
2022-12-05,SOL,55.92727668389151,55.931193262683614,54.2674465266494,54.954533099869565,1502692.7016848766
2022-12-06,SOL,55.17600461185568,55.7938779770525,54.826562162900885,55.7544994597548,1633556.704622072
2022-12-07,SOL,55.439905658642,55.985250648459186,55.26595815014801,55.40024955089033,1254354.5186008536
2022-12-08,SOL,55.73056536120843,58.086200065798145,55.671863414625264,57.0903727131638,1816586.3609061495
2022-12-09,SOL,56.680129729878786,58.01084902260661,55.93249776198669,57.48525021826633,1861584.7437316934
2022-12-10,SOL,57.87788857119426,58.336046779476824,57.08972059991802,57.59144967649829,1111291.1483497089
2022-12-11,SOL,58.17743725484889,59.485826534252546,57.77522409508374,58.92228487130189,1162343.632016949
2022-12-12,SOL,58.904359367294106,60.401705629533105,58.746493988809526,59.71738366864404,1871994.548167668
2022-12-13,SOL,59.55580304373344,60.1605092376828,59.34909137313006,59.41638574248299,1041746.7855708735
2022-12-14,SOL,59.31110920321769,60.48013419079707,58.697080203515114,60.36757989267081,1555317.814039552
2022-12-15,SOL,60.31068087467479,61.120147729713345,59.44917236177263,59.697267620207406,1098474.6573407657
2022-12-16,SOL,59.693466667589405,59.71157053238001,57.88297229363196,58.60465159044631,1753706.510120381
2022-12-17,SOL,58.85072599693606,60.382530963365014,58.40267688278293,59.3570186911682,1185650.7264336625
2022-12-18,SOL,59.18599016637687,60.183531667132094,57.46291534777384,58.1780704602694,1112067.4316067442
2022-12-19,SOL,58.58379339207818,60.50044083313104,58.079619828881484,59.82943933797387,1749100.6337686966
2022-12-20,SOL,59.926918992738884,60.692542352084175,59.38125663168087,60.079469488103655,1730850.843057239
2022-12-21,SOL,60.04743487337537,60.67135386872991,59.43133028464751,60.065010072279534,1407087.2966361265
2022-12-22,SOL,60.276624803624095,60.887045043085976,59.239484081190916,59.64785695869574,1632321.0624083001
2022-12-23,SOL,60.056902921469835,61.921674556034965,59.371970291875435,61.20360246544283,1989020.8061143123
2022-12-24,SOL,61.60362014361429,61.77855546365189,60.79093260107476,61.201938745659284,1549171.594422543
2022-12-25,SOL,61.56627798867393,63.39475208617975,61.38500353456913,63.03067370169506,1384941.2158049836
2022-12-26,SOL,62.907003667378014,63.020184851849564,62.439420035117394,62.8922578722751,1917993.334952647
2022-12-27,SOL,62.61780040919749,62.80609979100332,61.717066436544485,62.56255444350743,1380124.249812206
2022-12-28,SOL,63.01485062723212,67.68705846737663,62.39877533543514,67.29421904497259,2074808.148086492
2022-12-29,SOL,67.37849164961615,71.73773453819784,66.43816135301587,70.75207289255034,3500691.282071291
2022-12-30,SOL,70.18782360585757,70.68346917963214,68.96901720710949,70.11239879123477,1806829.1974781197
2022-12-31,SOL,70.40436901985495,70.5537083045294,69.50437976768414,70.38913632470384,1889717.0988570603
2023-01-01,SOL,70.20884077138783,70.80372070717934,68.25473702269974,68.67918290167422,1107275.6977799146
2023-01-02,SOL,68.7112096611054,70.8053307489227,68.27430249628833,70.58727298596064,1553764.1565266363
2023-01-03,SOL,70.85647247518855,71.18951373679113,70.40203396499848,70.92359970094562,1499208.089511903
2023-01-04,SOL,70.67939689402506,72.61828331549503,70.16824855758304,71.97629338763608,1490595.4966344174
2023-01-05,SOL,72.07167613288094,73.59074907713212,71.09434040216033,72.77392210584225,1159017.346245995
2023-01-06,SOL,72.62569206126956,74.19295289501021,71.84066431815461,73.58741600389388,1369103.287433141
2023-01-07,SOL,73.04509217432246,74.20891594282573,72.70123617481785,73.07425197928664,1643972.9544219642
2023-01-08,SOL,73.44277172404063,73.87423355112368,69.15329373764355,69.84122874277807,1224295.9917900378
2023-01-09,SOL,69.70291691095366,70.57892424403806,68.35077427790874,69.41712419056289,1682384.637691233
2023-01-10,SOL,69.54664084779817,69.6846455577832,65.79156096363882,66.60549647115361,1038728.0340030196
2023-01-11,SOL,67.17165975462993,67.44855346243071,62.40922960187388,62.844289367878986,1623230.806666108
2023-01-12,SOL,62.78154338007189,64.1132746266739,61.92361607033589,64.07285670311491,1850740.8959769811
2023-01-13,SOL,64.63765044921033,65.11011397229107,63.658898307943936,64.52690676912866,1802976.8758972255
2023-01-14,SOL,65.17901633211376,65.37542062393321,61.73067259305765,62.3457455023517,1129056.7154562483
2023-01-15,SOL,62.4011815919095,63.45656805401549,61.54018251542422,61.59144394699193,1485917.0932953237
2023-01-16,SOL,61.80658420327849,62.12297510418931,56.65308877456001,57.32922623418914,1137477.9480299128
2023-01-17,SOL,57.02725266508036,58.8535120475154,56.591968173118495,58.82042815000464,1835834.518231993
2023-01-18,SOL,58.67293132856354,58.77646660884654,57.8109779880273,57.860509218778525,1475437.0336927949
2023-01-19,SOL,58.081061567269344,58.694385015992964,55.048024401914745,55.735077134404364,1680177.8861425095
2023-01-20,SOL,55.72819265651122,56.252059690414406,55.5103115845535,55.9509029049037,1037608.6627424957
2023-01-21,SOL,56.19403833901414,56.798311645363995,55.828500126864895,56.35509414179228,1373422.0735436743
2023-01-22,SOL,55.965903744400286,57.109938035754006,53.31223429689035,53.78258033605178,1191236.4338024224
2023-01-23,SOL,53.622435186687724,53.69451597623568,51.10260128745817,51.45333392537669,1382873.9397728923
2023-01-24,SOL,51.90998828663266,52.70720014981079,51.41331233739822,51.59859076056284,1657977.8488862375
2023-01-25,SOL,51.536508148316294,52.0818493188078,51.29164944600358,52.02882627184674,1652638.5388125426
2023-01-26,SOL,52.03166825774766,53.6833067221701,51.7232265810943,53.11794491788862,1393778.1007956222
2023-01-27,SOL,53.0794121613161,54.11115701066356,52.69809360879828,54.046038761508804,1849855.341074741
2023-01-28,SOL,54.23681523882088,54.63307456057291,50.73622212253586,50.94693047325705,1615027.4683096488
2023-01-29,SOL,51.0416769915035,51.407666984164166,49.97390182296702,50.434962018862116,1299009.4137727204
2023-01-30,SOL,49.765464767043554,51.640416303753646,49.175640493596916,51.12097404130657,1353235.0423514633
2023-01-31,SOL,51.1728518319326,51.69608749173944,49.69773178342651,50.01073842271466,1539364.9339788293
2023-02-01,SOL,50.43938081195219,51.15654993135415,49.060172394667376,49.70095257879908,1847858.4675730404
2023-02-02,SOL,49.72151762817905,51.01136204494144,49.06680359561179,50.04766619011398,1670713.7813451078
2023-02-03,SOL,50.69129192900152,51.31142612339993,49.616242139774926,50.32711526921682,1729926.8036294996
2023-02-04,SOL,50.26104010862394,50.897392899948265,48.89913273884079,49.389692044743,1945673.1706865763
2023-02-05,SOL,49.241083596135724,50.43659404405305,48.69428876810024,49.58701016945677,1198276.3848778848
2023-02-06,SOL,49.16871519629445,51.3801494250862,49.14344891905168,50.81725382367265,1778547.9606836976
2023-02-07,SOL,50.55783103625195,51.10040973773323,50.14264591562851,50.65304904645221,1694538.996643936
2023-02-08,SOL,50.95046467239902,51.48321436480952,46.8064866021438,46.97770806977658,1706933.759343063
2023-02-09,SOL,46.77828731047028,47.39933991481037,44.49268713077246,44.90493938364442,1257491.4282791575
2023-02-10,SOL,44.33055418536885,44.4195169102704,43.03337327098327,43.15920260402725,1636094.4800125696
2023-02-11,SOL,43.316989860507114,43.383159692997275,43.10512163819725,43.3725238609307,1419242.3767545645
2023-02-12,SOL,43.151721040267574,43.47767426613229,41.871037542482114,42.37069438167044,1413885.8010606351
2023-02-13,SOL,42.31176760713845,42.72235709453317,41.05868303118239,41.42004396103622,1731331.6608852122
2023-02-14,SOL,41.90081251839034,42.26486729061342,39.64289420703281,40.04774536481138,1690530.3100784256
2023-02-15,SOL,40.3548612931168,40.58748486280693,38.41634286141991,38.58334187604957,1660823.9221502745
2023-02-16,SOL,38.39565998101503,38.85508534808135,37.03259442285617,37.6289145579008,1569065.5146592068
2023-02-17,SOL,37.66844512879543,38.05255573280798,37.29495039255344,37.801623761368106,1524582.7937095822
2023-02-18,SOL,37.917711748665084,38.26052980406498,36.85418917103461,36.88434951909715,1067013.0247440687
2023-02-19,SOL,36.48775930458604,36.65675680311162,33.750787267799026,33.75160545121246,1232573.0597128747
2023-02-20,SOL,33.92886564576884,34.24589854856781,33.299278018465294,33.70150775565405,1254731.403554028
2023-02-21,SOL,33.699143943314894,34.0105733430492,31.55586222755639,31.797195423817946,1766600.6782679346
2023-02-22,SOL,31.68273148820409,32.344309806854525,30.64677797484421,30.938448248747868,1134630.2248253722
2023-02-23,SOL,31.096478654247054,31.505896224156718,30.66652695129189,30.74471858692783,1915605.5598369548
2023-02-24,SOL,30.455630918368602,31.204139280513232,30.172538726591515,30.987461151002307,1234919.800940585
2023-02-25,SOL,31.058760074321214,31.44659985014571,30.58757459510223,30.967917041471097,1050270.8313586107
2023-02-26,SOL,31.31870845855089,31.612189205487272,30.091514747758165,30.548340794338973,1850893.5545211108
2023-02-27,SOL,30.57720262901626,31.711458351980447,30.312125843656872,31.47328793649022,1890641.5115480612
2023-02-28,SOL,31.389472871004624,31.911799131913405,30.921745924045275,31.15293221410604,1635065.9197140373
2023-03-01,SOL,31.198241118939247,31.396810348352606,30.864136861815084,30.907649248640226,1181305.9434251038
2023-03-02,SOL,30.959124287521398,31.8373942839417,30.547512905660913,31.614931989560503,1868036.94368149
2023-03-03,SOL,31.576902126535874,31.76579903611638,30.831533098707602,30.875459878861612,1567935.809978846
2023-03-04,SOL,30.81488952656024,31.567777101393432,30.5797873665242,31.3233544945404,1301021.6508771824
2023-03-05,SOL,31.512766840748643,31.703287212331404,30.64488400544796,30.917777869588786,1691027.0007783289
2023-03-06,SOL,30.965265695816637,31.436568281951658,30.70405254231149,31.191465095940785,1328789.2092580593
2023-03-07,SOL,30.908807467948236,31.236625286740523,30.56480582759163,31.037181411727563,1750222.3185651929
2023-03-08,SOL,30.98100944305405,31.05582530913952,30.497295705129517,30.870534323980237,1693224.9606814226
2023-03-09,SOL,31.199715016879882,31.316560400194692,31.09562277444431,31.29531930535637,1948113.2214647837
2023-03-10,SOL,31.03962843931257,31.27522481282825,29.85705460430368,30.244707695281335,1373699.2459094995
2023-03-11,SOL,30.01785842269202,30.28130211758788,29.428960856096342,30.079733931188702,1516832.37977652
2023-03-12,SOL,30.044945007450398,31.077844460353518,29.912063949118373,30.816553730012913,1991680.6378491567
2023-03-13,SOL,30.851927260859455,30.944503351922688,29.02247284933006,29.388835295458456,1176572.3723224709
2023-03-14,SOL,29.522863112602717,29.78390249983455,28.52993991327995,28.704063618035693,1197761.0192223862
2023-03-15,SOL,28.55090717019931,28.83293976552812,27.52818671846331,27.75942435483595,1442571.2570138245
2023-03-16,SOL,27.515792179332315,27.931233966370105,27.135796083982566,27.802075212598556,1397000.7065742025
2023-03-17,SOL,27.804234792290934,28.107212101643253,27.274607489044726,27.810951748372943,1191963.5722635118
2023-03-18,SOL,28.018880984453418,28.191779103080588,27.482391629721842,27.54207214898071,1309168.7623288252
2023-03-19,SOL,27.564462911934054,27.856848468720653,27.114077866080788,27.23178795251176,1291715.7982719436
2023-03-20,SOL,27.41551144737463,27.74821377710706,27.01491761722123,27.3593322203916,1105214.6662817565
2023-03-21,SOL,27.546395018522773,27.798623007930654,27.24058145333105,27.587448586012222,1871772.838651902
2023-03-22,SOL,27.649810204147922,28.285017634563683,27.354974597961277,28.048093689583045,1295798.1961521506
2023-03-23,SOL,28.141156177389632,28.384927103136864,26.49785910416474,26.870710087491506,1900491.49142345
2023-03-24,SOL,26.739585686201295,27.046536765275633,25.550966498641678,26.006832074796883,1930556.1453096604
2023-03-25,SOL,26.3105642343305,26.420785376343623,25.806271941928042,26.147841170744876,1025694.7359446092
2023-03-26,SOL,26.264132679463007,26.586787553244815,25.577462895847635,26.04471513005337,1950977.994736372
2023-03-27,SOL,26.300161413881533,26.470919095582023,25.175239016472396,25.565246795009735,1194491.8333073393
2023-03-28,SOL,25.465523258918367,25.881847832279252,25.358075090618648,25.881702433806375,1523695.8745727928
2023-03-29,SOL,25.897209328608696,25.929265548411543,24.40078244222268,24.64860943421806,1298972.2550119811
2023-03-30,SOL,24.73464777149833,25.189291517678033,24.541778965807918,24.77099163633398,1018278.7901515003
2023-03-31,SOL,24.95264722759694,25.27863518049416,24.754537899065852,25.053553307283785,1903290.0141087438
2023-04-01,SOL,25.171407354899873,26.47559301786083,24.966982766155358,25.98507266921387,1953245.1210367342
2023-04-02,SOL,26.134469707838925,26.258427610314566,25.22095836805386,25.241434614787348,1716441.976027263
2023-04-03,SOL,25.117245388284495,25.437649884705493,25.053699214319565,25.15424751617479,1961168.3103770567
2023-04-04,SOL,25.34185542159351,25.73473627834666,24.679558276978057,24.741932901661695,1697342.2724273
2023-04-05,SOL,24.810392616534568,24.966451410399916,24.423076264713874,24.832662620386742,1032683.5634469469
2023-04-06,SOL,24.769158597400814,25.033775357943558,24.09529496673277,24.407223725671386,1548513.1075916283
2023-04-07,SOL,24.059629056752282,24.284382828937275,23.32357504034942,23.58527369585767,1857651.1083899704
2023-04-08,SOL,23.415502886136196,23.610271179334916,21.988422562645532,22.130541380818258,1362108.7297644902
2023-04-09,SOL,22.273056227340906,22.41470891026386,21.810428726677383,22.22595193202683,1895859.318010359
2023-04-10,SOL,22.732916148790615,23.782224372164723,22.554631951100454,23.436440102473405,1874218.9267686051
2023-04-11,SOL,23.36017673072915,24.176325149320352,23.025138129415488,24.092276929722747,1766769.2678668646
2023-04-12,SOL,24.231135025519126,24.52102711413095,23.44705629541317,23.69699359446047,1795528.0400192363
2023-04-13,SOL,23.903504640430732,23.91457410912384,23.11768922517934,23.40754186358306,1285453.0607162667
2023-04-14,SOL,23.515698124776783,24.319661289808458,23.224594751003274,24.106966589737503,1463336.4056763377
2023-04-15,SOL,24.114349053077696,24.28077031573049,22.602720128318737,22.692280201342744,1440856.2734107936
2023-04-16,SOL,22.650166673568688,22.79887079383712,21.92240202187241,22.26742013086718,1939494.8220364302
2023-04-17,SOL,22.21305805190595,22.645722578608478,21.615054920290135,21.771615456093727,1222739.3922680207
2023-04-18,SOL,21.796736606231427,21.99983310093353,21.4534773556891,21.572182263446212,1826482.9313669456
2023-04-19,SOL,21.352783733240173,21.457166409888277,20.886459118382184,21.044906837754617,1036051.9513922917
2023-04-20,SOL,21.033431090800594,21.060217566078954,20.68022330365274,20.846300354082423,1140341.388724324
2023-04-21,SOL,20.906601723933335,21.1439032728032,19.95638893415581,20.19313679062697,1610469.3367766968
2023-04-22,SOL,20.25488736216063,20.519555440699445,19.83851478035535,20.284902553786072,1897404.1865081075
2023-04-23,SOL,20.387159261266813,20.9551173015143,20.190157663880377,20.794457890121546,1251325.3627676258
2023-04-24,SOL,20.774384082225954,21.060103521745386,20.450879608479863,20.614576566807724,1347785.7832419525
2023-04-25,SOL,20.59326339105524,21.049393156946874,20.322723489336635,20.766456542317453,1313236.1159345414
2023-04-26,SOL,20.91595827654729,21.227792852463512,20.38164459511047,20.533628230429258,1043876.0231032731
2023-04-27,SOL,20.706270780500535,20.852476881608656,19.718018916499886,19.911724383967375,1249650.8960067548
2023-04-28,SOL,20.021569694797588,20.12733183363214,19.693017198593903,20.00875273560188,1719143.8305812958
2023-04-29,SOL,20.02741146179209,20.511330547456488,20.023880902278275,20.220827938697745,1788427.1683376199
2023-04-30,SOL,20.38811471934586,21.011435916239996,20.134962312327207,20.659989021257598,1221380.3441116698
2023-05-01,SOL,20.45830847240359,20.924265609960326,20.24054309591326,20.914958854048177,1944633.3080089786
2023-05-02,SOL,20.80224987058556,21.425421592084856,20.680080819497825,21.32322830084218,1683432.1271431735
2023-05-03,SOL,21.43274264682807,21.989118082379736,21.215850231988952,21.7441022419301,1667757.9035231052
2023-05-04,SOL,21.783902055657226,22.082710805393617,21.22600066504738,21.39053672078952,1539443.4763401765
2023-05-05,SOL,21.395547954938213,21.804325427858405,20.816950285949098,20.998844977372304,1891914.4151681466
2023-05-06,SOL,21.262620897182767,21.71083010431765,20.79922168416228,20.853713699394884,1177917.4379687125
2023-05-07,SOL,20.8970194028973,21.32703268452032,20.62193751261658,20.97303945926425,1050698.833571519
2023-05-08,SOL,20.998975616897702,21.182718475842734,20.324887719347995,20.477882992921913,1720676.5820483053
2023-05-09,SOL,20.451051936560457,20.847854394551987,20.171281863668657,20.82920387631187,1305393.6901351826
2023-05-10,SOL,20.48471871987522,21.647529165941183,20.186598014738188,21.429806466509998,2063026.6571189517
2023-05-11,SOL,21.384236258293946,21.780336365513843,20.697113077305808,20.855751346927814,1992210.0809775724
2023-05-12,SOL,20.63875531052079,21.023039191877658,20.35030489716126,20.971880354536886,1113124.4811468602
2023-05-13,SOL,21.20339153210811,21.472081780192656,20.3169515452217,20.49344958477139,1494742.2332782398
2023-05-14,SOL,20.589671792179086,20.695089039887858,19.846558915745668,19.983247947768845,1879914.4356905515
2023-05-15,SOL,20.04727712199341,20.168879070450135,19.121573207767785,19.213597696691174,1515062.2510069862
2023-05-16,SOL,19.10854295700638,19.284986582947855,18.21360645727026,18.40698047017876,1813172.6462519534
2023-05-17,SOL,18.234339786369333,18.421177664547237,17.868110312918358,17.972716334934663,1877924.921572053
2023-05-18,SOL,17.772746859937186,17.813280398889066,17.000959202418,17.09580432146388,1056881.9219389434
2023-05-19,SOL,17.20806866125503,17.59733333770228,17.12703955161737,17.49118949242338,1072030.1873786196
2023-05-20,SOL,17.464615289685533,17.819474869621118,17.348337341868124,17.602148492514374,1705992.1058577928
2023-05-21,SOL,17.559346162750142,17.680352049595985,17.09262665330026,17.305021534768105,1533051.0011901478
2023-05-22,SOL,17.433116196378972,17.579493764638205,17.15679370017568,17.356078475518167,1696765.8791885583
2023-05-23,SOL,17.60913973082306,17.69941298877881,17.356542276292227,17.552922834451866,1718133.1209231953
2023-05-24,SOL,17.49406312087234,18.01294527128773,17.41469854274795,17.86222711871567,1994083.2850218872
2023-05-25,SOL,17.8900689115689,18.18531782439508,17.718853820232454,17.882516995320508,1624611.5360046586
2023-05-26,SOL,17.99057585486334,18.06634703533373,17.71226729230166,17.919761382887692,1189419.50573711
2023-05-27,SOL,17.875756602030147,18.254798841978594,17.091778280438323,17.277495647922514,1259407.6290838108
2023-05-28,SOL,17.288753885873707,17.39527753475841,16.953869879490043,17.030126286324514,1581265.9828139415
2023-05-29,SOL,17.09670209789244,17.498700748538948,16.441683507787918,16.714312769501316,1425653.5302858842
2023-05-30,SOL,16.883915975213156,16.9864914297707,16.243101756748366,16.532527114824,1424147.5791084154
2023-05-31,SOL,16.619248491188948,17.213372362760285,16.41495482936754,17.072709236870626,1989829.7565574315
2023-06-01,SOL,17.028098243832464,17.739565612619945,16.993410592753158,17.52646062196782,1302762.71686034
2023-06-02,SOL,17.627289332637524,18.31610382842219,17.33093829598588,18.08717067738371,1594879.9982567916
2023-06-03,SOL,18.271775666806096,18.777127838727683,18.12839806153434,18.48649892306278,1969926.0596080155
2023-06-04,SOL,18.492966926276146,18.558853289605146,18.295136408228046,18.481718327398404,1917512.2974273348
2023-06-05,SOL,18.441986410258714,18.6647516940362,17.126540906265024,17.35549836094415,1014272.5260595924
2023-06-06,SOL,17.407569151866472,18.371112319115614,17.238220616339508,18.13244010118701,2581828.7068828037
2023-06-07,SOL,18.094346278116078,18.805728066670788,17.92759235257705,18.46734383291347,1696465.3961911146
2023-06-08,SOL,18.66180962564444,19.795029232603863,18.657809460658488,19.438690877996812,3282701.451249983
2023-06-09,SOL,19.38628438412711,19.679698790077552,18.496684900785404,18.760211782982562,1354502.4616874377
2023-06-10,SOL,18.843931526632677,19.1936032355574,18.478956833142682,18.730823847755307,1764347.368467134
2023-06-11,SOL,18.738697957055212,19.718506437250248,18.553140780889034,19.399336965565976,2100651.464345031
2023-06-12,SOL,19.37449438723772,19.98011647544187,19.21122722125323,19.893154160796612,1904006.2199605936
2023-06-13,SOL,19.89844001338377,20.649073289937434,19.55646622277052,20.434351513258992,1371803.014966249
2023-06-14,SOL,20.35092093088036,21.047618238139506,20.088040287002432,20.764210417284804,1086194.2837104688
2023-06-15,SOL,20.888122784798938,21.495004024608058,20.732727646522736,21.38199083829231,1179717.2523522126
2023-06-16,SOL,21.36324334593558,21.36570007560327,20.717577541067595,20.923865804229287,1140946.77859842
2023-06-17,SOL,20.927260858443706,21.5013852163517,20.895405505869036,21.254692254377638,1153396.4253978715
2023-06-18,SOL,21.350423262353452,21.65948006446925,21.13168727385969,21.272070185124875,1714275.4549186572
2023-06-19,SOL,21.29114159763637,21.794150001989422,20.948883272765343,21.571068160282433,1446862.9040697927
2021-01-01,BNB,247.9934011603751,256.95728826328804,246.5779810191931,256.5656620766716,1960172.732608448
2021-01-02,BNB,256.11882937113376,260.33076539634993,253.39061855239342,258.7053048181187,1611974.7225887803
2021-01-03,BNB,258.6833757366847,262.53558767647644,253.32669061259037,256.31968609256967,1624812.0991200213
2021-01-04,BNB,257.28694729274616,258.01515875023046,250.86273238238297,251.67263236183487,1707858.9737958305
2021-01-05,BNB,252.1443852485415,254.71196238912339,247.1908231864538,249.17147070239434,1205753.269993899
2021-01-06,BNB,251.0411180400619,256.2053274722204,249.18027913098948,254.420719741731,1514413.870030082
2021-01-07,BNB,253.36732409469494,257.8381763740639,241.92597526707044,245.01540261111296,1270194.8010067309
2021-01-08,BNB,245.5173027215902,248.84524688647352,242.5592383723555,243.3362634439906,1812561.898184413
2021-01-09,BNB,243.27075735219847,244.97959415470123,238.03017863788568,240.4773798281782,1098728.3407437839
2021-01-10,BNB,240.47183072919202,242.40271573061145,238.08235933887815,240.5610496700558,1764316.460902603
2021-01-11,BNB,240.53935210755841,242.5343036150646,235.89632180722154,242.11651675961772,1250883.711302775
2021-01-12,BNB,246.1056271104103,249.60540388613882,237.79243877627508,239.3861538768422,1670465.1976809877
2021-01-13,BNB,238.09344253595344,243.08764045170378,235.9342527313797,239.54090796804607,1692517.5385769187
2021-01-14,BNB,239.19649093106202,246.35035284568448,236.42180006888984,245.363284377904,1607096.6185504454
2021-01-15,BNB,245.81690131097847,261.78246545130924,243.6925957933659,259.0755827362016,1810959.4956854018
2021-01-16,BNB,259.87922281292396,262.60346148188944,257.9360324438695,258.1999920933647,1545906.40516474
2021-01-17,BNB,257.8153873165558,264.7337531647671,254.29902447203915,261.8628361626422,1451351.0819451164
2021-01-18,BNB,265.2165939465128,272.06948387700396,263.9230640894768,269.6354732859406,1226443.7030787491
2021-01-19,BNB,271.2224594142668,272.0724684362614,268.8604995247594,269.3622939980413,1949885.724824419
2021-01-20,BNB,269.88232189508403,273.7589096955537,265.17523604997984,273.27420151839056,1457265.9536419616
2021-01-21,BNB,270.2493710576093,271.1514727653363,264.5223146377545,267.2442378434923,1776084.6421421517
2021-01-22,BNB,263.35450985895267,265.2175533862292,244.2715825753197,249.58177531619984,1486492.9591135453
2021-01-23,BNB,248.00788450080563,253.89877909497415,246.7245020144739,253.42531891815574,1080563.3885346868
2021-01-24,BNB,255.15132438210455,257.8641257317737,251.51550475122286,253.0576038371403,1779808.0626804573
2021-01-25,BNB,253.79927943413534,258.14362180129854,251.06041904662322,258.07622735826646,1522733.2329877883
2021-01-26,BNB,256.14701157076246,262.04131171531077,252.80527800555555,261.10740890614306,1389036.8424046205
2021-01-27,BNB,260.1503442235751,266.01168323767973,256.9259868579278,263.1445783771794,1250448.4823812796
2021-01-28,BNB,260.90560335307083,266.04776273188634,257.1963806757716,263.62667305223204,1894721.9098353689
2021-01-29,BNB,263.3534901814579,269.8322908456539,261.141102688187,266.9091207078559,1998655.716414803
2021-01-30,BNB,270.5018983207951,275.36686210498794,259.4632197235536,262.2149655864544,1924432.0815231046
2021-01-31,BNB,260.36055154062404,265.9192806545313,257.2230373730977,262.90521192832426,1943012.8675779933
2021-02-01,BNB,262.0762719966226,265.2079355399337,258.2165483571227,264.04581634657274,1303262.9816612236
2021-02-02,BNB,267.15480983532984,273.19594223542055,263.53411554756843,269.02514601955914,1405724.1881492105
2021-02-03,BNB,269.63293372161604,271.9854014702497,254.8481037014915,254.9435878299571,1016475.5955019704
2021-02-04,BNB,252.42208478169806,258.71201229404534,250.14665276339716,255.3187621512872,1730498.9033952844
2021-02-05,BNB,253.9237292658072,260.84819205432984,251.98776423953694,258.01753127508846,1259843.2389770786
2021-02-06,BNB,255.53077065995143,261.6976897302836,251.59623398916654,259.02882201530326,1438250.5677983747
2021-02-07,BNB,257.4661388855174,258.6843575176489,251.3286090819879,255.59390360723538,1695802.5021585631
2021-02-08,BNB,257.4469234057131,259.62323636314454,245.6985923516029,249.40863605964668,1187669.9708562728
2021-02-09,BNB,250.70399789323204,254.06526582034834,242.83964090515974,245.6095792433817,1351626.2953412822
2021-02-10,BNB,247.16045124225948,251.71551749946238,241.46242719789467,242.25179578402097,1295695.659777197
2021-02-11,BNB,242.71848234331634,246.97334275875141,241.88536835392395,242.93562864250498,1738740.1063874604
2021-02-12,BNB,242.12808790180867,248.22932186228462,239.48344017171826,245.71200708852146,1399415.934160186
2021-02-13,BNB,245.093932672009,246.7397683123187,241.39267709042704,243.77802867179346,1214240.480108901
2021-02-14,BNB,243.07919058972197,246.46613204979568,231.39052300906422,233.12677680242925,1232351.9618278525
2021-02-15,BNB,233.4673165953155,237.5269365452827,231.35318322638025,235.33877559703754,1115246.6834949313
2021-02-16,BNB,234.98313397046104,238.4526929486437,225.6814059030446,227.00064513082137,1086914.0050619154
2021-02-17,BNB,228.67924713180983,236.81458662567954,226.85826012292748,232.42102374287697,1234604.5857994724
2021-02-18,BNB,233.65558818355484,234.7147399377847,225.95306978841148,228.38685263069297,1154610.2240167393
2021-02-19,BNB,228.85232045269078,244.80212214693938,227.28348673113194,238.74192639260764,2484137.6436598343
2021-02-20,BNB,237.84157428837347,240.05905735035134,232.2865907237657,234.45064261143696,1333088.4887482466
2021-02-21,BNB,232.8047845650965,235.33659538245342,229.38238972718864,233.07583481962666,1540721.975254982
2021-02-22,BNB,234.5106708575619,238.27332817686488,232.95052971559704,234.77513860640616,1990233.5577002862
2021-02-23,BNB,234.04662768002157,238.03355088329656,230.3979104966468,231.61252579354016,1443074.6030738736
2021-02-24,BNB,233.50072723006312,237.45101487722488,230.1907968975707,234.76404386735504,1151232.9535284915
2021-02-25,BNB,236.6664704017165,237.40649160845868,220.18358576934813,221.40972324298508,1618394.8881788035
2021-02-26,BNB,219.91975038475485,221.69921104136537,211.16710652514914,213.81244275671048,1606372.0825225546
2021-02-27,BNB,212.69519629293308,221.44624728312803,210.71564391197865,220.5649322496374,2857389.88294078
2021-02-28,BNB,221.01366458741873,228.00978185706234,220.17378033962603,225.24575033587124,1091027.780031122
2021-03-01,BNB,226.71619024993404,227.3932924770551,226.4648196937399,226.65971332036787,1107339.234863568
2021-03-02,BNB,227.79286501625464,232.39431736961484,226.00761232689408,230.2324784706577,1380390.1886443736
2021-03-03,BNB,228.83283601392554,231.11919114514802,222.83750566735472,225.2554671869996,1760955.307608799
2021-03-04,BNB,225.14783165783734,226.24219725263404,215.777832441953,216.04833437289855,1401790.4624869262
2021-03-05,BNB,218.22410655220742,222.20253218368887,205.3349326035733,208.03348876389862,1460943.894092789
2021-03-06,BNB,207.83927846764087,210.70344936049972,200.45705513398553,201.97233438586557,1320494.8092193112
2021-03-07,BNB,202.9053629327065,212.97221143355378,201.36536005070752,210.8787687520659,2066442.507804962
2021-03-08,BNB,211.1747815673442,211.73502302332702,206.8806821579527,208.78992162890538,1720004.103652923
2021-03-09,BNB,208.72566480498082,210.23678132921117,189.61188536554704,192.1326631132114,1265841.616003382
2021-03-10,BNB,191.35544062073015,194.02507379911836,182.72066502287936,185.1474512764387,1966385.660520802
2021-03-11,BNB,184.06445671258064,189.32616969947105,183.2156906096383,186.80469998523142,1496584.265088147
2021-03-12,BNB,186.09494702532388,186.67227379760538,182.09692891032063,183.14700253038194,1297946.2445317258
2021-03-13,BNB,183.15855578873118,184.4685448488782,177.13500100746597,178.3969411822725,1446729.6864177487
2021-03-14,BNB,178.85385086769264,185.5333785274303,176.2902923138224,182.22228795342022,1018085.4269892707
2021-03-15,BNB,181.3588494680123,183.92300932459193,179.3858092919798,180.78477542994023,1144566.9035546344
2021-03-16,BNB,180.07587743599154,182.1719189010704,175.87653297535394,176.5372319579236,1267421.1195888405
2021-03-17,BNB,176.1299851170264,177.674431433293,169.72045780267297,171.61855756396145,1237704.4317925728
2021-03-18,BNB,172.21298793566288,172.78771278562755,168.84849592880957,170.85600843413377,1594556.7642994039
2021-03-19,BNB,170.3655005217762,171.0278458031807,161.5411916695839,162.40257991334866,1854518.3707415943
2021-03-20,BNB,163.00900339677665,166.9071365099835,161.40610580901156,163.29435692265224,1880027.5953246423
2021-03-21,BNB,164.32702654033778,164.9566376799661,155.19975032068908,155.91882676322774,1901362.848524268
2021-03-22,BNB,156.5786979596362,157.1967639627737,150.95997047851938,153.30758606608612,1468161.3750075274
2021-03-23,BNB,153.46177685600355,153.65100285873555,148.71779343710466,151.21983514188432,1419071.6195698236
2021-03-24,BNB,149.3623955262394,152.61811040264843,148.48439643919042,149.91959325586768,1496831.4601912152
2021-03-25,BNB,151.95177253705924,153.8286751361892,147.29523777061755,147.47856101868103,1055903.121208428
2021-03-26,BNB,146.39140170366113,148.2258861298376,139.66935923208933,141.4133742615237,1454628.530965589
2021-03-27,BNB,141.81740270160194,143.63684114343638,138.29232226675168,140.18684341245418,1013272.4478374837
2021-03-28,BNB,139.3450169927301,140.4850658753805,136.97739477898088,138.7453273415967,1316252.7601843292
2021-03-29,BNB,137.97800172919,138.03254787154216,130.34046386517923,131.9726422151281,1572810.6303670353
2021-03-30,BNB,130.78705429546534,132.4884955656095,129.7542813125265,131.2903481008746,1351263.2618459568
2021-03-31,BNB,132.27554539899913,137.5970091742785,129.79835333845628,135.4293931190093,1342858.4413161331
2021-04-01,BNB,136.45652242377264,139.4959056343089,134.63270637132283,137.9431440142976,1438858.9997358578
2021-04-02,BNB,137.1990394470566,137.6804662156513,132.6857214104215,132.87223124050976,1967315.003574393
2021-04-03,BNB,132.2934679179126,132.75083949117487,127.08887470884228,128.25710185721266,1833863.400156854
2021-04-04,BNB,127.91513084510275,129.56461241019812,121.48455505452613,121.72761585016188,1886797.1039544123
2021-04-05,BNB,122.05013127818944,123.78424627054291,115.53990569545003,116.14126109781012,1820853.840776504
2021-04-06,BNB,116.5447706964511,118.12506792886175,114.45069725437016,114.90271422332597,1961960.9539842797
2021-04-07,BNB,114.59376965033618,116.68675854511994,109.65761002806339,111.48583891621381,1252827.0691118059
2021-04-08,BNB,112.19230574213124,113.49440932455471,111.9002703798165,112.65878829177673,1047690.0200301849
2021-04-09,BNB,111.66487747306579,111.98228024010035,109.09789922821291,111.2191247298233,1494749.5288017928
2021-04-10,BNB,110.92949130972175,111.53479376261267,107.95178818869564,109.80341347689458,1684042.6769072954
2021-04-11,BNB,108.8369971273471,111.08194464140949,105.21518457135343,106.35277516743335,1041642.0745927844
2021-04-12,BNB,106.89398378712698,107.5681852561259,104.84151876579777,105.7940646135231,1428455.155727995
2021-04-13,BNB,106.23589470429602,107.3527819459827,105.06366530400713,106.56900858280316,1802966.072039527
2021-04-14,BNB,106.65077220207651,108.68246303269986,106.02970957643906,107.2048266089406,1945722.209905619
2021-04-15,BNB,107.93263420462962,108.25385743308647,104.71117564365322,105.56977769501907,1989520.8057395483
2021-04-16,BNB,106.22282133325898,106.58863685164782,100.27442712899982,101.16413178698959,1845869.845403493
2021-04-17,BNB,101.115017942358,101.19865255424054,99.97125799419469,100.38559593606699,1507191.000877497
2021-04-18,BNB,100.93018905283178,102.21825331530425,95.17565849736312,96.50075337775327,1200090.7815306373
2021-04-19,BNB,95.73571074354828,97.50452631774486,94.36540033177042,97.4450182534047,1542475.2025757863
2021-04-20,BNB,97.0882454399862,98.07823937566368,94.83598857566902,95.01021714540916,1996838.3872674594
2021-04-21,BNB,95.5868494794375,96.5283743209603,93.86676826154873,94.35705889981891,1765408.7386541439
2021-04-22,BNB,94.08061357317838,94.86296135663314,93.43129500118822,93.89113397379668,1273074.957997964
2021-04-23,BNB,94.67522163023098,95.16595867227073,90.71692712658736,91.19533102003524,1682561.9456972189
2021-04-24,BNB,90.86049006884612,92.11523063786548,90.05241260134522,90.45458511801026,1635750.9359207142
2021-04-25,BNB,90.16529158605508,90.22837699383456,89.21163437901208,90.20661860050451,1015934.5957896055
2021-04-26,BNB,90.63295492272249,90.83683354514034,86.52939101734837,87.4798334091301,1836954.06208794
2021-04-27,BNB,88.02981755420055,90.5187736704456,87.057297374548,89.75626155714811,1462102.8603157522
2021-04-28,BNB,90.18896096762127,92.08204950162944,88.9508567510072,90.97358633394101,1136798.5775042686
2021-04-29,BNB,90.96448260266732,91.70924976097257,89.93111388381544,91.58657579186999,1673930.3456900069
2021-04-30,BNB,92.36098025146023,95.18598035893264,91.39129610999316,94.49879087303079,1430080.4119300647
2021-05-01,BNB,94.12596979820677,94.90610410672674,91.14040434671738,91.57286186509786,1815887.9352676799
2021-05-02,BNB,91.15778164715519,95.46646997255748,90.15555235916858,94.0755730010782,1532263.4202675726
2021-05-03,BNB,94.31846104125,94.92509710760062,91.55683661973791,92.26471900126757,1167387.9707601243
2021-05-04,BNB,93.18976598665606,93.43147219844185,83.88334753483693,85.39332969588686,1673055.200833562
2021-05-05,BNB,84.49027729761022,84.52986372894502,80.4438776657725,80.8419003851688,1472160.261309789
2021-05-06,BNB,79.8930493372748,82.12827190199594,79.16757879088424,80.28189789642255,1032270.1428021146
2021-05-07,BNB,80.13756078730447,80.87857783035246,78.59410355303564,78.88439794867625,1136544.0310807973
2021-05-08,BNB,78.58663538244966,79.75593693785522,78.10480869676937,78.67046430835283,1558557.573728482
2021-05-09,BNB,78.93997480818288,79.30350270686417,74.03521442927621,75.06768931089918,1230058.4713934143
2021-05-10,BNB,75.25358952189089,75.90501569547385,73.13133647781977,74.09650193456082,1689581.8456979622
2021-05-11,BNB,74.29990239629541,75.59819341433948,73.71301927165675,74.2915212760498,1085790.9218450112
2021-05-12,BNB,73.72688210684511,75.34609357702065,73.66194391242662,75.13211476901083,1533872.525185668
2021-05-13,BNB,75.18493288756268,76.28628923744463,73.82055903076721,74.71708945814895,1553083.816342562
2021-05-14,BNB,74.56887868606071,75.42088433548905,73.55024350068602,74.29071410606113,1363515.7848565292
2021-05-15,BNB,73.98689477602275,77.60744611907342,73.18668888885608,76.33097433807042,1181003.9356033024
2021-05-16,BNB,76.72939477238214,77.42818822145013,75.35485332119713,76.3617348058866,1224066.4718247394
2021-05-17,BNB,76.87076794714231,76.87409120032545,74.37692823138255,74.81891828632078,1279681.2233088869
2021-05-18,BNB,74.91820304858338,77.2962845620069,74.00653284958379,76.72734065084425,1409054.055357921
2021-05-19,BNB,76.5211606863697,79.04180172612315,75.94467127988997,78.36541600996847,1543696.4879757294
2021-05-20,BNB,77.47119037769328,78.17837647523524,75.12130481696973,75.6807202206123,1987596.1006810062
2021-05-21,BNB,75.76052722325103,78.78204387882113,74.92064167160301,78.42503308959535,3504643.6524613034
2021-05-22,BNB,78.22917110932312,78.7913505492761,77.0996122060665,77.64332775299088,1424634.7260223117
2021-05-23,BNB,77.9305966922689,79.76680312705273,77.07223401584785,78.5051417608053,1091923.2168980022
2021-05-24,BNB,79.321033398618,79.86728929552169,77.69429320237737,78.90465217555021,1865087.4071395511
2021-05-25,BNB,78.24379995095313,79.2688811129105,74.77893765149629,75.34052645248104,1186170.4400172706
2021-05-26,BNB,75.30415807745844,79.24770131398357,73.85332163858881,79.00922045825938,1955403.849029147
2021-05-27,BNB,79.94562028048078,81.47842280675691,78.74165309572327,80.0014279811792,1223072.2858339627
2021-05-28,BNB,79.75285095247462,79.84504552173212,78.67034561571808,79.3819071104285,1558461.5526623265
2021-05-29,BNB,79.28537461310307,79.75882795878177,79.11059889184686,79.14654101318771,1521736.760952683
2021-05-30,BNB,79.99156783674484,80.37342839673401,78.98899712089373,79.83981484786253,1773096.9617231851
2021-05-31,BNB,78.94988073085317,79.57804913741612,78.10903985680288,78.82107287505994,1023651.7470728756
2021-06-01,BNB,78.77961390322612,79.30615257084256,77.27696881569639,77.83349019351327,1776085.3353187786
2021-06-02,BNB,77.92274714597562,81.49749911892334,75.77044867420602,80.46389341297181,1474503.111726882
2021-06-03,BNB,80.36460054567384,80.81941574907748,74.38641350053847,76.06293551557935,1294943.3744834869
2021-06-04,BNB,76.14790533981382,77.54529797002898,75.0823737760395,77.26997476540157,1066570.5073476217
2021-06-05,BNB,76.81694184720438,79.87531330961751,76.36227388892446,79.20094905126416,1052378.6205710736
2021-06-06,BNB,78.33936019996115,79.255199398002,75.43365335274738,76.47667276129945,1199708.2841344508
2021-06-07,BNB,76.24364761791679,78.70332635289874,75.81187934974025,77.8308317240957,1601727.1458135704
2021-06-08,BNB,77.40376790504573,78.07849659600596,76.1817313058433,77.0361719442662,1628332.127800682
2021-06-09,BNB,77.20139225679948,77.72243671428706,74.82127888002488,75.80387922380326,1124838.2860531767
2021-06-10,BNB,75.65837895957984,76.42974203417353,73.44268426813186,74.4572575449922,1988496.6970438557
2021-06-11,BNB,74.15857073830809,75.414065084296,73.51000082682054,73.56845231436529,1330156.7203462361
2021-06-12,BNB,72.97360854899625,73.72063819345557,72.57969127276185,73.48056775226577,1670759.6365082602
2021-06-13,BNB,72.64979156130936,73.10660216171411,69.1920936841198,69.8659119266501,1007491.0082453319
2021-06-14,BNB,69.40037627095235,70.81980467996675,68.83991699252425,68.8671333875842,1254866.2916546809
2021-06-15,BNB,69.37947781535833,70.71682664234042,68.73374371269483,69.89616993987909,1074035.9103668076
2021-06-16,BNB,70.328821326854,71.17638580527135,68.46681440261271,69.59354117731013,1758785.9180418013
2021-06-17,BNB,69.13747937987762,70.7039878136347,69.13135482790365,70.0531904807841,1728251.9010553816
2021-06-18,BNB,70.55462390828325,71.33406586435225,69.06442965166397,69.45663532352748,1358600.4273136961
2021-06-19,BNB,69.49511547136376,72.70974934807178,68.62114070871831,71.71290676523,1187492.9602441317
2021-06-20,BNB,72.3115254913417,75.14824743404597,70.86039089665981,75.0139482682111,3128454.088453113
2021-06-21,BNB,74.74298496794377,74.93141790079873,72.68015289720798,72.7999421683125,1190171.0958423417
2021-06-22,BNB,72.712760593937,73.48496881569393,70.35455949213514,71.22630956911237,1788680.0373540989
2021-06-23,BNB,71.04122513674098,73.4722566108023,70.20460280502172,72.69401296298744,1306663.3910470605
2021-06-24,BNB,73.34751424806565,73.50280718151393,70.08305373689905,70.65320957353478,1626425.3236292615
2021-06-25,BNB,71.01906736519983,72.22923322490337,70.33196331220367,71.73096249976673,1305954.6255590003
2021-06-26,BNB,71.47611050353524,72.10262247580206,68.5046544866964,69.26161800904431,1570938.8936588713
2021-06-27,BNB,69.29237717142372,70.64886986528565,68.79645586753001,69.36736547433712,1936771.4455287838
2021-06-28,BNB,70.01625440284366,70.99937645170223,68.53644034992098,68.76739861026346,1033788.723635698
2021-06-29,BNB,69.16230911247322,69.28399122775481,68.13434665763839,68.92467139868403,1185665.4210045552
2021-06-30,BNB,69.01078080135684,69.5606630287162,68.28998952962965,69.10793885305048,1233502.5455619365
2021-07-01,BNB,69.20103669994188,73.27949587598523,68.17041679281256,72.55362750509019,2840734.5958703044
2021-07-02,BNB,72.6935520566425,75.74902539490172,72.2935374227649,74.96792491068523,1630949.543528458
2021-07-03,BNB,74.3984317239999,74.73404202061155,73.08917208134554,74.10238666094033,1667469.5883388363
2021-07-04,BNB,74.38118341902309,75.04724578266209,71.6294369138503,71.67652833936734,1433882.2978097277
2021-07-05,BNB,71.88769236169465,73.1671853579288,70.79826720616755,72.67414786318037,1059361.1653896424
2021-07-06,BNB,72.90281981892362,73.27314163514207,72.0499835015475,72.65022367496233,1822675.5441785438
2021-07-07,BNB,72.80838623512388,75.18620136405703,72.77407581709664,74.53128727234713,1391610.6405589294
2021-07-08,BNB,74.20861443793324,78.25447899612797,73.66798399182427,77.93980636869281,2147123.1630904493
2021-07-09,BNB,77.7873573316451,78.28807408089762,77.24726594088219,77.72064433325286,1187070.638234458
2021-07-10,BNB,77.41193668767136,78.35537866109823,75.41801230088191,76.17881507618101,1789801.4492850055
2021-07-11,BNB,76.6907722681951,77.35458565740933,73.70872995530888,74.35843891079365,1342264.0751960317
2021-07-12,BNB,74.16231836042252,76.03571878327284,71.51443470921735,73.2681087251436,1324344.3527370312
2021-07-13,BNB,72.86963880756075,73.83846508697167,71.41282501100315,72.04278645329171,1031417.0643070448
2021-07-14,BNB,71.50644969137267,72.25607311451222,69.6470026823234,70.13227711407077,1176345.984551657
2021-07-15,BNB,70.18667697405131,70.97808057062913,68.2880289741635,69.04764791278095,1043385.9232277798
2021-07-16,BNB,69.1449572396361,69.94969943085161,67.93600051314417,68.58068607610652,1702971.1747652146
2021-07-17,BNB,68.28030814169246,68.93661743765637,67.09594924478246,67.6081274137211,1417969.4656763864
2021-07-18,BNB,67.55328813177778,69.24820793893879,66.63425392982441,68.35520011884674,1350804.3919117022
2021-07-19,BNB,68.68023489718081,72.77492146141908,68.50346856516713,71.9813676055943,2549644.4504040997
2021-07-20,BNB,71.80435858016135,72.10696088803765,69.66206623329852,70.16395405442036,1815017.963197835
2021-07-21,BNB,70.12592440469732,70.12880312316595,68.8786980555084,69.19619304337034,1498341.7782729953
2021-07-22,BNB,69.66068813206573,70.1899721942386,68.6187662134948,69.03636142678984,1886238.8022465918
2021-07-23,BNB,69.26886662966513,69.34212594109673,67.57692309976814,68.12048120197628,1170902.2083806256
2021-07-24,BNB,68.55299747789596,70.8099983521158,67.89981349773862,69.73765758837507,1128156.7625787533
2021-07-25,BNB,70.11639262731178,72.15205081239587,69.77874225934927,71.0471511257205,1280101.0294562767
2021-07-26,BNB,70.6591723272691,71.7513794558787,69.08140548238514,69.71348232361655,1702187.659503905
2021-07-27,BNB,68.69654223788072,71.82845883489283,68.03435879591726,70.6857827634741,1380427.1820280694
2021-07-28,BNB,70.95105713856775,71.09802898220119,67.53164226269486,68.31129703922657,1759037.8166905253
2021-07-29,BNB,67.9135118081414,70.32407130394793,67.32910406059317,69.88591500559306,1376223.1651303289
2021-07-30,BNB,70.55773793607274,72.67704873488263,70.0905699020365,72.13895705768647,1579316.426836983
2021-07-31,BNB,71.54153740029996,74.84424796663698,70.65810844501345,74.47839594425278,2755174.407642456
2021-08-01,BNB,75.07466787209167,76.31916058025354,71.14970593035609,71.1858916452154,1999919.4743523567
2021-08-02,BNB,71.82160825007404,76.21970473221657,70.96137168912662,75.76558677719373,2881611.3701144196
2021-08-03,BNB,75.95072179419083,76.92037387443821,74.82901161280851,75.47060088047343,1084019.2518715947
2021-08-04,BNB,75.9978038805119,76.85197515880736,73.52362824776708,73.80592902401975,1403945.1624852403
2021-08-05,BNB,74.41418127511555,77.83280714606832,74.00493442330131,77.12292113915495,3003932.932997747
2021-08-06,BNB,76.85027180359398,79.6806872459448,75.52816022262182,78.87956143493533,1623008.2242445021
2021-08-07,BNB,78.90689768537462,79.78586863709766,77.6457443469231,79.40372749089184,1187080.9733319709
2021-08-08,BNB,79.49963958484217,80.0729262190194,75.92244986956432,76.77572301180939,1675906.0608974022
2021-08-09,BNB,76.19629911612888,77.25011507857398,75.33016871611021,75.81179413417328,1510089.389152097
2021-08-10,BNB,76.07610677630284,76.59740383691768,72.26310167207451,73.15944842766835,1368265.4943048109
2021-08-11,BNB,72.5127599782224,75.47842809658,71.24325114659166,74.49136371663297,1987332.3826751604
2021-08-12,BNB,75.16527566066766,75.62353664102262,73.9293148037836,74.11582011394508,1231908.5643149347
2021-08-13,BNB,74.12108857715036,78.80397573593767,72.85287912486822,78.52756688114202,3337854.0998820136
2021-08-14,BNB,77.92784942628323,81.21049701045716,77.9156577238797,80.61896680375975,1941996.0519304234
2021-08-15,BNB,80.13701128825588,84.76348578610735,78.603349742827,84.49992480154395,1964917.1190812641
2021-08-16,BNB,85.43250966538511,88.43454117454516,84.9718468776912,87.97357032243845,1331120.2197472954
2021-08-17,BNB,88.09502620113341,91.63913335597069,87.83830803034886,90.09851553278581,1428422.1999441495
2021-08-18,BNB,89.97767943651799,91.74017280618723,89.31006308596974,90.51689529655464,1199260.2601322464
2021-08-19,BNB,90.56946655844308,90.61730259608476,88.04572144513664,88.90046780499316,1184245.1776796454
2021-08-20,BNB,88.44630179176245,90.01197138833912,87.09224589888761,89.89402435640606,1739200.0434247423
2021-08-21,BNB,88.94457497621788,89.68576762758505,87.95339072369723,89.31974128409192,1522558.6044538799
2021-08-22,BNB,89.04910311311635,91.3999460422508,88.72966053370855,90.76865800802184,1944264.2074316593
2021-08-23,BNB,89.57723196351888,89.87181578398679,88.18681846941097,89.24711377685377,1249447.5570763967
2021-08-24,BNB,89.69474109961945,92.15363132271371,88.27497610563617,91.15947312254433,1568706.5709279194
2021-08-25,BNB,90.25079917251173,92.39253522051187,89.54134592105189,90.91783226362021,1615690.6015431671
2021-08-26,BNB,90.80441502882634,91.36830604777867,88.12110202413508,89.24780228731323,1332265.5183972155
2021-08-27,BNB,89.21641047318549,89.25804905103813,87.18100139506961,87.78038626488143,1987357.3765806006
2021-08-28,BNB,86.97265928472765,87.46471250506804,80.89964972246756,82.1530348773872,1582011.0370879404
2021-08-29,BNB,82.31912008776315,83.180021127994,79.19199263170881,81.0651299695415,1074928.677410503
2021-08-30,BNB,80.54396164449966,82.750572880614,79.53533038791201,82.25079591361282,1946019.392729893
2021-08-31,BNB,82.80834966055238,82.9218495111116,81.31444308512356,82.36156291697714,1557532.4638535955
2021-09-01,BNB,82.31517547411157,83.7620904820118,81.46770276695311,82.30676754430134,1002057.1657293809
2021-09-02,BNB,82.25982514807541,82.97644590694856,81.18560111101584,81.55867214624648,1048728.791418487
2021-09-03,BNB,81.92768139753626,84.15299990935931,81.69771556545751,83.87726400099976,1832152.541429945
2021-09-04,BNB,83.70047886476723,88.77634908448601,82.76924932360829,87.24884612690133,2437905.9230954405
2021-09-05,BNB,87.04813175005715,87.51954376978446,86.03806420871234,87.01695683162063,1678307.7204329628
2021-09-06,BNB,86.85414226914823,89.89536378040357,86.0868713998837,89.85314944155566,1764078.3809306964
2021-09-07,BNB,90.18457628893007,90.73257601406736,89.65380835962573,90.1445338586992,1497163.4211550292
2021-09-08,BNB,89.64434144175006,90.94208438924782,88.02931395745885,88.75911740076712,1214612.7271884647
2021-09-09,BNB,89.3896754911875,90.31044170672371,85.8420560300373,86.5007958284908,1173360.5726336653
2021-09-10,BNB,87.39984355865923,89.48449538180672,86.85877087484032,88.79986343849227,1790163.7763528102
2021-09-11,BNB,88.06607065218539,92.05700518614191,86.60909437222125,91.81972352115699,2268867.95687574
2021-09-12,BNB,91.69339331237198,94.4368449119598,90.62585638529362,93.9679643983913,1820706.482469668
2021-09-13,BNB,93.27638817365298,95.07507717097552,92.5274037223124,94.68228516622065,1587122.0489219732
2021-09-14,BNB,94.94772826864659,101.28919414884764,94.23796470286007,99.75594623253522,2634770.1868454753
2021-09-15,BNB,99.45762631776172,100.72549879963503,97.86410600630987,98.60239735522256,1487513.0495563082
2021-09-16,BNB,97.68846215388702,98.46311952456563,96.33284596625731,97.44271517814671,1689652.1345852532
2021-09-17,BNB,98.21711760027634,104.85206056455668,97.21103977976642,102.66700558128365,3267223.0522107887
2021-09-18,BNB,102.61544989806744,103.70632661787322,98.34641631133373,98.50951936183968,1259439.668678101
2021-09-19,BNB,98.66659570196495,102.59653622131417,97.35966905432208,100.9398051442461,1701547.3596622387
2021-09-20,BNB,100.73990905854686,104.4605595507334,99.07642953150362,104.3346872257828,3224666.0883370666
2021-09-21,BNB,104.32367056916641,107.57625323532494,103.53581265733614,105.99210698039299,1798123.9860696464
2021-09-22,BNB,106.7587878147568,109.97011859088582,106.64960388067415,108.97363135184803,1695075.2968148533
2021-09-23,BNB,109.74215521350966,118.55382631001248,108.41141197506172,116.29120232332679,2817440.330336675
2021-09-24,BNB,115.9487252322196,117.27603497945046,115.83333091935617,115.92650195281931,1249137.0140640952
2021-09-25,BNB,115.61864938542298,121.19613331316276,114.90201589063187,119.78467253540761,2472385.6440811977
2021-09-26,BNB,119.96921510771531,123.02670369417802,118.6201511860375,121.66790290706267,1516882.2659410238
2021-09-27,BNB,121.7059536033308,123.80464719588568,121.04162515612535,121.8091416164358,1517886.973124658
2021-09-28,BNB,122.56055539832472,125.40026430059268,121.80045410183527,123.62852765991404,1502804.9484630346
2021-09-29,BNB,123.27809829820386,128.8985511844046,122.35299217779234,127.57644139212337,1708584.4129380719
2021-09-30,BNB,127.99790535148706,134.03907983478274,126.17063275101354,131.45732188898342,1893366.5108792877
2021-10-01,BNB,130.56421670286278,135.17150002864815,128.8788483268339,133.2320770192173,1898826.7499716454
2021-10-02,BNB,133.18547031200777,137.99330994537914,132.11390542820575,134.81539140863273,1588186.6637576658
2021-10-03,BNB,134.99254123192082,143.18380200005947,133.82019170187354,141.96015867350522,2599234.3821420935
2021-10-04,BNB,141.9936912119549,145.68500420073545,141.8054696295284,145.02118348413453,1325203.7692316722
2021-10-05,BNB,145.60044476868052,150.51850342543992,143.37031931135832,149.02114789071157,1273246.286195965
2021-10-06,BNB,148.9386300443556,152.8620408527285,146.56432546686892,151.34040758438184,1447710.5026464146
2021-10-07,BNB,151.7876591767038,158.00080804096137,149.08842778325464,156.91279213895265,1239676.807457739
2021-10-08,BNB,155.82801372452607,156.9837325794728,152.5014434806762,154.00438598802415,1534909.487923672
2021-10-09,BNB,154.43542120780782,160.50068294176006,153.2636673599475,158.54774318135415,1957646.7950379467
2021-10-10,BNB,158.75082195857087,164.48853083773565,157.02723083288694,161.2235684757987,1896266.5510838649
2021-10-11,BNB,162.10509448831834,164.26706693582463,159.68021135614094,163.5474035173648,1303851.5264537262
2021-10-12,BNB,163.83057665674716,165.22229817534253,158.10263596324856,159.9667157489023,1653543.3708037382
2021-10-13,BNB,159.89803158658253,161.86407041602268,157.82513823904085,161.6070133545416,1593644.0872031108
2021-10-14,BNB,159.2430376205362,160.95564428742253,154.05445615922804,156.20957963124297,1147986.4220051572
2021-10-15,BNB,155.4665608457426,163.89475821507244,154.87770379073285,161.44681574148328,2411507.1721696123
2021-10-16,BNB,160.70121517632882,161.8871194914929,159.28504614490296,161.79406283205134,1776377.8671089406
2021-10-17,BNB,163.42009161634468,165.66107212348035,162.25742052985836,165.51616339415094,1095445.376295857
2021-10-18,BNB,165.4447923551543,165.84492788677383,165.0253803792686,165.5597654618674,1383644.7781655875
2021-10-19,BNB,166.12372226397235,167.22140988583695,162.07510178979837,162.71902710191583,1842297.2088685734
2021-10-20,BNB,161.88720800208174,165.09137615309268,160.01711415440445,162.25401641854603,1223870.9300061993
2021-10-21,BNB,160.89670733507126,162.72124121368736,159.66555328337694,161.05498182755812,1482119.3613718909
2021-10-22,BNB,161.8005018556047,163.17041929367696,158.64126024755598,161.6223727369922,1455527.8277689794
2021-10-23,BNB,161.47198277368543,161.63738623385723,160.2824824676156,161.34000926709828,1124092.5540893932
2021-10-24,BNB,161.98684259716092,163.16082686752037,160.6358974554798,162.07680872430532,1983010.8696696481
2021-10-25,BNB,163.50170790562584,166.57032098625783,156.42693145375344,158.13290274741627,1899573.0165134014
2021-10-26,BNB,158.47160080426113,159.31439442823657,155.66167863823222,156.60588102703502,1246251.2721169635
2021-10-27,BNB,155.91018817647668,162.7435554931352,154.49861385436535,162.3632151272979,3231843.0004673614
2021-10-28,BNB,161.57311119825113,164.1366794158814,159.35209351285127,163.05368738871758,1055531.331028071
2021-10-29,BNB,163.28819977445147,164.31369185714664,162.38265176240927,163.21752868356276,1325931.8651707612
2021-10-30,BNB,163.94632835167008,168.0099511702808,160.77673890224335,166.2462032724741,1454860.138745274
2021-10-31,BNB,165.9950015053783,168.77732827511863,163.031856574171,164.18921762457828,1170101.0655493224
2021-11-01,BNB,164.14808978476145,168.83063698334882,162.71209132598656,165.70642279889324,1213596.4469942763
2021-11-02,BNB,166.64430570183382,168.4041921903723,159.99070769005073,160.04219020692491,1580026.918544869
2021-11-03,BNB,161.36002607668044,165.8245628180792,160.12603464456313,164.83903677596172,1056752.5834983909
2021-11-04,BNB,164.48306254547995,165.30105771085954,154.5939184036116,156.99380699683482,1104217.4746955337
2021-11-05,BNB,155.6303234616249,163.94054346189336,153.0525440122749,162.96117368446323,3131666.568160818
2021-11-06,BNB,163.80269427548305,166.0522537783481,156.04256059772007,157.64939374969336,1116966.5189826742
2021-11-07,BNB,156.27717824951173,162.29833967498877,153.73352864402418,160.66741479735566,1511415.3288933525
2021-11-08,BNB,160.25519580448528,160.57057800816335,156.88941625011574,157.90124618784947,1319253.4248789456
2021-11-09,BNB,158.3210344985503,158.54846499581444,157.7818884403902,158.130963145663,1228463.5798690459
2021-11-10,BNB,157.63181069954038,159.1929642085812,154.01250932803976,155.6678447818958,1037004.4204711015
2021-11-11,BNB,155.16740517316185,157.58503164674352,152.86258433638545,156.4001547148534,1197538.6394932137
2021-11-12,BNB,155.88347255836607,157.52153464328853,150.79851339497662,153.31706480546973,1639741.766763529
2021-11-13,BNB,153.0642632690618,159.24304956876702,152.74180182236287,157.6074398786701,1571535.7617458464
2021-11-14,BNB,157.79201692526024,163.5360665597549,156.26771315901945,162.34418225377007,1099092.779066897
2021-11-15,BNB,161.92163893741,164.86726323833994,160.68552005161902,164.0657009986581,1526461.275704531
2021-11-16,BNB,164.55260526124212,165.26569475508563,161.64436914374744,163.29016788200673,1944632.570715779
2021-11-17,BNB,163.4166313371257,164.85814946153025,161.59325662265195,162.5700376940087,1744102.996188305
2021-11-18,BNB,160.38988676071705,163.12433280084795,159.1013305366135,162.98043815181666,1791507.1575847294
2021-11-19,BNB,161.75641095539322,167.86429133933945,161.12544348921082,165.08989834492698,1382250.9759576053
2021-11-20,BNB,166.4814511369471,168.85188890876285,161.1072149287666,162.21798498246707,1923161.551718133
2021-11-21,BNB,160.77304067977082,164.59443474583824,158.7783032466398,163.53820612322295,1289959.869566936
2021-11-22,BNB,162.53103775329927,164.08712109513561,159.91576315473438,161.8207494574885,1809743.6614080302
2021-11-23,BNB,162.37446011837187,165.46217968382817,160.96614983238857,164.30713333408065,1404627.97927314
2021-11-24,BNB,166.17453965185868,169.98161792051584,165.00265181226163,169.57442367630415,1468390.210321156
2021-11-25,BNB,169.8000603868433,180.67238306917687,168.30878079151597,178.93312477167333,2816870.3026988404
2021-11-26,BNB,176.90657157933032,183.7390211089299,175.81805670817428,179.86421419757943,1885279.736746463
2021-11-27,BNB,182.64011670154179,195.94095575617376,181.1216670699385,192.55486618087912,3380078.1447228934
2021-11-28,BNB,193.78098531800086,197.23230003698745,191.3444078589608,194.46211891748237,1991087.5129995947
2021-11-29,BNB,193.2183389984395,194.63895388491335,190.38156856001322,192.72644111567115,1430049.829487491
2021-11-30,BNB,194.0276185798578,194.7039139218079,192.33045221798,193.6454961516502,1593508.4935810817
2021-12-01,BNB,194.34803607303647,194.83369759937673,188.5035562699073,190.37970885388003,1894711.2150818324
2021-12-02,BNB,189.40146222157287,190.8884359278294,181.21839861833388,183.38662088391655,1314552.648930615
2021-12-03,BNB,184.82336032631258,193.81045386505795,183.82463387220187,190.67558642029516,1218700.0866266326
2021-12-04,BNB,192.11499628106137,199.71234030645317,190.62735003440912,198.52281755369205,1993326.7534011523
2021-12-05,BNB,195.4687893527226,200.29756390730094,193.88847686588684,196.4769544404484,1929109.328927547
2021-12-06,BNB,196.23473486952025,200.62017093957522,193.46883410982971,199.67225407125844,1637896.4391916057
2021-12-07,BNB,200.44903238968035,205.7398837185727,199.66509377493577,203.46482937141568,1475417.9643069678
2021-12-08,BNB,202.44185602265938,215.099693805247,201.00211294070286,212.51644215840798,2491863.216879589
2021-12-09,BNB,210.5187853569989,212.72775347679553,204.7883900589634,206.189719329549,1677431.1009404021
2021-12-10,BNB,206.36002672054047,214.67965175896148,204.10613652926176,211.3411645451243,1126144.0147196003
2021-12-11,BNB,210.2471325358475,212.54946867094444,206.886523310726,207.90240872157395,1990528.7617737977
2021-12-12,BNB,208.25244597420448,210.73706335466292,206.37830469374117,210.33528378744515,1844999.2048809966
2021-12-13,BNB,210.46772746374583,216.17415037608885,207.451197180537,214.2074528081398,1821116.049495058
2021-12-14,BNB,213.39780920519144,213.65367343492238,208.71665883974887,211.79489742567873,1556069.3706037982
2021-12-15,BNB,212.5486014214875,220.20624686352434,210.45728552304843,216.83648560276234,1231489.204255364
2021-12-16,BNB,217.96011741710726,220.28226573346208,215.11610721976476,216.72770844709896,1089418.6533793095
2021-12-17,BNB,217.73886599710661,222.75482795373168,214.7818328819062,221.9270945154259,1726801.1989878754
2021-12-18,BNB,222.62910060710078,223.03653527591365,221.15254858305667,222.53093715581218,1224717.5742545116
2021-12-19,BNB,221.26624426479495,227.1662892159768,220.0036947371204,221.96306320914366,1174314.1586452057
2021-12-20,BNB,220.29134245736492,223.74871537235333,217.44394277131863,222.97040903813127,1905459.9576875316
2021-12-21,BNB,223.1717392999393,224.88102332330305,214.17815748026925,216.13140208720213,1758742.632582468
2021-12-22,BNB,217.83152885854562,230.9376938678997,215.80763944886257,227.1305088056354,2259524.981381786
2021-12-23,BNB,225.3787061686289,227.3562852165815,222.18294133574446,222.23917448982328,1987932.7079991885
2021-12-24,BNB,222.88289344412638,226.89488182105802,220.62937272584188,225.83404541320255,1396317.1952238989
2021-12-25,BNB,227.42707739539645,231.00182738318534,224.95847122119025,229.16196540206485,1807464.0265197214
2021-12-26,BNB,229.89243639544628,232.95446412613245,216.54507270735493,219.12332111910155,1117325.6444422873
2021-12-27,BNB,217.94321727011777,222.76481457487958,216.19880177746148,221.11207437348324,1440312.164029491
2021-12-28,BNB,222.4511312850257,224.78694936220947,210.553999036472,215.59262030585168,1329123.83209715
2021-12-29,BNB,215.4667670468134,217.16041458053851,206.95659441744445,209.1379755169411,1039177.1014171827
2021-12-30,BNB,207.33296680066482,220.86980134152478,205.83160085873553,219.42618284242357,2148612.4746024553
2021-12-31,BNB,219.73979031514423,221.13121555265533,216.03628308847482,218.75125533821603,1326316.915020671
2022-01-01,BNB,217.32167894183874,223.6631252495488,215.36959866561958,220.54506521770074,1070140.113604395
2022-01-02,BNB,218.41639805674154,221.12934309731713,217.4113816151635,218.64301739104843,1814475.8893842648
2022-01-03,BNB,219.87145695302803,227.90157746155916,219.22152719670316,226.4827473164264,1615093.914348529
2022-01-04,BNB,226.80639755440933,227.0081087510011,218.15448431863464,220.37160640075655,1846467.2071608473
2022-01-05,BNB,221.81883225220187,223.18718679556775,215.18280733703463,217.5667114591944,1704645.0465107448
2022-01-06,BNB,217.6747650055115,231.0351105808546,215.51344550746487,228.18782070044352,3141353.5597317303
2022-01-07,BNB,228.65142506887145,229.75878574887437,221.3060148913146,223.50864049449035,1646086.4507881685
2022-01-08,BNB,226.01249065523228,228.0687281043572,213.98911490123285,216.41914350975105,1734173.4456396138
2022-01-09,BNB,214.2301682353922,216.95194288085136,211.32378254316464,216.5702220122022,1210318.0403340547
2022-01-10,BNB,219.654242227356,223.5155948211003,217.20813408547147,217.36132956318406,1552022.6817755396
2022-01-11,BNB,216.1626824108716,216.58789584112031,210.6303787412008,214.0324083906893,1745276.3416534136
2022-01-12,BNB,213.75966859764375,216.23381276577715,210.59569671129307,215.70390656270493,1926928.8908711101
2022-01-13,BNB,213.25811133182611,218.75678444713674,209.6585297691793,216.9884019306903,1105457.1513178311
2022-01-14,BNB,217.04039215678748,218.21268481738633,213.00983468293828,215.23661834344287,1409356.313276095
2022-01-15,BNB,213.53464012525177,217.6595654633581,208.43763311561173,208.67433275058505,1306361.3365979085
2022-01-16,BNB,209.80339173765216,211.63413495642868,202.17444906265914,206.0116584684169,1793031.5812550127
2022-01-17,BNB,204.48102640132666,206.0553724941617,197.03436409152954,199.60609552154844,1760601.8374677824
2022-01-18,BNB,201.63533676333486,216.0673886259622,199.2771148257475,213.60666573615282,3168960.9949174398
2022-01-19,BNB,213.21211121438336,218.02335238644585,211.76649607393455,214.66334109225926,1124835.42650618
2022-01-20,BNB,214.3963492663705,215.24091543325937,208.73147923775775,209.43766076319753,1834974.2585919818
2022-01-21,BNB,208.23300583796302,217.07730740191852,207.85750904874217,216.0880464737826,3363664.356414869
2022-01-22,BNB,214.79367305093731,221.80092066440017,213.85850569512212,216.75984461341358,1197210.39208609
2022-01-23,BNB,218.50291323238437,219.57854458073695,216.85907353223394,218.92871799916156,1498211.96269551
2022-01-24,BNB,220.24722906215126,220.45599975106688,219.28448964965762,220.31291865627747,1706081.7782090905
2022-01-25,BNB,220.8584908650427,222.7000108653623,218.6673163863115,222.41824755639396,1276151.2474527669
2022-01-26,BNB,221.45770448006388,222.6005943024853,215.65281496251603,219.65152343946502,1196213.6192262173
2022-01-27,BNB,218.24877731990435,223.90869375077835,216.0870557980486,220.45320142951144,1541025.9483170328
2022-01-28,BNB,221.35626154073714,224.05469293141613,219.24909952398272,223.5556023300673,1921322.825632633
2022-01-29,BNB,225.42166862373656,226.85844076095023,211.04187413632567,214.68643110164874,1155269.9729713453
2022-01-30,BNB,213.61336223527525,215.7306771473624,202.8155941345853,204.3600082174956,1744057.7427512065
2022-01-31,BNB,206.98947766355263,214.10201381311654,203.21552814312093,213.02731364389476,1164547.2157681575
2022-02-01,BNB,212.89271366692935,220.3092360805351,208.65244903086187,217.82060656982864,1790177.704267583
2022-02-02,BNB,216.45770446761773,218.62073082064734,210.36469589370114,213.79883973822461,1848568.672324858
2022-02-03,BNB,211.78436843290635,214.99868987661495,207.0635192148809,209.39419745712735,1290787.4661189732
2022-02-04,BNB,208.99853203218444,210.80395732812312,197.9318504987014,199.68537559484935,1307029.989393632
2022-02-05,BNB,200.90851274501173,202.54472485292968,195.6534672619372,198.0674121005058,1222738.392925151
2022-02-06,BNB,198.2062316926614,200.6199290738388,182.28256976755551,186.28013745904082,1663674.4724400705
2022-02-07,BNB,184.86773984012686,192.66533682948153,184.47739089304721,190.90031656732313,1193757.35539216
2022-02-08,BNB,190.10422310184623,192.26930962234627,183.06611400081738,185.3796186398881,1646418.8951837383
2022-02-09,BNB,185.76730285345892,188.60163349899864,185.2924812253596,185.5587820177021,1031041.4272685153
2022-02-10,BNB,185.64435167887666,187.1150523789776,182.95660630485736,184.07481569788442,1152201.5461782932
2022-02-11,BNB,183.51914281950462,184.97137326737146,177.03241607683827,177.4567446575613,1732366.045661768
2022-02-12,BNB,179.27474542049362,189.12084852094367,178.08048774910088,187.3163686773972,1818461.4634269178
2022-02-13,BNB,185.51832589960708,187.01681516606826,182.39358241234214,186.8164694097504,1632223.9194438255
2022-02-14,BNB,186.79161250548188,187.38323970113265,181.91748014824933,183.6562068460202,1436417.7160838402
2022-02-15,BNB,185.42941854889764,186.75623281176448,176.67106093865328,178.57295370279226,1251251.0494461674
2022-02-16,BNB,177.46564060033722,178.8046561825388,174.40544377470303,178.4897770190409,1984120.705839073
2022-02-17,BNB,178.78226611087666,180.16458832712144,172.93359609479955,174.89147522152822,1873484.0221332288
2022-02-18,BNB,173.99408367349056,174.35995481992504,171.13042046817438,171.3347212214021,1994748.9205159438
2022-02-19,BNB,172.34612777027183,173.68910431790343,171.53898053104678,172.80979120377944,1528897.9246632692
2022-02-20,BNB,173.09457796974357,173.7190248915439,165.91578495906165,167.04739310757253,1296077.2778835588
2022-02-21,BNB,167.92650940837527,170.0807120818761,157.69102645163244,159.8769377570554,1232190.0269466913
2022-02-22,BNB,159.82297019937715,159.8330345785768,155.528231448913,158.62350737869875,1711160.0069838434
2022-02-23,BNB,160.16872768038553,161.18336189432077,157.64633151133873,159.07434404003436,1104116.7863897975
2022-02-24,BNB,159.28833529871005,161.46274539277468,156.71866350491317,160.7461449275081,1889300.153357198
2022-02-25,BNB,160.30107855954435,160.46654810069697,152.53432624706076,152.94778116983403,1370485.4025399946
2022-02-26,BNB,152.4308237235186,153.90536558300266,147.29048223408023,149.2151757219933,1403907.3212184582
2022-02-27,BNB,150.37287394073536,152.48763818627467,145.80240388157634,147.28822646530568,1604915.4222396018
2022-02-28,BNB,145.79386838444407,146.19613706157986,144.05197922176686,145.99280937509457,1025685.2661748064
2022-03-01,BNB,145.40061145264474,150.05247454792482,144.42448152779525,148.6033881495864,1413824.649111166
2022-03-02,BNB,150.23797974142542,151.62426819662508,145.52658880314834,146.41532258644816,1968970.7002486417
2022-03-03,BNB,146.86784368319087,147.31142464577175,144.77070359602936,145.791420967254,1954250.5034225918
2022-03-04,BNB,146.3383167494305,153.5494310961089,145.64412464968999,152.35947878971788,2072823.1238909182
2022-03-05,BNB,152.13753498452002,153.40635946357511,148.53032397530043,150.18267897294672,1348837.868927664
2022-03-06,BNB,150.1086362966845,155.8043677948502,149.0958548819917,155.68046035311843,2937008.7877669134
2022-03-07,BNB,153.96383876199383,157.5176064319808,152.87654605881607,153.84356204888266,1342720.8259558496
2022-03-08,BNB,153.62414445648653,157.08036507442426,151.51230218162203,154.66968103461795,1047048.5538205556
2022-03-09,BNB,152.86283271385307,160.33112545058444,152.04583111267192,158.66721301411468,2752153.701322614
2022-03-10,BNB,159.01099679098562,163.0258929398717,158.05081403439956,161.2909442257689,1157808.4733955383
2022-03-11,BNB,162.00295566656482,163.03041251250767,155.83360187954818,157.85856438897406,1070959.8598938328
2022-03-12,BNB,157.00068790825588,157.77575669488053,151.41979235952167,152.35436888540602,1903418.7571261944
2022-03-13,BNB,151.20429742138154,151.24588831243813,147.88017084793398,150.21529872574547,1435934.6464416597
2022-03-14,BNB,150.7954168901307,153.14497873225238,143.241852483325,144.84192916511074,1083239.321655662
2022-03-15,BNB,144.09247387862953,149.78934024485162,142.45160720607868,148.0157168514566,1664942.764818518
2022-03-16,BNB,147.77202516673646,148.57205204032184,140.89677403375381,142.45829894561285,1409726.4668949023
2022-03-17,BNB,142.55867705562136,143.8594896763928,140.7474527522108,142.19148393042272,1238551.0336524653
2022-03-18,BNB,142.94900434762133,143.87016955228933,142.30337159457662,142.3799294016213,1704589.5711309388
2022-03-19,BNB,141.3910215595864,143.07386215326414,141.11483363950538,141.71153756376535,1008385.2081576567
2022-03-20,BNB,142.0464138681055,143.00724262314796,138.53033912745232,139.17393780568918,1433886.5402164648
2022-03-21,BNB,140.9996271904278,145.84840922642428,139.3496163240804,144.62895568741044,1371693.3941122722
2022-03-22,BNB,145.1408623055419,146.14126113907912,141.9603440482114,142.52928664346967,1011534.6004550898
2022-03-23,BNB,142.39134134465957,145.4770205266469,142.1230485577363,142.49771893940522,1546537.5949306774
2022-03-24,BNB,142.40788874173015,144.14880482066206,138.3799565810556,140.8379768511539,1694835.2332663443
2022-03-25,BNB,141.2932261603327,144.34854314258317,139.44657342313246,141.73494672781533,1641510.572729343
2022-03-26,BNB,142.6251173968249,143.2423358779932,137.0796718066461,138.32405016509225,1535850.6154321684
2022-03-27,BNB,138.38855324437097,144.1161303941543,137.25244463244778,142.34127523754046,1435716.2763491017
2022-03-28,BNB,141.62342111554028,143.00678931955176,134.94618885303566,135.5669415486632,1752052.475594877
2022-03-29,BNB,136.6580865963055,136.81887978277592,130.23100069685168,131.37261376468422,1893996.9053412243
2022-03-30,BNB,132.2029937886964,133.49043166918463,130.8198211709789,132.45926119167706,1779018.9902586024
2022-03-31,BNB,132.91060650335723,135.0181141209703,130.05451254930733,132.10728270225172,1704540.985257172
2022-04-01,BNB,132.91629428918023,133.53482040553936,127.88594475929398,129.64476180067862,1038392.59237116
2022-04-02,BNB,131.5502499273621,132.21185555123284,126.13866987509704,128.19307687073223,1619774.9581455132
2022-04-03,BNB,128.42512796471996,129.2438618361895,122.3233055153741,122.6705014485098,1786300.6009072047
2022-04-04,BNB,123.17575795782852,123.32785606627739,119.80467153314346,121.16059098409801,1497666.9025669475
2022-04-05,BNB,121.18844667033224,124.7386515308365,120.32242442558942,123.2758028193245,1572376.2680698987
2022-04-06,BNB,124.17794020145709,125.35046634523627,121.46116732079416,122.01628239683069,1172593.230032259
2022-04-07,BNB,122.68837154873862,124.41019292779458,111.98760559306002,113.08540823776426,1218098.1582892875
2022-04-08,BNB,113.28909152183951,113.47058272864176,106.50909927579346,107.20503881655314,1223778.8519249703
2022-04-09,BNB,106.98796285914126,107.88806055783954,100.5259308479346,101.52699915519644,1969765.8364002958
2022-04-10,BNB,101.47366544864681,101.96022197358005,93.27752268779,93.84756540737851,1177789.7534594343
2022-04-11,BNB,93.45915205197204,96.89549844500688,92.65885600396251,96.12877227986172,1301533.0524423781
2022-04-12,BNB,96.24758175653601,96.4728980118534,93.40315370021617,94.34492392228101,1203914.3599751666
2022-04-13,BNB,94.12318407030163,95.70452109988395,87.25867057645706,87.46602785770021,1303792.6253432436
2022-04-14,BNB,88.06091758507812,89.18641597126901,86.80081434223584,87.4649594084613,1074399.0810338254
2022-04-15,BNB,87.40038064329632,88.11131599420241,86.05071420349735,86.74605117534973,1573067.5077558022
2022-04-16,BNB,86.77081327207038,88.56848569178501,86.6438952389963,87.77742942714691,1085702.8191116855
2022-04-17,BNB,87.92029278588352,88.85422028998683,83.68432143700109,84.63839006523038,1311360.7937623193
2022-04-18,BNB,85.381124679711,85.64455190109328,78.84359359564452,80.31685628902571,1020606.1529490573
2022-04-19,BNB,80.3728154752813,81.46765824192543,77.67877535890834,78.50512668405057,1695136.1169344662
2022-04-20,BNB,78.26360160289926,78.86521424805558,76.18871224862959,76.2859060242296,1864984.5233382112
2022-04-21,BNB,76.10113916187294,77.01599942964907,74.87241479762679,75.11173130063861,1877461.7976355378
2022-04-22,BNB,74.91663603280111,75.94099844304554,73.37187460229796,73.71527726756942,1728539.0024309037
2022-04-23,BNB,73.57757483443565,75.77053631062934,72.78730258583319,74.07088013050199,1890720.0259989372
2022-04-24,BNB,74.32292034609164,76.51866083253461,74.05360530177242,75.44770440465547,1521836.866900479
2022-04-25,BNB,75.44567641453513,75.94164503959327,74.42905764053836,75.2647592022578,1962099.5111319392
2022-04-26,BNB,75.08699241017351,76.4386791388725,73.13745493458558,73.1995437754077,1482072.9849214556
2022-04-27,BNB,73.10676849409805,73.87898527060133,72.68549680193365,73.72181906139363,1230494.4427137724
2022-04-28,BNB,72.9267461956105,73.81082477707207,70.91173435633746,71.342484973739,1384173.212511757
2022-04-29,BNB,71.67542903147668,73.6106140463833,71.25968213786379,72.71909511830853,1880743.8591793769
2022-04-30,BNB,73.20822039425143,73.44509934209246,72.35647674619806,72.44538689726089,1941767.3991194626
2022-05-01,BNB,72.78539500888299,73.48574192468534,71.10580082651198,71.1126680237567,1789661.336023733
2022-05-02,BNB,71.95886682019263,72.65767796183854,70.868216806746,71.03351404706277,1334606.2480353757
2022-05-03,BNB,70.87424894164458,71.48375844416958,69.98597571561314,70.25336962217948,1761381.72214303
2022-05-04,BNB,70.0450124536072,70.4727504395998,67.16546865562063,68.146507752082,1135364.9834744588
2022-05-05,BNB,68.72835824279737,69.65878709272933,66.78110126208055,68.11275743791907,1528191.8482301987
2022-05-06,BNB,68.34252043217755,68.88951348818098,66.48371500223251,67.42462848477096,1136100.7467858624
2022-05-07,BNB,68.39615741644684,69.847964653406,66.0446281190729,66.36028478003988,1948645.159769543
2022-05-08,BNB,65.37257597470875,65.70428109557623,63.38192514190982,63.70320427541148,1168871.4274906355
2022-05-09,BNB,62.895357127721816,64.40358477686875,59.93271267922632,60.16798226666117,1442366.2898356228
2022-05-10,BNB,58.665661834330905,59.07308851220369,55.60856193006722,55.64664926836316,1869712.1535093526
2022-05-11,BNB,55.41312510551707,55.53612412622157,51.579838604197334,52.44209693958676,1434048.8208314017
2022-05-12,BNB,53.01773764691538,53.8564996431975,52.90380259796194,53.25591749353563,1470602.3312284064
2022-05-13,BNB,53.86823072705289,54.108905353776336,53.233864544990816,53.37178964373459,1820905.8406088655
2022-05-14,BNB,53.46718315893895,56.14113392134635,53.10240018446309,55.53064086493684,1885225.612628104
2022-05-15,BNB,55.33603653018109,56.01902648586122,54.97439151456985,55.767262179989196,1193209.844723469
2022-05-16,BNB,55.77123622057458,56.735799696994334,54.90522110875563,55.00831955537671,1436622.6521736537
2022-05-17,BNB,54.82654012583989,55.529595406998226,54.7523552933613,54.77893320831456,1729734.4138683975
2022-05-18,BNB,54.83661332710946,55.887957862144034,54.784678641665735,55.717958155930305,1492363.740768449
2022-05-19,BNB,55.37777748687731,55.64009581251991,54.170163984882265,54.55030199702417,1200988.3614746905
2022-05-20,BNB,54.24860139913687,55.58776373889522,53.55587747474932,55.210867044022514,1337007.6783748139
2022-05-21,BNB,55.18895587630881,55.39262675117295,53.606762102281394,54.170823672595375,1386932.5834074155
2022-05-22,BNB,54.24436909177558,54.939727935393876,53.43730490291584,53.769894928445844,1747659.2973625106
2022-05-23,BNB,53.66295302017179,54.9163825390678,52.85201764848642,54.71077260194099,1942831.3648802047
2022-05-24,BNB,54.61274574109773,55.324877367123875,51.8915682486817,52.50698611133769,1454270.8418211376
2022-05-25,BNB,52.25370297252768,52.67855126146618,51.33341897151214,51.359783034228975,1248005.3597277475
2022-05-26,BNB,51.33613152830046,51.62457196679107,49.84933199891758,50.605013614271456,1828459.9552906987
2022-05-27,BNB,51.115130685661526,51.94457654233494,51.05747900431266,51.78652432021942,1065970.5984504295
2022-05-28,BNB,51.768264275945285,52.30640992218452,50.842436802789976,50.92207249960212,1230542.349010799
2022-05-29,BNB,50.880653309712265,53.777927515211054,50.30978926644813,53.469732248431036,3193110.7696234034
2022-05-30,BNB,54.010574893879124,54.38624993015622,51.50028834227221,52.47894878200778,1353163.855508131
2022-05-31,BNB,52.333794768573895,52.72506859911228,50.873754747834404,51.27391362003803,1362738.5997573372
2022-06-01,BNB,51.601499542549234,52.18191320947294,50.29971754834589,50.4752537824644,1952047.6625634672
2022-06-02,BNB,50.88189905598887,52.271863206896455,50.31814322830767,51.97608253171403,1334460.2707672827
2022-06-03,BNB,52.23212323457934,52.31629041174267,50.619325674110215,51.10792426458671,1792547.1972269423
2022-06-04,BNB,51.4170173183052,51.812744623141995,49.18045201201805,49.589223485694866,1827772.0281626417
2022-06-05,BNB,49.30672723870259,50.79593089143858,48.88466160094974,50.58730775252236,1980144.9727784267
2022-06-06,BNB,50.5370654396027,50.78882399940272,49.70702723765778,50.14106653406769,1466810.7248084806
2022-06-07,BNB,50.01425953440848,50.78613343129321,48.73251328163048,49.2906415816948,1680418.8200736712
2022-06-08,BNB,49.20687452021836,50.443268720823156,46.55028159717953,46.96691947723372,1335779.207874035
2022-06-09,BNB,47.08341129302263,47.639279030773885,44.68132344510484,45.622184631595786,1767923.4688491996
2022-06-10,BNB,45.56227042860779,46.75563007610411,45.15567506793018,46.67530254985994,1102454.4674290447
2022-06-11,BNB,47.084249322627436,47.59907739747482,46.63974836439033,47.02504096460523,1335339.1788126486
2022-06-12,BNB,47.00757027166132,47.41566400948947,45.28741712825889,45.84016907383158,1310805.886819749
2022-06-13,BNB,45.91884856592773,47.79296522498419,45.32227814892237,46.83823471640803,1645376.070440116
2022-06-14,BNB,46.84394338332004,47.15400929793128,45.64485082483086,45.86856873842395,1837961.0753161197
2022-06-15,BNB,45.70285982269506,46.395770977702256,45.314792930031736,46.24175707229426,1983262.0193799865
2022-06-16,BNB,46.31933624688533,46.95392802666699,45.35769226288734,46.425524460793326,1619950.0563938564
2022-06-17,BNB,46.10418574030424,46.43724940975443,45.873009648763144,46.05349363514072,1525219.5711649742
2022-06-18,BNB,45.65455736587082,46.42991621810578,44.2791927234464,44.56569465714589,1825176.5122516952
2022-06-19,BNB,44.71897863944371,45.71179738560551,44.359341816403735,45.21998472964563,1459263.5606502728
2022-06-20,BNB,45.560200233533784,45.954792540247155,44.6826688241582,45.73758126792989,1102478.926190542
2022-06-21,BNB,45.128019572112365,46.53935860088106,44.49300633308615,46.5391175026169,1617113.1304055487
2022-06-22,BNB,46.87334369580512,47.825466879789055,46.30754908477395,47.22986699400207,1074041.4381420629
2022-06-23,BNB,47.76419555706871,49.11322906045882,47.36192929126529,48.96659930955737,1459666.9261023155
2022-06-24,BNB,49.28472561196642,49.357312982132285,47.99512107606726,48.94415645767224,1035702.8765901182
2022-06-25,BNB,49.14004673022647,49.74503196364742,48.710300374206845,49.59345224627812,1121077.5813450816
2022-06-26,BNB,49.2006962082189,49.38639522009043,47.063862803209,47.42908844864648,1499140.3028471319
2022-06-27,BNB,47.513448284717924,48.04854108136065,46.8657539093559,47.71248609586597,1776251.3735300014
2022-06-28,BNB,48.02704062771708,48.64326398125165,45.62138925260476,46.17250876557835,1176505.8821901588
2022-06-29,BNB,46.010221827521164,46.49111022524506,45.701139004586615,46.378379069258145,1734131.7389789105
2022-06-30,BNB,46.341485523303554,47.06150850757752,45.286452770149246,45.613249797481316,1163822.7428121613
2022-07-01,BNB,45.52263835864542,45.99724776235104,43.9927209570129,44.42870052237133,1496533.7182088715
2022-07-02,BNB,44.18228738183797,44.45968182926695,43.91883230972265,44.18927476430039,1726564.0706783521
2022-07-03,BNB,43.87465285320762,45.12118039264209,43.58884753862833,44.48173031149048,1377897.7711534686
2022-07-04,BNB,44.49716053157208,46.27374925952085,44.477739737397506,45.81927361227717,1430106.3254982252
2022-07-05,BNB,45.947337875182505,46.67622899982464,44.23687890110754,44.7307950200345,1846779.0886746182
2022-07-06,BNB,44.80801292854434,45.42026147431454,44.3977558313231,45.38565614047024,1378152.5397091703
2022-07-07,BNB,45.70437757916999,46.8878647716589,43.29963712207033,43.66623410367631,1171933.3510314706
2022-07-08,BNB,43.852165367240794,44.551325852877056,43.53233135478673,43.759868742611204,1556465.4815430709
2022-07-09,BNB,44.00332421473384,46.57013539675557,43.630854366329025,45.95988857209152,2323856.2815893423
2022-07-10,BNB,45.99863903714307,48.962300526701995,45.445024075468176,48.50996162603436,3367450.5105999587
2022-07-11,BNB,48.22918937914962,48.697863052169225,46.93200925490275,47.96268987899822,1342641.4424954993
2022-07-12,BNB,47.552410754437155,47.91538446475097,46.70942589531915,47.75688386826618,1415892.2143032576
2022-07-13,BNB,47.962180660674655,49.00521045076805,47.47254269777328,48.26155677892281,1930760.287338936
2022-07-14,BNB,47.99643396360148,48.4702843966935,47.15480256655366,48.205759806921115,1821939.5708764936
2022-07-15,BNB,48.40863962836276,48.816003113640036,47.53167975497709,48.42219750905548,1477706.5967630737
2022-07-16,BNB,48.03359778108054,48.575819343255425,47.43295691302227,47.57820485571484,1024932.0772141328
2022-07-17,BNB,47.397261209043904,48.05395501278589,47.13185951839723,47.30961386134769,1687710.355698727
2022-07-18,BNB,46.79846047542612,47.47563023764351,46.23457375574741,46.290210373598796,1825313.5003218234
2022-07-19,BNB,46.749587688586026,47.226864969629304,46.01531879224258,47.08516783813201,1557251.716132414
2022-07-20,BNB,47.028963319412526,47.513126844883416,46.42378879498561,46.958384630498436,1098395.947764285
2022-07-21,BNB,46.502088465346816,48.869537542433314,45.87622421941155,48.62074786314932,2832796.4836972263
2022-07-22,BNB,48.504701748350186,49.26546679563144,48.078561051368865,48.755024144772406,1113865.3831237617
2022-07-23,BNB,48.497576645854586,48.94137520653781,48.299114480746795,48.74273780363891,1480587.1985567897
2022-07-24,BNB,48.68283759461255,48.70938448496558,46.25621924553949,46.90256277834764,1588776.372419956
2022-07-25,BNB,46.814401326313586,48.070382623383125,46.34399816867069,47.65936786555112,1028932.0507953097
2022-07-26,BNB,47.57493059276027,48.070983163550096,46.209842814460536,46.75456435177883,1200313.0382355093
2022-07-27,BNB,46.5264675454639,48.231307316902836,45.95714441656046,48.122610065514976,1433408.0998634538
2022-07-28,BNB,48.12823009362858,48.94232849468545,47.72215402331752,48.12269409283368,1724363.3795529036
2022-07-29,BNB,48.044636841964326,49.59512151418865,47.54915346305087,48.960182599767755,1170466.3649404983
2022-07-30,BNB,49.23640000278266,50.78685187496325,49.08198720798974,50.140740855197656,1721096.7409381843
2022-07-31,BNB,50.14650291085603,50.71297833378771,47.45275125565738,47.79634210166376,1674154.6335509145
2022-08-01,BNB,47.63706889881467,50.38682800019905,47.284396677146965,50.22196213507858,1960863.837814909
2022-08-02,BNB,50.35220993529846,51.732108575876254,49.71351595443183,50.79626055889424,1504051.912919698
2022-08-03,BNB,51.15243689615234,51.328148024365596,49.37606184975302,50.33574685088613,1231165.0878759103
2022-08-04,BNB,50.53785313574692,52.43106739659141,50.23351413913988,51.35581559975329,1201690.8205481914
2022-08-05,BNB,51.32095776790514,52.5306496323619,51.12844104256198,52.172245309412716,1226977.8308945748
2022-08-06,BNB,52.04598778009384,52.087029119562345,51.44732656475344,51.843906625974384,1421439.7625310337
2022-08-07,BNB,51.46221450762039,54.8289851223386,50.83808166124636,54.24849396525073,1819672.1284201667
2022-08-08,BNB,54.35126529767511,55.066071212459214,53.73144858904475,54.62822175133362,1480954.2959168723
2022-08-09,BNB,55.37615101222034,56.43444600808693,55.12600836987446,55.84087555595449,1536377.216503322
2022-08-10,BNB,55.90144571069299,57.53201354561957,55.506844988395706,56.957741859125925,1367923.6738477112
2022-08-11,BNB,57.19178670188664,58.49213621431299,56.47968713692902,57.92018784282744,1933467.173132714
2022-08-12,BNB,58.42301373312436,59.80662365862553,57.22312945936637,59.21999843403116,1894086.3800886925
2022-08-13,BNB,59.16631761714745,59.582550746019336,56.204545577101996,56.290553061852385,1522741.567338491
2022-08-14,BNB,56.354372812936234,58.48916605600601,56.257134090432686,57.50044916302311,1418423.7541491839
2022-08-15,BNB,57.01427168506798,60.34483049015407,56.059322465602456,60.044787545982764,3201563.5963654392
2022-08-16,BNB,59.81689269728609,60.83592467081339,59.192117007569045,59.989779844915226,1268749.3858373244
2022-08-17,BNB,59.942912718774615,60.228982983517426,58.58384553955639,59.267773201306596,1137432.5374121023
2022-08-18,BNB,59.785668600709585,60.483128232895645,58.6263759048926,60.0894626998545,1871395.4299001538
2022-08-19,BNB,60.16551355044455,60.276823134601784,59.64469000869983,59.667383264793486,1816768.132138207
2022-08-20,BNB,59.907882309603934,62.26121599057282,59.15316683347502,60.880865679306126,1279220.3128684543
2022-08-21,BNB,61.26924653816109,61.67022533506003,58.965992636789515,59.969525068368384,1016668.4230953224
2022-08-22,BNB,60.01636592611592,61.12548814135365,59.698879490191544,60.45430834170014,1813716.7600995458
2022-08-23,BNB,60.27848097755607,61.39152029220414,59.226254616418245,61.04228903566696,1684243.9340463353
2022-08-24,BNB,61.13608814735603,61.89018927234699,60.33926535074011,61.17290007424381,1492082.3065637758
2022-08-25,BNB,60.565523032133406,60.94405372883791,59.38627684403079,59.56843025236652,1528354.114908338
2022-08-26,BNB,59.49266052300099,60.832911717453534,58.85649560503412,59.86086551184746,1430277.26214887
2022-08-27,BNB,59.66602545170419,61.51900258623579,58.94326203129482,61.12977002414166,1653940.048156223
2022-08-28,BNB,60.970440743669165,62.09103712962672,60.11856035711063,61.956129408236144,1738659.4801418493
2022-08-29,BNB,61.734881232083666,63.10724936426129,61.51153829572313,62.618917474560995,1886897.5498826578
2022-08-30,BNB,63.295717871153364,66.14360176057477,62.944700501151225,65.09635341148824,1169587.5789333435
2022-08-31,BNB,65.40351955609228,66.16982367794844,64.87493397756322,65.32690094973032,1414095.4301291683
2022-09-01,BNB,65.68067668161991,66.2584672280719,64.62402575948279,65.1299381726721,1233173.4031717184
2022-09-02,BNB,65.3544987792785,68.01299355064246,65.2248680657207,67.83196681681471,3106133.3065721244
2022-09-03,BNB,68.91517393210553,73.5405824585442,68.2721044706577,72.60213827986085,2934516.529465789
2022-09-04,BNB,72.25932647489321,72.70976474000965,71.7798849125331,72.07015362108133,1313163.9768413673
2022-09-05,BNB,72.49183559816231,73.8488909371412,71.47833315092987,72.65890136871991,1168651.9469782014
2022-09-06,BNB,72.17967901329263,73.13858485815021,69.42972896393889,69.4640768458855,1185470.1137598464
2022-09-07,BNB,69.40132091529776,71.05423732666392,68.5015592662215,70.36995051722901,1678132.0661302232
2022-09-08,BNB,70.33699445656016,72.72616267016025,69.70167211438252,72.43170585768257,1724174.8835563469
2022-09-09,BNB,72.49445588806351,77.94827616531813,71.62616294721647,77.34235018598781,3286702.968258802
2022-09-10,BNB,76.5320891637186,78.10586232382211,76.13376020559704,77.04457812355506,1429814.4158235183
2022-09-11,BNB,76.52394640822266,78.80133056342778,75.30777144818529,78.07373294988926,1437826.6118168198
2022-09-12,BNB,77.12748835291904,79.15065180818196,76.57374632222573,78.39800978461483,1552371.2067945062
2022-09-13,BNB,78.44545413687506,79.55266309255714,77.6942844319867,78.85631288260096,1706155.6411612786
2022-09-14,BNB,79.14458189174815,81.38943989635322,78.66625975730165,80.41221785626523,1686175.276819823
2022-09-15,BNB,79.82681573248252,80.84135055399139,78.51375773424991,79.35688519799483,1823489.5438302767
2022-09-16,BNB,79.61497742599761,80.20440752734926,78.5887064908245,79.30532740872772,1710847.5159524789
2022-09-17,BNB,78.07712345124578,80.19651282120128,76.82723469890378,79.7730898626471,1937981.5082803182
2022-09-18,BNB,79.36269227735171,83.0719423869129,78.7856167492489,81.74648301148996,1564333.5673771622
2022-09-19,BNB,81.60251730064073,81.88660651069604,80.39955549489233,81.43585232936411,1786760.5347812625
2022-09-20,BNB,81.26750761982846,82.19289298616783,79.82615589696974,80.52135023539162,1176865.8364600474
2022-09-21,BNB,81.6179320783472,81.86756287729072,78.50633289444177,79.30259048645055,1823092.5715743639
2022-09-22,BNB,80.15078295129625,82.85530425047111,79.18269513247272,81.53790271867356,1939683.5691974142
2022-09-23,BNB,81.31636440049614,82.2516499948614,79.6404881188587,81.08397904868188,1265754.614650634
2022-09-24,BNB,80.86464380431337,85.178612319549,79.75255562962114,83.76778946754722,3129424.983101202
2022-09-25,BNB,83.70470506079648,84.90986089705959,82.59804739355906,84.5534006892597,1914672.0129959066
2022-09-26,BNB,84.85478255451794,88.07440220653464,83.61181035776154,87.72175519082373,1452088.389998008
2022-09-27,BNB,88.27160096588365,88.91901353885888,87.48345396478874,88.24320238514902,1319972.7299964873
2022-09-28,BNB,88.66986703318827,90.20951080525633,87.59320558644187,89.67167279247359,1366838.5392442106
2022-09-29,BNB,89.31212315314028,90.70247500700499,88.5610088850599,89.68776181848199,1294516.5657972156
2022-09-30,BNB,88.91255262101295,90.10201006307125,87.77110652053233,89.44711025859583,1714609.8472328223
2022-10-01,BNB,90.1283229973756,91.19891987538273,87.58916895763141,88.24497980714163,1673708.7606436077
2022-10-02,BNB,88.92481565505267,91.64874459714775,88.50995808179167,90.22810975576323,1876096.8079940644
2022-10-03,BNB,90.60265938929079,90.94073147503093,89.8982547182749,90.62115298084362,1523867.7117545088
2022-10-04,BNB,90.9924669475839,92.58427251739347,90.31362016048652,91.96587033026763,1230037.2056093367
2022-10-05,BNB,92.41925685760967,97.53088939014664,91.27827283466856,96.40979316655286,3342280.1906169173
2022-10-06,BNB,96.32259073182946,96.86106353111204,93.33155911417285,94.68728159534872,1776756.6692089387
2022-10-07,BNB,94.9250543107968,96.32740807955594,93.39631430610712,95.1129005618279,1478269.9519471638
2022-10-08,BNB,94.9417494615054,98.2083353123449,94.54683454394146,97.46239468535995,1282068.2821272276
2022-10-09,BNB,96.95936048537813,98.53141744575075,95.5662004128348,97.53849335011996,1425419.7897053116
2022-10-10,BNB,98.39609606871565,106.03040208855747,97.23307117715069,105.56403208361986,2028959.0384518304
2022-10-11,BNB,105.88649401763568,109.68678558512558,104.64416211217667,107.97871322731808,1646382.0159776523
2022-10-12,BNB,107.5711972589298,111.24311031601889,107.44414260708125,109.88826894625645,1057884.0087719148
2022-10-13,BNB,110.30683277126352,113.77727190923511,109.97701118700219,112.00256142183919,1063093.6768541655
2022-10-14,BNB,112.40164214443439,114.10270687322998,111.81761539236774,113.58236000842157,1943664.5566314308
2022-10-15,BNB,113.10565417109326,116.33020381495578,111.4269352296139,115.40617168231086,1405757.6497477905
2022-10-16,BNB,114.97124976700192,118.25833942684159,114.5053823338806,116.58420578452115,1393580.7213033368
2022-10-17,BNB,116.45202965197176,121.50596363394222,116.0150373456238,120.17899186181212,1892242.9008483994
2022-10-18,BNB,120.0969004749643,125.767759792127,120.05287372590178,124.43102717214016,2336167.584143062
2022-10-19,BNB,124.9192815418964,126.16989826577532,118.75444252804951,119.32914546363615,1773985.1165338801
2022-10-20,BNB,119.80635330283496,123.64569427970471,118.9562236677591,123.10419604913659,1010488.4891300654
2022-10-21,BNB,122.64484763459895,123.51573641859531,119.16644969818931,119.93796593736856,1070507.877607577
2022-10-22,BNB,120.18902855924611,126.45031524758491,119.01273177780256,124.8347626509172,2697906.574489275
2022-10-23,BNB,125.63485498799653,127.37049866774797,121.62954059005206,123.29350562366334,1422253.1151846023
2022-10-24,BNB,124.81930482802112,131.09931932445994,124.36091198694402,128.1363323059433,1251133.8863692712
2022-10-25,BNB,128.31779406036748,136.06783248745307,127.50832529839006,134.25307068962545,2334851.615880575
2022-10-26,BNB,133.2935842126821,135.9497948808877,132.6666092381572,135.80347253519318,1521183.1898197536
2022-10-27,BNB,134.86272956243633,138.96044895654634,133.74807654075545,137.7299078513099,1481692.7502826273
2022-10-28,BNB,137.18942450596438,142.39175780152576,136.74317373904356,141.49174278160868,1932126.6397064687
2022-10-29,BNB,141.81031529745866,147.60924707303755,139.29297482053937,145.41681100456847,1975047.3937543402
2022-10-30,BNB,146.0850397301719,149.5726170050123,143.77434045913034,148.21226014581,1709445.180827196
2022-10-31,BNB,149.87733147798622,151.0267342882844,148.26628623079105,150.68250606824702,1365058.6798832908
2022-11-01,BNB,150.74681992934364,154.48864620759335,148.90740814020126,150.83162212032275,1288751.204481559
2022-11-02,BNB,152.8571570640256,154.0839918825358,145.95967533021684,147.59046214228619,1869784.7125323007
2022-11-03,BNB,148.34630049099957,149.54305859310765,143.3083509331111,144.97324465693367,1219024.18326586
2022-11-04,BNB,143.8958652275287,145.84244841616646,143.5958571741493,145.26707568717504,1572301.1986499836
2022-11-05,BNB,144.7497310021007,146.42762440349017,142.60653987297582,144.61765701331657,1841184.7689690038
2022-11-06,BNB,146.10436345738844,150.00476582555277,145.84402900631508,147.9994549889386,1108370.2213174633
2022-11-07,BNB,149.16835360671894,156.12056255345715,147.66819432713217,154.6900555694612,2850651.406342088
2022-11-08,BNB,153.0575813681987,154.15914561787037,151.18730104632547,151.55550797704862,1360379.0570398755
2022-11-09,BNB,151.23667750762343,155.666143519851,149.76772609256403,154.70511914140687,1575802.5975441036
2022-11-10,BNB,153.67374862363778,154.85977688978622,151.1237839002788,152.66158686514174,1634514.5961797622
2022-11-11,BNB,153.07008258935028,160.06754958473317,152.7204313614392,160.0384280966929,2989277.3014686634
2022-11-12,BNB,159.25974319778356,162.86060690628207,158.2120291402879,160.22956172322696,1548143.394873069
2022-11-13,BNB,161.46257549504756,162.08536375451726,155.70845200098626,156.38275819981988,1612822.357748433
2022-11-14,BNB,153.63431258411734,159.03570838646084,150.40053286028683,156.8458049743289,1283705.5475517078
2022-11-15,BNB,157.4570326775241,159.20524056893197,151.48715481511263,152.21411536526352,1307730.086615093
2022-11-16,BNB,152.01521281875526,152.7538898944638,146.63304956836853,148.3296327164719,1011615.813962782
2022-11-17,BNB,147.9881698483416,154.10800398225138,147.18873094228744,151.6463324763218,1109880.2159092354
2022-11-18,BNB,152.43980192489875,156.0954787941545,150.72944907750647,154.56136976208805,1765757.4959399733
2022-11-19,BNB,154.58846915730723,154.5910183094039,151.59992336269246,152.8616940544281,1836341.1525450468
2022-11-20,BNB,153.11209611493865,155.68229229130318,149.54399631490037,151.14135924423525,1527526.591617911
2022-11-21,BNB,151.11797128515542,156.84574363950523,149.45053405940976,154.38252545260627,1694790.3173724164
2022-11-22,BNB,155.12261293469902,157.8999858499425,152.3400445821506,155.81776651626018,1574707.5853278681
2022-11-23,BNB,156.68959749417814,158.09355929823508,154.90830758375355,156.4854589197115,1831273.402745843
2022-11-24,BNB,155.67358285392527,156.5927677673322,152.7789499137407,156.39166930029742,1263987.0239157712
2022-11-25,BNB,154.3968132467712,155.24485854720953,149.50993878952613,152.13435062573177,1317134.2930335267
2022-11-26,BNB,152.0683090911894,156.4696780424167,149.6544576456456,154.42844741165834,1344924.4202850976
2022-11-27,BNB,154.9217346886109,156.67392541056918,146.0195594815648,147.7948243045046,1616633.194608473
2022-11-28,BNB,148.76318054936962,150.93297684204313,146.3888542621736,149.33713136159722,1654422.4297946894
2022-11-29,BNB,149.81099570650352,158.3961410869585,148.70564315005018,156.25784570217075,3215978.8262508963
2022-11-30,BNB,158.13339865681849,160.98453230055665,154.16404625218695,155.2259780230769,1410347.8521456781
2022-12-01,BNB,155.71718244134652,158.71499892569665,154.2242607893782,154.4046245076915,1707938.7181844094
2022-12-02,BNB,153.99222960874215,159.42091452531008,152.1712861117636,157.0714431828086,1999027.689426694
2022-12-03,BNB,156.06325369795218,156.89832614150208,149.2116054934958,149.93781298855782,1487602.1484615789
2022-12-04,BNB,150.83166255684822,154.3587128673294,149.90015661909533,151.02289131678523,1612646.767312919
2022-12-05,BNB,150.25054248390717,150.40313319621038,149.2370331419681,149.31549729342487,1076155.3264808469
2022-12-06,BNB,149.2304674554441,152.97721177978295,147.84197742338986,151.42688767664205,1404718.4066608325
2022-12-07,BNB,150.7533310321308,153.55509974945386,149.54705207964855,150.45258863443178,1139086.2181117474
2022-12-08,BNB,149.84036685701395,151.47743588762683,148.72466601792456,150.19374421063245,1799722.4194691924
2022-12-09,BNB,151.3116755774044,153.64088483208687,146.069969910018,147.76940433104693,1386413.370838824
2022-12-10,BNB,148.50824322205526,152.26017052256904,147.20663172702137,150.66402400471054,1961447.5855515776
2022-12-11,BNB,152.0368634282288,153.87709019637634,147.64056512668662,148.07264630990448,1617270.33964183
2022-12-12,BNB,147.89207547857387,153.30212630704293,147.35403829102611,151.56472537281724,1324086.4090543569
2022-12-13,BNB,151.55305892221114,156.16073520392308,150.55801467650244,153.33028357743265,1175571.7499970288
2022-12-14,BNB,153.16153625640885,154.58721038025143,152.61614516486705,153.65421870812193,1763163.473121204
2022-12-15,BNB,152.9559223535799,158.89017938300682,152.68013245979256,157.73398774755012,1928417.063793623
2022-12-16,BNB,158.16553720333104,159.26587319974908,154.43925645988767,156.09608191267714,1904660.0658918316
2022-12-17,BNB,157.2003745411851,159.42174326643305,145.16178955092002,146.99926816341164,1603610.4949471157
2022-12-18,BNB,148.00974434398643,149.32217879764409,142.1007620010546,143.56876574033532,1887953.8400045177
2022-12-19,BNB,143.3896873590366,144.77023245880568,138.885589977624,139.82618939597836,1303441.5073023466
2022-12-20,BNB,139.89720930889345,140.3554873536619,131.70208508148542,132.51634975405432,1626369.1817923626
2022-12-21,BNB,132.197786900655,136.22642475114935,130.25011974803652,134.6258936114799,1134579.1839609158
2022-12-22,BNB,135.80984943903383,136.5476987923275,134.1072073585477,135.4572134181569,1001598.9086395778
2022-12-23,BNB,135.1871825562289,141.59552828245683,134.6223939841913,141.03735494149362,2660855.814935254
2022-12-24,BNB,140.53041207411027,153.0455513348202,139.59534254916431,150.45812869213296,2983361.7011744953
2022-12-25,BNB,150.16569928131682,152.11464829209447,148.7778490713852,151.92801536173732,1324536.5765747735
2022-12-26,BNB,151.2815885077035,153.5402851197357,145.40935960027142,146.35058908740294,1407541.0707382893
2022-12-27,BNB,146.33043429594585,147.85496897544988,144.0158418037386,145.35592062880968,1878497.506207061
2022-12-28,BNB,144.2698172302356,148.8671608958003,141.977200504424,147.6151400439723,1150345.9281454654
2022-12-29,BNB,147.35413243979954,148.48214003000362,141.25710914706127,142.212238440784,1926929.171717242
2022-12-30,BNB,140.56587585717077,142.9662217236193,127.22364763386976,128.9541199411446,1817986.5601427343
2022-12-31,BNB,128.93032893948194,130.97861272064665,126.56188579719209,130.56816089619855,1699328.2644248276
2023-01-01,BNB,131.25729018050626,134.69726207554294,128.95244178885497,133.9193931261486,1105291.9897997216
2023-01-02,BNB,133.1182524971302,134.6484746342689,130.1330471174515,131.74127740994152,1799240.377055058
2023-01-03,BNB,131.06863174639267,141.204860703595,129.55547951676155,138.29531391735918,2928644.7797616767
2023-01-04,BNB,138.44430595064495,139.47827040844103,136.41128420020382,136.8132088224884,1215979.1268423742
2023-01-05,BNB,136.74044899943345,139.46148609662856,133.72268317077283,134.4819075507418,1733318.6185147937
2023-01-06,BNB,134.45961821068957,136.45563166864974,133.08337883925418,135.6602398497793,1903318.2637395144
2023-01-07,BNB,135.3552458541069,135.54363380305847,132.15308088666077,133.382297320949,1537621.3254682224
2023-01-08,BNB,133.93381275905716,134.9449515893048,130.77798978744022,132.44194237795213,1962469.647835392
2023-01-09,BNB,132.91348310018813,134.67220983955025,131.75599661725684,133.05814584266406,1033094.6856483219
2023-01-10,BNB,133.69550465644582,134.01439421484656,129.30770932830882,129.38315712519508,1916211.6537785877
2023-01-11,BNB,129.50963229627666,135.7482989339086,127.4721087146226,134.32872402413173,3283425.461078243
2023-01-12,BNB,135.0249402381489,139.03335810604614,134.10013924912172,137.03441675985383,1639744.2524508552
2023-01-13,BNB,136.25581668185345,138.45967950063803,133.6471333231008,135.52243957576877,1022291.9962035269
2023-01-14,BNB,135.1130885071188,138.31429086366128,134.0208759896534,137.50820774604819,1536194.0427665454
2023-01-15,BNB,137.95067481358333,139.76075930235692,130.6729133838385,132.16154238571846,1541407.9076745075
2023-01-16,BNB,131.00597927018168,134.02521201104133,129.1738440485457,130.60814410588642,1395164.6395809469
2023-01-17,BNB,128.89507515898413,130.43309014466368,121.13167181582546,121.73565214558849,1255686.2972731197
2023-01-18,BNB,121.69168885466175,123.45330635307533,115.41230294575965,117.06606925649682,1842464.1887410344
2023-01-19,BNB,117.94279498028332,119.27468221931117,116.97796348000148,118.68465466001192,1856669.6004532655
2023-01-20,BNB,119.62719816211595,124.42403841061959,117.98969156120353,121.94921706960342,1272211.2680809596
2023-01-21,BNB,120.92862099513233,121.44279858167215,118.20366442187442,118.3665352750265,1271117.8316276197
2023-01-22,BNB,118.71282025322238,119.60930061349191,113.46811955054264,113.92577989769246,1354423.2721497412
2023-01-23,BNB,113.71266928635514,114.06760147170053,110.91112844715138,111.7755655742018,1683837.7242998162
2023-01-24,BNB,111.97724202897344,112.79125443258759,109.94379134046919,110.47992809590858,1070910.9255769383
2023-01-25,BNB,110.9194843895809,117.06008639965128,109.9268437250912,116.39550830003787,1914974.7265575044
2023-01-26,BNB,116.12908849349692,118.00935487820294,110.90828415108086,112.11788568224823,1507830.3040972943
2023-01-27,BNB,111.96193109214674,113.9080776664929,108.67997270572631,109.69593853436267,1002078.1225452385
2023-01-28,BNB,109.6584436889288,111.1832500137094,105.39152143410281,105.85980217360229,1147124.232347331
2023-01-29,BNB,106.79132442378273,109.84018118041575,105.11725576623317,108.75363951018225,1351005.88978484
2023-01-30,BNB,109.34026379419392,109.87091369724027,106.73287587116813,107.35273452551509,1335363.1198755698
2023-01-31,BNB,108.32333901683145,110.3859377954039,103.08714092229485,103.89093429383628,1761050.5814309614
2023-02-01,BNB,104.57750683140341,104.64726191668014,100.00579505049403,100.41756423324921,1240899.8444517283
2023-02-02,BNB,100.42678881584315,103.1745206087731,99.94587503031647,102.396031790949,1972604.8682376447
2023-02-03,BNB,103.23034113428467,105.34668431898314,102.95873290294338,103.34278249909684,1386191.0071010035
2023-02-04,BNB,103.00084206194659,103.59450892730005,100.8251611169624,101.74073356675231,1776299.550655867
2023-02-05,BNB,101.69560943543452,103.31355887549515,98.95892409229685,99.76582807014007,1853996.077242357
2023-02-06,BNB,99.37204338266459,101.24799834125767,98.19587186846671,101.18630405839606,1498188.1161836318
2023-02-07,BNB,101.21450658906575,102.24426564717497,99.97145330708926,100.18153895327114,1714757.0619788147
2023-02-08,BNB,99.94838399207772,100.6098869919012,93.01310743993514,94.19412905868293,1785271.9494499725
2023-02-09,BNB,93.714501644011,95.01562763497505,92.9855254835798,94.93562029509684,1388920.2735331727
2023-02-10,BNB,95.03348586581629,95.05608072617869,92.79323545375587,93.19140187847015,1352682.5560113438
2023-02-11,BNB,92.32545663463964,93.02492622225918,89.64369170919365,90.19819974230886,1445682.5766300338
2023-02-12,BNB,89.52542052262935,90.57918179194725,84.04597797964819,84.83562545556399,1192480.9006392062
2023-02-13,BNB,84.54858769827956,84.8896013799816,83.25733618174068,83.93422035323518,1693381.525350806
2023-02-14,BNB,84.11318036645284,84.40032899227764,81.1054667321454,81.67217605120754,1863054.829543951
2023-02-15,BNB,81.50425888734112,82.91920338562905,77.0194148861127,77.43523609592107,1617592.4704261795
2023-02-16,BNB,77.20902035703648,77.57857704270664,75.90226698943125,76.46154639892673,1499365.3874035915
2023-02-17,BNB,76.6540964945965,77.29217371940527,76.03857938770801,77.14257117183068,1979601.513816566
2023-02-18,BNB,77.04196514652867,79.70773458517141,76.70513313747303,78.82589433388061,1120939.7843878863
2023-02-19,BNB,79.49012952312215,79.98992530678532,76.90710504431209,77.53201485819514,1216864.1267605056
2023-02-20,BNB,76.51354544550131,76.68011071046567,73.0614596210541,73.87774765400955,1895818.0371376134
2023-02-21,BNB,73.21580316812233,73.33783341917037,71.7438546455156,72.21782482178493,1325485.8114835373
2023-02-22,BNB,72.47791849453569,75.35714496064237,71.97558541476819,74.77282647293845,1940512.861764346
2023-02-23,BNB,74.88707028365685,75.785117367981,71.27454738208507,72.01962611491972,1807029.9353027353
2023-02-24,BNB,71.47850365956273,71.72650532628789,69.47428537955662,70.04308640598822,1788409.9216763563
2023-02-25,BNB,70.01842815070528,70.57970561271694,68.73436759088399,69.96328726264603,1689697.6348386216
2023-02-26,BNB,69.74059047693805,69.97128120056003,68.3026057784952,69.13585984988491,1022890.2105577991
2023-02-27,BNB,69.03378007338453,69.11954440310772,66.69442319956617,67.30205631851757,1091496.0683884374
2023-02-28,BNB,67.04405651526675,69.34644278694869,66.32755156358803,68.84699478413299,1687288.8698479773
2023-03-01,BNB,69.42575658068911,69.48619004900412,62.719027553111424,63.370930094122606,1338511.579604642
2023-03-02,BNB,63.68354195244493,64.60082456601378,62.73924451656262,63.93906411900262,1249212.9970264123
2023-03-03,BNB,63.19133486447886,63.623433968640605,61.65652198937185,61.986745488120555,1053667.327117577
2023-03-04,BNB,61.61070216442182,62.35051920306329,60.39986754981586,60.92503751491717,1615356.394243732
2023-03-05,BNB,60.67946926075944,61.13726839236131,59.98713400431474,60.81153441697436,1015936.352640955
2023-03-06,BNB,60.72524668635801,62.10548726050327,60.20432667450572,61.53546299001719,1900993.0989931384
2023-03-07,BNB,61.5839194230985,62.04683030586534,57.27540807992527,57.99626508795686,1460918.8191521976
2023-03-08,BNB,58.162449811399135,58.72336903556902,55.837662119457185,56.406761162179635,1019790.1589539457
2023-03-09,BNB,56.588418383084544,57.35047811884196,56.3946822649968,56.54251333197203,1560995.5756435057
2023-03-10,BNB,56.67278895531195,58.35700685542744,56.34449529640795,57.149330164325285,1897883.7234590827
2023-03-11,BNB,57.53175963494548,58.0482873062334,54.669367531626584,55.567948938048566,1533147.9639413522
2023-03-12,BNB,55.51041644966228,56.04070553267974,53.797804419312406,54.50905320770833,1518179.7437701863
2023-03-13,BNB,54.803357697747806,54.87332291193836,53.2182987402458,53.70949966942358,1358242.8254420464
2023-03-14,BNB,54.055395768358196,54.1659853629136,52.3017969647569,52.46890964603841,1629404.8034287987
2023-03-15,BNB,52.67170374169879,53.1530410860872,52.516742848454115,52.99816378977826,1906542.0172025254
2023-03-16,BNB,52.57160726018892,52.853075194592535,51.46442558423062,51.79925006408724,1574758.104787961
2023-03-17,BNB,52.00841461943329,52.61621939259229,49.597070884438786,50.67689884873465,1967631.328557648
2023-03-18,BNB,51.019914658274296,52.00230504103566,49.30803279101169,49.95168905294928,1267772.3120993196
2023-03-19,BNB,49.776092524867146,49.8036137127993,49.35990367248351,49.796050455084135,1595744.7848676073
2023-03-20,BNB,49.526309317179894,50.844798431696226,49.04888045722373,50.688798402981604,1396270.483632802
2023-03-21,BNB,50.848881157220255,51.56167022898256,47.57320109581639,48.04331477474717,1698733.5590987364
2023-03-22,BNB,48.370052500235985,49.630770203521486,47.53412541590475,49.55637170535016,1237104.818655343
2023-03-23,BNB,48.974306167319135,49.240730366198825,48.096130006895855,48.815014513726496,1775268.2482855201
2023-03-24,BNB,48.67919322193794,50.61586309480246,48.5579528105137,49.676629019717566,1970562.23060729
2023-03-25,BNB,49.99269913830747,50.13271707143828,49.658072742802894,49.880884540265356,1102335.003034434
2023-03-26,BNB,49.57565824032099,49.84001462134594,46.224381535034816,46.60675552429144,1307839.3012078013
2023-03-27,BNB,46.448897491604555,47.64015682964588,45.93586358680628,47.01685704798482,1572248.4528305496
2023-03-28,BNB,47.298439040586395,47.558639360047316,46.83639117703327,47.54986974739593,1277440.0989080034
2023-03-29,BNB,47.84563646769454,48.48106321245229,47.13623821463828,47.89705079596932,1393466.8213881806
2023-03-30,BNB,47.74907637471071,47.95748932439896,47.35471867125735,47.75526741783879,1137925.3858346776
2023-03-31,BNB,48.031118527788344,48.63689684952634,47.639095472591094,48.60132374703517,1679783.3575798867
2023-04-01,BNB,48.955394105180034,52.078879788767516,48.587395142897705,51.39526859274137,2104547.6295163603
2023-04-02,BNB,51.2707501856603,51.56470440794108,50.670317826598094,50.95926004566991,1964754.7922153703
2023-04-03,BNB,51.22482024011269,52.34139000420382,50.668079506561256,51.76127031431207,1716456.3514419915
2023-04-04,BNB,51.58579421768968,52.22633611133735,50.856098061380635,51.31160553862554,1295741.7912376772
2023-04-05,BNB,51.54737412327119,51.97232318500907,50.677573027582056,51.115077856503355,1805939.858678759
2023-04-06,BNB,50.41293376684376,51.61776436026265,50.0671424265161,51.25421034675609,1288535.563052553
2023-04-07,BNB,51.776513516344906,53.478770900772375,51.5626233120533,53.39898463755887,1767279.9182336715
2023-04-08,BNB,52.55716097676124,53.1526822404439,51.44617649516844,52.14260003570749,1473015.5763386493
2023-04-09,BNB,51.9061974804194,52.37296886681177,49.64792148531334,50.319676238390066,1673855.6210252268
2023-04-10,BNB,50.58006098646945,53.03892843196177,49.985866516303126,52.287045525439225,1873550.4633469281
2023-04-11,BNB,52.63508076660598,53.38069931504758,52.03687213298715,52.864902277952716,1611907.1980038057
2023-04-12,BNB,52.67196651000451,54.095366665680615,52.31460794619987,53.36924865419113,1678811.5923730715
2023-04-13,BNB,53.2221872496085,53.845476621466844,52.958061815330026,53.396883751443205,1396352.2188643194
2023-04-14,BNB,53.933130654729986,55.74612352909886,53.1836606709927,55.329304630287595,1846016.8751779671
2023-04-15,BNB,55.568741898862605,55.569448883504116,53.42260086004011,53.65810872604443,1448715.1168818327
2023-04-16,BNB,53.50400397806572,54.39238365593437,53.02417698307386,53.85917709948,1813844.0714837082
2023-04-17,BNB,53.78395097766247,54.343953180997566,50.146952140169304,50.69582100363224,1770864.0206246728
2023-04-18,BNB,50.822283580226014,51.51368386059661,49.4466064495825,49.617014806057185,1208958.2029763951
2023-04-19,BNB,49.42897382791165,50.2179323035689,47.122799335033264,47.638730712362936,1597816.1189970903
2023-04-20,BNB,48.20181337879455,49.073605577677824,47.549957829353374,48.899809951681604,1316685.2165454323
2023-04-21,BNB,49.23704000797701,49.436356799091314,45.22566640383116,45.81196766854146,1256250.9730469435
2023-04-22,BNB,45.93645762555994,46.97633022477743,44.61166866538481,44.88830658350996,1144543.7220895328
2023-04-23,BNB,44.32269048151063,44.47394036036924,44.26189986512198,44.38128669445323,1271516.8744328732
2023-04-24,BNB,44.141264678680706,45.83441162350068,43.96688140892275,45.55284549389333,1724208.31304675
2023-04-25,BNB,45.49525508413183,46.7280937899095,45.030631257633864,45.92818909487614,1065021.5360918264
2023-04-26,BNB,45.60731064455035,47.74607757822144,45.19967275449032,47.170677048246276,1429388.656174849
2023-04-27,BNB,47.34020885817217,49.35946077430979,46.838252553433,48.81407140277155,1204848.5123245944
2023-04-28,BNB,49.317586104130804,51.27475274485291,49.057328774441494,50.40883997023316,1699882.6683235758
2023-04-29,BNB,50.492935531584685,50.99181854235859,48.95347145239431,49.494669315225906,1090030.4716760556
2023-04-30,BNB,49.86372446457361,50.6600147368677,48.75476324576027,49.33490379044008,1498933.3221562537
2023-05-01,BNB,49.44771011486285,49.47814064891963,48.365245536414335,49.08042893600914,1738779.4048450561
2023-05-02,BNB,48.8385558998404,49.5175060302753,47.59443364362351,48.394985031417164,1085604.3036228907
2023-05-03,BNB,48.45975958508231,48.92953160154246,46.677684471132295,47.1732285376298,1302480.1823274635
2023-05-04,BNB,47.02684840346965,47.6084052367102,45.51037322300632,45.62175937473018,1962842.0754460571
2023-05-05,BNB,45.85192261518187,46.175626284144435,45.33672364174523,45.85439340401154,1280614.8274921356
2023-05-06,BNB,45.85359161171999,46.14282516256245,43.8053398803245,44.57971194116462,1728672.6297555864
2023-05-07,BNB,44.421742780122145,45.614683285013335,44.1696458018,45.52515510186432,1924089.7364229807
2023-05-08,BNB,45.995408617896196,46.05312037113297,44.41730392188762,44.80401358257398,1784088.9242759936
2023-05-09,BNB,45.15300692003131,45.404242370416235,44.222995145859635,44.664305895317966,1382905.3696127036
2023-05-10,BNB,44.594982593959514,46.1612535395112,43.9448478377366,45.46891170021117,1472640.939548283
2023-05-11,BNB,45.37786370809371,45.49261439600344,44.46720225188569,44.83414544201397,1572388.1527087614
2023-05-12,BNB,44.88843286251035,45.42493537618767,43.0216822902834,43.4050671244419,1053063.0380370477
2023-05-13,BNB,43.51129641768484,44.327062674604065,42.66031292853108,43.1238855718844,1835587.715404504
2023-05-14,BNB,43.12991521772896,44.22170485170646,42.536930411657515,43.766375383645496,1991144.1507968807
2023-05-15,BNB,43.88955814950586,45.027075712656085,43.520045157635636,44.80143144955351,1337436.7971693564
2023-05-16,BNB,44.411023980509256,44.92767013066595,43.82883670892743,43.897864121303115,1334667.4965895987
2023-05-17,BNB,43.93425112229871,44.1960928307683,43.87754115388886,44.0370489415485,1702467.204670942
2023-05-18,BNB,43.873392057518195,44.54285229261287,42.50341471900164,42.95872725359565,1111720.833061709
2023-05-19,BNB,43.38047485515878,43.46222007304091,42.70680736212431,42.8592109368249,1860486.0418407547
2023-05-20,BNB,42.266006401631245,42.88583801348492,41.16960359826174,41.827590370516,1632687.139337555
2023-05-21,BNB,41.78802628835352,41.95595675865994,40.91945749820915,41.29257117002667,1714046.1957006918
2023-05-22,BNB,41.109464138722416,43.366914105230954,40.655689771123605,42.74477008776981,3321280.3354527447
2023-05-23,BNB,42.452099229990594,42.58988492609457,41.81593228213653,42.255396290922356,1367895.275661644
2023-05-24,BNB,42.48203958197849,42.7403741100219,41.477475161772226,41.78825621531006,1169333.1567752718
2023-05-25,BNB,41.548174292444514,41.62050696165067,40.28915744136816,40.67071257240048,1354231.078824436
2023-05-26,BNB,40.66761088798306,41.744423162043894,40.33582630553057,41.57625219765921,1601850.6972342164
2023-05-27,BNB,41.822412412229845,42.41711411475536,41.08423644105474,41.51450237342356,1453438.2368818289
2023-05-28,BNB,41.22889528438699,41.807215167259116,39.56485137900953,39.97982734200112,1242492.8379227773
2023-05-29,BNB,40.10671296359364,40.817560598344244,37.85244325290428,38.065876838269446,1934784.9860857595
2023-05-30,BNB,38.06448850949095,38.649658096775134,36.275024735086205,36.82764247663783,1265518.0243481484
2023-05-31,BNB,36.774076009455364,36.88421327422747,35.92042709117889,36.232519171591996,1878694.7683284825
2023-06-01,BNB,36.17925950956946,36.492884343327525,34.22854459974735,34.746898710753754,1528000.355727903
2023-06-02,BNB,34.946862186634,35.380138323044235,34.38411561630075,34.70932393601001,1331209.9075870551
2023-06-03,BNB,34.46047055808128,34.74982221346537,33.84873858648383,34.08307592940574,1217860.0820165882
2023-06-04,BNB,34.03457369824345,34.99302785450899,33.535940650926165,34.56000782280476,1460763.278511518
2023-06-05,BNB,34.26710500873281,35.681478189207226,34.05253037143542,35.56328236632786,2599191.6013481636
2023-06-06,BNB,35.55484803019154,36.15659821262318,35.20199528854806,36.11585408893629,1670654.6973816056
2023-06-07,BNB,36.33999672893432,38.53090593208769,36.14427378374003,37.851926268002295,2110394.029157567
2023-06-08,BNB,37.77569420186306,39.05190426139234,37.40651624309037,38.350791825639526,1691038.3121758506
2023-06-09,BNB,38.07332007505088,38.861857020256956,37.70815222693869,38.45785859996525,1646253.9856268165
2023-06-10,BNB,38.24557750551082,38.84393232152263,38.0871765973654,38.477534938929374,1456839.588896145
2023-06-11,BNB,38.15251693781201,38.42093282714971,37.509552692750056,37.76690474179262,1689293.8324273988
2023-06-12,BNB,37.39565327542108,38.01045863346928,37.24212167971921,37.87795865917282,1243742.1259119564
2023-06-13,BNB,37.86166608039575,40.931799820185454,37.24448562606149,40.586840368289685,3154245.2405711566
2023-06-14,BNB,40.62127631230942,40.901826034713544,39.55714923003971,40.010446549212304,1802896.437475805
2023-06-15,BNB,39.90278176806164,40.41887679195301,35.523265080821375,36.35177223599773,1648969.1735838896
2023-06-16,BNB,36.31998263080206,36.88054362732094,35.70630223063974,36.11714090997253,1122018.105913581
2023-06-17,BNB,35.999290744064645,36.597811513886626,35.5715756826248,35.7711276656081,1049037.397582875
2023-06-18,BNB,35.52184957852787,36.97500119939675,35.03406745654401,36.600626821244006,1675000.0568263337
2023-06-19,BNB,36.46261201342361,37.94126993551041,36.38665168401416,37.41267662027837,1952659.400286435
2021-01-01,XRP,0.3969722137647995,0.40390306772185836,0.3795222869602159,0.3843525945328155,1852641.5585070755
2021-01-02,XRP,0.388028050175599,0.38892464747921696,0.3716774242598613,0.3779755896800892,1330319.3124734766
2021-01-03,XRP,0.3769067590178905,0.3809886812499091,0.36138324527631666,0.36519291928534514,1349001.3569307427
2021-01-04,XRP,0.3664952667218067,0.3748810434591933,0.3529909895825329,0.355166902960713,1126621.863293459
2021-01-05,XRP,0.35414127799211875,0.35822197899840164,0.3499656838330563,0.3534736664105772,1895232.4309246258
2021-01-06,XRP,0.3509898914345243,0.3515411632963948,0.3466741918472928,0.34866859612489964,1104750.5991609232
2021-01-07,XRP,0.34934352128576124,0.3557202950798736,0.32726216683292275,0.3307618809795176,1072816.6734641765
2021-01-08,XRP,0.3304953255663747,0.3341104094525656,0.3224785735933249,0.3256770729271233,1427003.3525763853
2021-01-09,XRP,0.32549044224710866,0.3315240573282397,0.32205864356358316,0.33013262738237237,1365171.4587196864
2021-01-10,XRP,0.3320866246650977,0.33785950864320186,0.3292117838072123,0.3337645388567271,1830927.0812764443
2021-01-11,XRP,0.3316289322066585,0.3362658461580698,0.3306030036484182,0.3341718677711989,1990768.2215841725
2021-01-12,XRP,0.3352700720658609,0.3529952392434395,0.33445709513626276,0.3485504469631173,3547985.5078764716
2021-01-13,XRP,0.3495007629415445,0.36393635296190785,0.3470332352301414,0.3607101745445734,1535246.6875790393
2021-01-14,XRP,0.35776911986950016,0.3633641486741657,0.35230741883982575,0.3630449179937519,1914770.201249971
2021-01-15,XRP,0.3646809998565155,0.37017084388116356,0.3641542642126693,0.3652868109972905,1429583.3510985945
2021-01-16,XRP,0.36495348504581965,0.3911495344445511,0.3626716251188482,0.38953577236772,1959355.9492299599
2021-01-17,XRP,0.389725441657881,0.40159340350467204,0.38587977312143273,0.3989231454446382,1224193.473102281
2021-01-18,XRP,0.39595636344604657,0.4091518769668515,0.3916674013804563,0.4062258700359338,1932092.7743848132
2021-01-19,XRP,0.40388446763196484,0.4195323421233517,0.40304647047636205,0.4173298699029028,1270414.1879504577
2021-01-20,XRP,0.4172714635808151,0.42033020505295227,0.4108863245769705,0.41582692202456417,1110380.9998522673
2021-01-21,XRP,0.4131632668810016,0.41511147889110644,0.4035561417621192,0.4105181543797763,1640209.929076137
2021-01-22,XRP,0.40578270277114115,0.4104845614282899,0.38924517691352445,0.39478055849991817,1070879.8159533027
2021-01-23,XRP,0.3908545328433808,0.3964776257264702,0.3844449295157144,0.3882897291768579,1071484.3700088346
2021-01-24,XRP,0.38538686317025583,0.39325092346891405,0.37893078967859556,0.3896701319172482,1932355.8748171022
2021-01-25,XRP,0.38803760708164275,0.3994566752558982,0.38427548863728045,0.39367177554532773,1263631.6472895248
2021-01-26,XRP,0.3916329752047893,0.3962469534731692,0.3857998839726808,0.38800552784571685,1893407.2389905632
2021-01-27,XRP,0.38674220439621004,0.4039688702225762,0.382513518649729,0.3963121654102186,1856280.2987025534
2021-01-28,XRP,0.3991773021690273,0.41392139740620765,0.3946266557906717,0.4084511236719199,1288925.7190892715
2021-01-29,XRP,0.41137539486235913,0.424711664794952,0.4078824314770673,0.41799277508062627,1942970.2986405774
2021-01-30,XRP,0.41930191302424813,0.42214827307419156,0.4095604018278943,0.4170904580256626,1326343.6999624867
2021-01-31,XRP,0.4212317309478415,0.4230512205453984,0.40481204624976114,0.4071880868305978,1871390.2535181553
2021-02-01,XRP,0.40846401392220383,0.4125138922926232,0.4063890451584257,0.41094248160820424,1684489.5997979743
2021-02-02,XRP,0.4074941109142311,0.4171595815181379,0.40091630855955507,0.41165848873403155,1235377.6239185268
2021-02-03,XRP,0.41282809360793216,0.4195325496618931,0.40748961477797846,0.4179939467007634,1117112.1944388852
2021-02-04,XRP,0.41616490860719135,0.4227588808980201,0.40377907633732263,0.40729193594120044,1831305.123767843
2021-02-05,XRP,0.40417624503216104,0.4100944155136906,0.4012710633663501,0.4069664046156737,1909078.721921201
2021-02-06,XRP,0.40584503375441633,0.43139592612922756,0.40150166364545953,0.4260120536554234,2367875.6011566664
2021-02-07,XRP,0.42776190727917485,0.4357785350812866,0.42227739856615715,0.4291189181730395,1872516.471344805
2021-02-08,XRP,0.43332324669021915,0.43949985728801594,0.4185693121079086,0.42031526640562944,1863532.1299784505
2021-02-09,XRP,0.42378103008141627,0.42745840809306157,0.41732080848429054,0.4209651523432693,1986908.888965055
2021-02-10,XRP,0.4240093473837486,0.42855533998370127,0.41910725000456334,0.42056896780000563,1125696.3424154124
2021-02-11,XRP,0.42023771287196304,0.44035180919550476,0.41637468496259067,0.4387285996586332,1809998.4269641151
2021-02-12,XRP,0.44551080932763076,0.4495781061009976,0.4279573531638553,0.4306192283416462,1649088.8937953727
2021-02-13,XRP,0.43216082824344726,0.4446322511291949,0.42841860484574057,0.4400800661030043,1501311.1629781653
2021-02-14,XRP,0.43983791258896127,0.44227338098183966,0.43464493076382066,0.44172411667325445,1843172.0526983426
2021-02-15,XRP,0.4409599724810701,0.4411039288875833,0.42072939158312717,0.4237321625511545,1978644.2108591718
2021-02-16,XRP,0.4222028679836329,0.42632961658040197,0.40899090775479174,0.4151225533920338,1667496.5989335733
2021-02-17,XRP,0.41320996498076507,0.4173213970389771,0.40788374543830985,0.41242909272414313,1760607.5676378289
2021-02-18,XRP,0.4124978829460357,0.4129642622606592,0.40583246988274385,0.4108843209256291,1980972.646089183
2021-02-19,XRP,0.4131642430326141,0.41790812580402126,0.4046174713670887,0.40898864110263944,1196056.8915030924
2021-02-20,XRP,0.40527123672456106,0.40872961699028915,0.4049463179214422,0.40638441812407505,1201387.707299208
2021-02-21,XRP,0.40580034035323864,0.41811401575754464,0.3984957575909058,0.4148091383852345,1248133.9535482728
2021-02-22,XRP,0.415265699793262,0.43866034667637827,0.40692358379649196,0.4293174036314379,1840855.9088474177
2021-02-23,XRP,0.43508996571002845,0.43625880671867556,0.4147100534379696,0.41704354080314826,1283880.383649346
2021-02-24,XRP,0.41503061837101873,0.42640280153510807,0.4095573817862946,0.4231368153758624,1298833.6578795002
2021-02-25,XRP,0.4283978620650844,0.4290643940141586,0.4104593438011179,0.41281717969885223,1743780.01616658
2021-02-26,XRP,0.4141083806280327,0.42753146543310805,0.4112163673078385,0.42350562515897505,1931067.595570282
2021-02-27,XRP,0.4235304684655336,0.42991123496063105,0.41439256128050095,0.4178025343508206,1826296.5766877905
2021-02-28,XRP,0.4177168083114511,0.4210437607678035,0.41052480465386376,0.4166690200479585,1298582.2252544435
2021-03-01,XRP,0.4143639608415113,0.4155593590471183,0.40427268707969266,0.4082328103665482,1777740.09961259
2021-03-02,XRP,0.40760420932690844,0.41309343917253794,0.39209821392101146,0.3941131424242951,1992484.3683150064
2021-03-03,XRP,0.3948778688841616,0.3967975188453281,0.39380801633047896,0.3941589366882896,1050700.6782247385
2021-03-04,XRP,0.39736068008206504,0.40038694764263133,0.3837771933511813,0.3848337941835925,1686595.6883387829
2021-03-05,XRP,0.3826397614311441,0.3899983132367359,0.3782944515648668,0.38765381245633984,1333754.792122762
2021-03-06,XRP,0.38346643610590403,0.38989180704583687,0.3789470288182183,0.387507771270197,1978407.009574384
2021-03-07,XRP,0.3882814357027605,0.3940132006160993,0.3831352284888701,0.39352420073758515,1040026.0128109431
2021-03-08,XRP,0.392926517364542,0.39715025245134505,0.3823494697949736,0.38785759345650084,1765510.415552569
2021-03-09,XRP,0.391029895483865,0.39701066166060744,0.3873398094997087,0.3921255272695766,1306635.3907723208
2021-03-10,XRP,0.394100610010905,0.4063625493469752,0.39223975934366867,0.40594323015462386,1467496.109054879
2021-03-11,XRP,0.40573779856190445,0.41132460060850057,0.39639846874956797,0.3992932285929551,1642222.9346446956
2021-03-12,XRP,0.3973103144907955,0.40046512107010024,0.39094446509842234,0.39915814343966344,1804428.6044607665
2021-03-13,XRP,0.397854427421589,0.4043565039646019,0.3922734942293314,0.40225033200624905,1594951.7579966777
2021-03-14,XRP,0.3982376328899343,0.40057125636314694,0.38291750034452754,0.38531732183575207,1773899.4361841325
2021-03-15,XRP,0.3809725756464295,0.38627894266332047,0.37527681936590995,0.37981803260623587,1852820.866681605
2021-03-16,XRP,0.3806688901371436,0.3875632876390011,0.36819814217688884,0.3722291589298801,1030035.6319224973
2021-03-17,XRP,0.3742719678330051,0.37883384302072765,0.3593318536113789,0.36437639321934095,1735505.8033855075
2021-03-18,XRP,0.365221517300747,0.37033229618433317,0.3641423226388671,0.36853479093868585,1562767.8870509353
2021-03-19,XRP,0.3705596679080246,0.37622464275047685,0.3622476409608715,0.3646783947525718,1288346.942082058
2021-03-20,XRP,0.36487554716681325,0.3662883123899775,0.3550552050168302,0.35642237308052027,1650276.7760949722
2021-03-21,XRP,0.3565282222933691,0.37325972924980944,0.3528633166487239,0.36973733626339633,2300670.7339531155
2021-03-22,XRP,0.3697038721679914,0.3752940011939927,0.36176142503569164,0.36492542794268185,1009384.555204929
2021-03-23,XRP,0.3594139250808307,0.36390535530614093,0.34197656397318527,0.345232253609279,1116385.3108161583
2021-03-24,XRP,0.34676002122454436,0.355111514236843,0.33341930007457854,0.33728603940731955,1767120.7718091528
2021-03-25,XRP,0.3400758640001821,0.34064788784675015,0.3303433845586883,0.33374403163474825,1240317.2491548122
2021-03-26,XRP,0.33284889943004364,0.34327065120048933,0.33138064576582044,0.3420612591889962,1651151.2815825753
2021-03-27,XRP,0.34267699823617703,0.3584072173263415,0.33950500758605867,0.35661472901758845,2445987.0401774882
2021-03-28,XRP,0.3529247770521928,0.35653823975501,0.341386541804934,0.34617005060880496,1988705.85921634
2021-03-29,XRP,0.3469751518803208,0.35740061901307585,0.3446484448447272,0.3510155297733814,1519430.621419041
2021-03-30,XRP,0.35126553200495225,0.3544556598247803,0.3425488593216838,0.34407822865107024,1073957.9612433384
2021-03-31,XRP,0.343903761551069,0.3439265118036457,0.3399543979614476,0.34356368517037916,1542185.7364746025
2021-04-01,XRP,0.3456427677037735,0.3488519019779282,0.324967153091349,0.3305099359004866,1419621.1595185546
2021-04-02,XRP,0.3296768618519285,0.34548270193557723,0.32328472105007644,0.34166248798770366,2599629.017936649
2021-04-03,XRP,0.34263841026502884,0.3459776232633554,0.3326466165789144,0.33608082994814836,1220548.4584660754
2021-04-04,XRP,0.338064878746558,0.3436752709738487,0.3228859582463705,0.32440978259573955,1963123.1314292003
2021-04-05,XRP,0.32308999187946713,0.3375420560055886,0.31971379777543185,0.3346766500344221,2864943.2512263064
2021-04-06,XRP,0.33887504902125115,0.3467748789685693,0.31545265020772273,0.31892245698848903,1282336.4798116533
2021-04-07,XRP,0.3161372892939784,0.31652982515478567,0.3038905284945765,0.30699265230591477,1840232.5256536417
2021-04-08,XRP,0.3093685414578424,0.32232803352099665,0.306850853275141,0.3159630997162987,1591803.9498223506
2021-04-09,XRP,0.315465784370602,0.31683131770741757,0.3066294833823901,0.308927577900947,1233192.0499499347
2021-04-10,XRP,0.30832186117496874,0.31416150837192236,0.30265785172440024,0.3101896598742008,1535171.7018035192
2021-04-11,XRP,0.30938592166823714,0.31374890588003407,0.30741521447513037,0.3092686807999828,1884946.0931348896
2021-04-12,XRP,0.3081854529587403,0.31040799650801876,0.29601006844837385,0.299273447888225,1552843.7991564209
2021-04-13,XRP,0.30100053336055904,0.3149335639769589,0.2969722744530511,0.31220327623552946,2493823.00227538
2021-04-14,XRP,0.312797723634326,0.3171589263093144,0.28834418465040884,0.29160749197191277,1541656.873870345
2021-04-15,XRP,0.29125715369458516,0.29136807339794757,0.27125749330671417,0.27320636317172153,1668708.2047776899
2021-04-16,XRP,0.2744764909780289,0.27714652145043317,0.2631810201226537,0.26621016949875737,1960184.4437010305
2021-04-17,XRP,0.2654987816742661,0.2687987666878812,0.25978587220988064,0.261021232825118,1413524.326424025
2021-04-18,XRP,0.25974714992462594,0.2609720992919567,0.257923441647723,0.2581905280825644,1668728.3216657876
2021-04-19,XRP,0.2588709985067137,0.261238784807657,0.2570897828102316,0.25764454208393217,1362853.1857389482
2021-04-20,XRP,0.25688897713731523,0.26491689697480864,0.2546372621159323,0.2615658946466798,1829200.5530286636
2021-04-21,XRP,0.2614705447567817,0.26545862768170947,0.2577072139183499,0.2625559833492644,1319294.4281924304
2021-04-22,XRP,0.2621647960214912,0.2652086673685674,0.2542195144488019,0.25665758892066304,1110473.6397669546
2021-04-23,XRP,0.25894239798920954,0.2604647272817942,0.24808391338767835,0.24996350927259695,1596287.137626816
2021-04-24,XRP,0.24959119679274622,0.26672902058936393,0.24588630957010202,0.26276732732725444,1953072.383440638
2021-04-25,XRP,0.26170814928825215,0.2626920702246681,0.2614770973574393,0.2626827917755565,1449383.645388724
2021-04-26,XRP,0.26317262204607333,0.26439390987346856,0.25879214449121024,0.2594350338762842,1680312.3212740975
2021-04-27,XRP,0.2601451364331198,0.2647289374394891,0.2570553026035748,0.2625095307391816,1111028.9450481154
2021-04-28,XRP,0.2656059758579886,0.2694607515985139,0.2635885576135313,0.26462432586093215,1322073.627478212
2021-04-29,XRP,0.26763644736116626,0.270559603588437,0.25520964387385464,0.2580183855208396,1946106.3205771826
2021-04-30,XRP,0.2618267295243822,0.2639851027325378,0.25388986044789197,0.2567658487063536,1320531.4934141554
2021-05-01,XRP,0.25442064278343973,0.26070240865542116,0.253122785206926,0.2598421660093666,1439705.4035912338
2021-05-02,XRP,0.2628891992074484,0.26466218070810876,0.2488837371309449,0.25152082931674524,1585724.5076595126
2021-05-03,XRP,0.2524512534363501,0.256831160640227,0.24443557685377929,0.2460300968275598,1463909.8498068552
2021-05-04,XRP,0.2455954976842229,0.2505668194051492,0.24040080322543786,0.24664079288405336,1112026.123700777
2021-05-05,XRP,0.24542632012037943,0.25044591813918476,0.23877208044690432,0.24276546981653038,1719637.971530653
2021-05-06,XRP,0.24366284539331454,0.24534389424705463,0.23927595352285286,0.23947349985687355,1295257.4073850801
2021-05-07,XRP,0.23979154531275412,0.24393060730658228,0.23792477958966946,0.2429349521300005,1768972.640995473
2021-05-08,XRP,0.24311738523921061,0.2445414370292513,0.23468634313766823,0.2366423532992211,1708917.5550054973
2021-05-09,XRP,0.23648320201469344,0.24151084600785575,0.23296271437988306,0.23852355136502815,1243647.6154055458
2021-05-10,XRP,0.23961992703633486,0.24586794768798764,0.2357976856843506,0.2428215106321263,1505083.3746979127
2021-05-11,XRP,0.24595678082448033,0.24632902512222282,0.24435049585503255,0.24603656857662312,1786329.439951765
2021-05-12,XRP,0.24708279463530833,0.24887240530743937,0.2410833208607549,0.2447062376376308,1737313.4664267327
2021-05-13,XRP,0.24550253976681485,0.2516624437850957,0.24306917953753746,0.24679739566331002,1929729.3489697273
2021-05-14,XRP,0.24572115687635934,0.24674524129166545,0.23419459550275853,0.23677244138163267,1374828.684507316
2021-05-15,XRP,0.23677681707775056,0.23993859278010388,0.23449628814593856,0.2390783257488142,1616584.8411409596
2021-05-16,XRP,0.24022946458607453,0.24476515506265048,0.23842866682463773,0.2416667249948123,1987504.8328183002
2021-05-17,XRP,0.2417214210145446,0.2613223833680216,0.2400548879635832,0.25567969897354803,3593559.523688654
2021-05-18,XRP,0.25541717179465473,0.26355269952291815,0.2538605008843033,0.2608205071036475,1818411.0693468298
2021-05-19,XRP,0.26353302060782324,0.2704305372786922,0.2631486963615263,0.26774017631518215,1776198.7029399795
2021-05-20,XRP,0.27032938678204804,0.2748035053108501,0.2610495071164188,0.2625330261488549,1683411.075050282
2021-05-21,XRP,0.26412178066416137,0.2660105721125261,0.2621036034830326,0.26276640161837483,1548604.2389509156
2021-05-22,XRP,0.2629718713362069,0.2635139546185084,0.25913463960045907,0.2617822244653851,1992485.8511144645
2021-05-23,XRP,0.2651900016078257,0.2765175585362686,0.2592664810519519,0.2749057515954022,2546174.594065984
2021-05-24,XRP,0.272872584529821,0.2758374285640373,0.2708111059855061,0.27375330952182136,1134100.2807147626
2021-05-25,XRP,0.27343931326819987,0.2740518102354226,0.2731855064627796,0.2734899722797704,1637358.1081260645
2021-05-26,XRP,0.27231642559490726,0.27509260836346755,0.25969418927335136,0.26099170043426934,1114354.712589813
2021-05-27,XRP,0.26305345835434646,0.26573133810766886,0.25453107558185656,0.2580301034595388,1465220.5315618007
2021-05-28,XRP,0.2599007914167209,0.26403089688741016,0.2514228764928524,0.25310835011324806,1800892.263736265
2021-05-29,XRP,0.256299182452735,0.2590757367843256,0.25435865885992676,0.2561805415889558,1015964.0396783598
2021-05-30,XRP,0.25675136029025286,0.25998065676158955,0.24868261456656848,0.25097821339208304,1821375.690840757
2021-05-31,XRP,0.2511143984321931,0.25265587941280193,0.23854722603014575,0.2407253460225504,1984117.4658118624
2021-06-01,XRP,0.24013036608712618,0.24917196189438134,0.23835268788480432,0.24482187414616616,1419326.2290680173
2021-06-02,XRP,0.24774412185753764,0.26391981330676023,0.2452109484988752,0.26000128820957913,2384144.156452388
2021-06-03,XRP,0.2584755724532608,0.2622532836713154,0.25358268023990316,0.2563223584060902,1027885.9441449908
2021-06-04,XRP,0.2544427871407405,0.25476708160235556,0.24005992371864585,0.24051576280793197,1564517.7561242844
2021-06-05,XRP,0.2398701714088477,0.2432665070310613,0.22914867898969282,0.23137711047222803,1467032.934573126
2021-06-06,XRP,0.23063150777002345,0.23236685319695946,0.2165651391643846,0.21757292219250332,1985050.4513509385
2021-06-07,XRP,0.21725115601289002,0.21812624476809706,0.21282826215460393,0.21464361490678707,1399892.9330918174
2021-06-08,XRP,0.2130595251811491,0.21445615914294633,0.20371920914128192,0.20432924631089902,1571680.630277546
2021-06-09,XRP,0.2053794316362604,0.21243958131537835,0.20417766382194016,0.20974787067765335,1973458.342373896
2021-06-10,XRP,0.2104909907010486,0.21842528763162658,0.20721323371983566,0.21621527787163786,1237715.794344106
2021-06-11,XRP,0.21606245919402312,0.22060493518889823,0.21102356682861634,0.21184473192687175,1512755.3980499804
2021-06-12,XRP,0.21325239873770013,0.21852667942010695,0.2090097214923502,0.21573629295889582,1843115.497625918
2021-06-13,XRP,0.2162411680273494,0.2190362703507747,0.21494163357934776,0.21770867056419346,1121949.9148160303
2021-06-14,XRP,0.2180339721742987,0.2205089380882504,0.21651710600335788,0.2180778505076284,1071904.5862175655
2021-06-15,XRP,0.21837478789426082,0.22081222217647728,0.2173601016087507,0.2175113712945801,1533276.3267632741
2021-06-16,XRP,0.217195304105127,0.23019760287506455,0.2155499477898544,0.22884370249310443,3149324.5433164504
2021-06-17,XRP,0.22897894833698385,0.2453670575926876,0.228586055124194,0.24267129869369042,2023701.2891319522
2021-06-18,XRP,0.24027189057627424,0.2470002500069979,0.23856478117815583,0.2433610729709232,1373405.7880809726
2021-06-19,XRP,0.2422811018726186,0.24737219562052468,0.24189139708341115,0.2463119279347119,1206017.4473021002
2021-06-20,XRP,0.24524128024091715,0.24855625685243415,0.23258826556139633,0.23459899845146248,1337348.2143742398
2021-06-21,XRP,0.23480729134457626,0.23899268018670694,0.22890982330054277,0.23101204975889303,1741424.993393101
2021-06-22,XRP,0.23138542236156276,0.23288348727765354,0.2259648331784131,0.2283497647972784,1624692.8344074045
2021-06-23,XRP,0.22879270569290788,0.23637546687709485,0.2262841076408746,0.23272524375187395,1919493.4368284491
2021-06-24,XRP,0.2320735707094058,0.23551103365625367,0.2272774278904537,0.23065470895232199,1087854.6416063209
2021-06-25,XRP,0.23044564351342114,0.23483210564474774,0.2255006232155226,0.22895829830680134,1400388.6069987481
2021-06-26,XRP,0.2293570771841053,0.23120781938963508,0.22783483511406724,0.22844963026668655,1714443.6949943705
2021-06-27,XRP,0.22922012068306785,0.2358030933375772,0.2270220640880892,0.23377578391985276,1433714.7377149
2021-06-28,XRP,0.2334928586146476,0.23531937928616145,0.22589445123080124,0.22671568081649449,1471702.9717811372
2021-06-29,XRP,0.2279668890929464,0.2327514730993017,0.22471456241129759,0.2305016930834738,1653601.3292688278
2021-06-30,XRP,0.2306268910985647,0.2327124635299366,0.2251792755595404,0.22660702883587058,1832819.7605125215
2021-07-01,XRP,0.22599554776900294,0.23176863999889097,0.22265554681809752,0.22895589746192013,1037558.2350042793
2021-07-02,XRP,0.22884279251184866,0.23111202927813515,0.22109833859072134,0.2224015761287027,1749442.6970575105
2021-07-03,XRP,0.22315810695781338,0.2302384151649392,0.22063763640247952,0.22934327786006825,1482635.425634895
2021-07-04,XRP,0.23118791490622212,0.2332155722128803,0.22486718655084426,0.2268312206599124,1424982.9517483695
2021-07-05,XRP,0.22872571258080138,0.23194886981361634,0.22619525939709695,0.22651066376179488,1900161.6405072378
2021-07-06,XRP,0.22573598895131985,0.23672853530527033,0.2234881044296828,0.2324588982841403,1882111.6944143244
2021-07-07,XRP,0.23167740952034302,0.24067135250555896,0.22865512824653234,0.2373361203324384,1154418.9546505476
2021-07-08,XRP,0.23819835244125453,0.2423656731110537,0.2371873789680758,0.23763603309886008,1825821.7141247508
2021-07-09,XRP,0.2360857282193097,0.2394803241343909,0.22486397391459334,0.22628644850495205,1377237.5247111737
2021-07-10,XRP,0.22713315941278067,0.22966027833051378,0.2254951128466576,0.2266213910628383,1407629.1292415932
2021-07-11,XRP,0.22521979833405062,0.23461886681945787,0.22280787416629386,0.2306776966286428,1096475.365606961
2021-07-12,XRP,0.2306817905682711,0.23307956965531795,0.22644340766844628,0.22704030180668888,1452578.698923017
2021-07-13,XRP,0.2240878391649606,0.2256240441367055,0.2212086162724877,0.22540957480749998,1152088.2247400351
2021-07-14,XRP,0.22524231264304562,0.22943769886131643,0.22411975042381138,0.22817529918297041,1099256.8921929467
2021-07-15,XRP,0.2291741613518221,0.23710446269099925,0.22598763405347858,0.23398245001738316,1993647.8495463645
2021-07-16,XRP,0.2311098552395847,0.23414186294048908,0.22882223424462078,0.23289577769210684,1041112.2147855982
2021-07-17,XRP,0.23231418356155875,0.23388476047387935,0.22664418763941493,0.22781009312416253,1282776.3443465987
2021-07-18,XRP,0.2255421246014966,0.22572056390186113,0.21590653541324686,0.2184454272760103,1025338.718941691
2021-07-19,XRP,0.21828581291636798,0.22248977553136703,0.20603720250859153,0.20819500268242463,1436513.4932219835
2021-07-20,XRP,0.20910812683695018,0.2196706951142258,0.20736528175749336,0.2164839068428174,2037008.309829437
2021-07-21,XRP,0.21639886298793345,0.22015685318743855,0.21387207073981143,0.21557193936667585,1477140.1397853384
2021-07-22,XRP,0.21613225813303008,0.22460024542224133,0.21418688503674785,0.22188585818700698,1483341.8822710006
2021-07-23,XRP,0.22333134418810469,0.22516927981819332,0.2209114586440248,0.22261071394000442,1941270.359733736
2021-07-24,XRP,0.22140382688283777,0.22661329290157492,0.21512377654009976,0.21771776331033882,1379003.7740643406
2021-07-25,XRP,0.2197447153510708,0.22246565750899003,0.2176745566126705,0.22136719779444786,1101574.0878139574
2021-07-26,XRP,0.21966659685301898,0.23216040497659707,0.2180073775895809,0.2280784606085225,2578804.7927772566
2021-07-27,XRP,0.22781693317882326,0.2316674751439053,0.22512110262569998,0.23108174672422,1538938.9980946023
2021-07-28,XRP,0.22878587818369064,0.23425895680607878,0.2239579860201574,0.23311417169381657,1031350.4649197673
2021-07-29,XRP,0.23290277274843768,0.2368835928343917,0.23059434214471305,0.2344856350117552,1187854.7432381606
2021-07-30,XRP,0.23392789786340004,0.2345749190714196,0.2288308658619874,0.22986455233392322,1333143.3144893667
2021-07-31,XRP,0.23104306998701746,0.2499552349174011,0.22934310402723196,0.24398852744120283,3433828.3593306495
2021-08-01,XRP,0.24379746454529252,0.24923850957699134,0.24192660518839754,0.24276667364314686,1358968.5237467394
2021-08-02,XRP,0.24319853035847722,0.24715868578405903,0.2405079833201682,0.24582577360744995,1346039.5801607333
2021-08-03,XRP,0.24802120057224936,0.24949121560756782,0.24101777808620417,0.24360352236398788,1595076.933575632
2021-08-04,XRP,0.24365638502722003,0.24465752152777587,0.24071752166789892,0.2430999671708768,1255282.3235962149
2021-08-05,XRP,0.239539052071855,0.2619789485471136,0.23722274118013542,0.2610277891637436,2558610.346776307
2021-08-06,XRP,0.2596170528782765,0.2686689534143693,0.25621922985718254,0.26674807985443627,1900620.2380218827
2021-08-07,XRP,0.2640178827153406,0.2799794601000763,0.26209773844945256,0.27638564395344317,1853072.9316264295
2021-08-08,XRP,0.2743625950786288,0.27620539981793285,0.26963496232578155,0.2729751763667885,1727878.9266899545
2021-08-09,XRP,0.2720631658883908,0.2767387516834199,0.2685508304446769,0.2749482781554587,1280384.801094387
2021-08-10,XRP,0.2746346669675627,0.27806547120827974,0.2700701703773094,0.2770880502455637,1070226.6939305996
2021-08-11,XRP,0.27892600396244516,0.2840145365451171,0.2623690784808736,0.2644279715028607,1782365.9157794076
2021-08-12,XRP,0.2632980966830975,0.267454241541751,0.25812592071754353,0.26076131626861604,1003703.2325710178
2021-08-13,XRP,0.2617828644184057,0.27449592047847726,0.26022219397079965,0.2707576379680191,1512021.7585259087
2021-08-14,XRP,0.2724076515898131,0.2878940311478601,0.27207720561931226,0.281285563303676,1054600.14830602
2021-08-15,XRP,0.28317347555232425,0.2875683253997626,0.2801217728466425,0.28636926334405666,1720805.2145832796
2021-08-16,XRP,0.2857780913184606,0.2874231004300954,0.28372023647209915,0.2847943246880508,1684711.0945900532
2021-08-17,XRP,0.28479663434214525,0.29636810171004274,0.2809392964966537,0.294540949640354,1507549.5108247302
2021-08-18,XRP,0.29244361005325253,0.3006881925151688,0.2881941794617484,0.2974497822685479,1571268.376897277
2021-08-19,XRP,0.2981585342407573,0.31083522652490747,0.29628533369250964,0.3105164512530098,3011537.417798944
2021-08-20,XRP,0.3097268411826202,0.3152120785034804,0.30581305320954766,0.31300060786816236,1632660.7355154064
2021-08-21,XRP,0.3118528528561082,0.32367549464699014,0.3093163993366415,0.3207193050557102,1251822.112115238
2021-08-22,XRP,0.31968078047807613,0.32209488310323076,0.3060394523630276,0.3064972227484129,1963192.6357181785
2021-08-23,XRP,0.3108028016763172,0.31600855510078674,0.3062798547351626,0.3118952738623954,1203076.0830515118
2021-08-24,XRP,0.31294438859486384,0.323564397445206,0.3124211550464348,0.3215511984830277,1159156.1005399078
2021-08-25,XRP,0.3256127532113082,0.32566856107800607,0.31543079094361015,0.31665024794744273,1999790.4113958278
2021-08-26,XRP,0.31705940489912865,0.32687775637896815,0.3167994726159316,0.3223674088373067,1314069.0807661717
2021-08-27,XRP,0.31959501074951724,0.32894482362825217,0.31461153577848916,0.3275231812702714,1787666.6112611229
2021-08-28,XRP,0.32737090639478533,0.3305499723603493,0.3173170840658366,0.32080644167176753,1063335.1017994834
2021-08-29,XRP,0.3151586451593003,0.3296341484066844,0.31506308056015897,0.32525486031196404,1466592.3548385801
2021-08-30,XRP,0.3279647826709213,0.34629003838148203,0.32558523683875906,0.34584233016821153,3098694.6397147193
2021-08-31,XRP,0.3506585764635293,0.3574342738919095,0.34843394445397197,0.35693309422494585,1344392.1423861354
2021-09-01,XRP,0.3546987678543538,0.3586197677328508,0.3348899687070358,0.33897597845079813,1699454.7566398461
2021-09-02,XRP,0.3366843430333692,0.3412009084096434,0.3357253724604594,0.33809932197337955,1205876.7265304718
2021-09-03,XRP,0.33974108619693244,0.3433099535605012,0.33595654562166,0.34103158828905783,1904621.634106262
2021-09-04,XRP,0.3421545177814511,0.34786837920355396,0.3377541484131033,0.3430620898191833,1069313.720601877
2021-09-05,XRP,0.3434583070336425,0.34546898220063005,0.33981894903715654,0.3430438587028005,1243360.293749126
2021-09-06,XRP,0.3428773937975739,0.35022931918960104,0.3399401666991588,0.34948775818987504,1762739.3056054572
2021-09-07,XRP,0.35089117104108203,0.3597500694029866,0.3488557964412405,0.35972922909014626,1918181.656999942
2021-09-08,XRP,0.35944469029052206,0.3654216978678442,0.35523824754708994,0.358974816885749,1874658.114773908
2021-09-09,XRP,0.3622892646135259,0.36952180110983773,0.35915855139437414,0.36622468260724456,1193487.938065362
2021-09-10,XRP,0.3663225553338308,0.372131757862301,0.35927033968601463,0.36418088558243283,1148638.9077278406
2021-09-11,XRP,0.3593992810035411,0.36422355107456983,0.3387012216459364,0.342047116406322,1100818.4058421068
2021-09-12,XRP,0.34259368945999313,0.3457743505731386,0.33042956190748024,0.3319745109122983,1323863.8008882874
2021-09-13,XRP,0.3313094776718707,0.33816094044392453,0.32080531913325894,0.325404259590281,1802845.5599323215
2021-09-14,XRP,0.32458309388540724,0.330246028103113,0.32195961080174834,0.3283081307210014,1928644.0493921263
2021-09-15,XRP,0.3291333726617077,0.3354483292579938,0.326342032389763,0.33476873918531486,1443144.8962217774
2021-09-16,XRP,0.33221910065558313,0.33549184794343756,0.3276140015413805,0.33488594818723283,1209048.3819168685
2021-09-17,XRP,0.3347641600303975,0.3391459588643652,0.3328392370397932,0.33578447441341625,1566390.4393994974
2021-09-18,XRP,0.334991239565027,0.3432047541400354,0.3309310434060072,0.33812329148283027,1607627.6732369186
2021-09-19,XRP,0.33986195472453073,0.3526357377298356,0.33766076839391335,0.3467035507123186,1172858.6617196547
2021-09-20,XRP,0.3456339970329361,0.34902508572734114,0.3416358971545869,0.34478854632476647,1801204.3826797002
2021-09-21,XRP,0.3444397960247219,0.357645816272159,0.3442564542445377,0.35487567800612546,1159694.1397505854
2021-09-22,XRP,0.3537855193619181,0.3811509137872372,0.3502139333907851,0.37617005967225753,3109840.597682442
2021-09-23,XRP,0.3769353611725886,0.38591403106956523,0.3727705335155806,0.37781759257899467,1940354.7257824615
2021-09-24,XRP,0.3790138372813124,0.37903689168942484,0.36720964356302976,0.36899875186502107,1296309.3167156584
2021-09-25,XRP,0.3693849656188507,0.3772862446922176,0.35974725487368653,0.3614783118910241,1781387.0646464734
2021-09-26,XRP,0.3610963922184098,0.36788240585828036,0.35471706186620194,0.3575700905511329,1965205.7461486743
2021-09-27,XRP,0.3599196101443933,0.36341313801935804,0.3561750673327521,0.3623433319963871,1883546.5829773895
2021-09-28,XRP,0.3626009825018296,0.3640504922066067,0.3494238806501079,0.35239160446866197,1831658.9868205558
2021-09-29,XRP,0.3595320017469327,0.36516807389419403,0.35288442081687205,0.35359161184581916,1682328.3811214503
2021-09-30,XRP,0.35402898567270835,0.35883232729907005,0.3497846694819375,0.35395049600602907,1627527.0678730425
2021-10-01,XRP,0.3524695458613924,0.3652833115775236,0.35156535168552605,0.3628756433743988,1901264.1242453428
2021-10-02,XRP,0.362723035144584,0.3715191779070928,0.36095540513822877,0.3683530680330956,1942091.4765182892
2021-10-03,XRP,0.36921666095790323,0.38847087221556215,0.3653063182856525,0.3819515786972784,1047594.8080744329
2021-10-04,XRP,0.38347240381062087,0.4028998561077558,0.3798117604668584,0.39912527091266065,3380933.1998758186
2021-10-05,XRP,0.3967248115849101,0.413303936042352,0.395284255315951,0.4077140287789506,1873790.5456152633
2021-10-06,XRP,0.40813285096994006,0.41825220781352623,0.4060172676313986,0.41539698151429477,1571761.293118863
2021-10-07,XRP,0.4124197346633264,0.4189626025288369,0.40388245377539095,0.4169076326997298,1383738.0019943314
2021-10-08,XRP,0.4178666036506749,0.42468342119252106,0.40670183608262506,0.41097147719556365,1614084.3289186857
2021-10-09,XRP,0.4143235201933153,0.4291919443961359,0.4090533514054649,0.4271577442592426,1379234.453165462
2021-10-10,XRP,0.43009466571196653,0.45883557590106994,0.42091713170147005,0.4560956236326921,2991488.5962437564
2021-10-11,XRP,0.45873224152434966,0.46460419895010113,0.4560811186019199,0.4564121611854773,1136404.1543478733
2021-10-12,XRP,0.4575812613843396,0.46359654872354117,0.4536415882817962,0.4616581784418521,1279918.147929951
2021-10-13,XRP,0.45550018429665584,0.4605413173178347,0.4376738970270586,0.44427244214281264,1425963.86611309
2021-10-14,XRP,0.4432738564306335,0.44818151306996723,0.4338815567445657,0.4394999858275514,1916030.3487437172
2021-10-15,XRP,0.4397123685532642,0.44536842205321797,0.41386667744193917,0.4177780929127717,1922024.0705044554
2021-10-16,XRP,0.41990528457204834,0.43998634953519783,0.4151182214994185,0.4354373322969997,2657311.633525096
2021-10-17,XRP,0.4330140307088966,0.4534996424204422,0.42898140726151,0.44762147196270463,1991784.6609760926
2021-10-18,XRP,0.44444222027104224,0.4555082121006659,0.4387077682491018,0.452491795297969,1035930.9734017263
2021-10-19,XRP,0.45771059288894234,0.46625938053341426,0.4502393010556586,0.4656871929732246,1957083.010106652
2021-10-20,XRP,0.4635845301428672,0.4676423107989528,0.45896174708326826,0.4647610214546622,1231273.340090264
2021-10-21,XRP,0.4653998791473511,0.47492642485965164,0.4633887131307521,0.4686933592091583,1353629.6221618375
2021-10-22,XRP,0.46650473944506915,0.4695603603193302,0.45637619703394655,0.46261319873044693,1442906.0394752473
2021-10-23,XRP,0.46510849468629883,0.46758931617315674,0.45994584357843377,0.4663646425449209,1807060.69569749
2021-10-24,XRP,0.46398976746433757,0.48283457386641215,0.4600498959321605,0.47758553354510447,1846260.5140192201
2021-10-25,XRP,0.4770005050485475,0.4865848209433265,0.4744669908093321,0.48081167943283576,1607733.0515958476
2021-10-26,XRP,0.4822356932475346,0.5067634135003442,0.4797905050468264,0.5037519192787323,2400747.003925845
2021-10-27,XRP,0.49732292478207324,0.5172763967539591,0.49281656253547035,0.510110169555575,1526279.3517707922
2021-10-28,XRP,0.5126081019795727,0.5142142974598504,0.5099570853148236,0.5133440630617787,1804528.3737251037
2021-10-29,XRP,0.5174098807352763,0.5237911986264414,0.4984741476528672,0.5028026282977845,1183399.4346252466
2021-10-30,XRP,0.5025884695698982,0.5175806084682341,0.4895266024078346,0.5132943470098795,1816727.8556934025
2021-10-31,XRP,0.5162776720680791,0.5328138630035594,0.511696334300335,0.5256800141454835,1775240.5540360832
2021-11-01,XRP,0.5289970740316121,0.543137957594486,0.5256915099553412,0.5339728482955065,1427402.181419114
2021-11-02,XRP,0.5323981960955335,0.5742017196279817,0.5287041953312949,0.565210815332129,2020926.223061552
2021-11-03,XRP,0.5671661781913411,0.5736601994175509,0.5604631166482466,0.5689317238964965,1672156.7172885365
2021-11-04,XRP,0.5682368619193506,0.581749701518675,0.5678291495193456,0.574110991035901,1507672.8725970066
2021-11-05,XRP,0.5739280287637717,0.5928168576358027,0.5684397554640885,0.5858333719955546,1144496.0915518855
2021-11-06,XRP,0.5809067312594834,0.5983346127894789,0.5718985174555679,0.5882974919157309,1714219.0786505092
2021-11-07,XRP,0.5870398470188882,0.5891368679013417,0.5713493420598234,0.5819564726142044,1606019.3121642792
2021-11-08,XRP,0.5832444453592608,0.6033345571000366,0.5797385451878037,0.6030078071493242,1534522.8943187408
2021-11-09,XRP,0.6083275077602253,0.6188383070888924,0.6029512281077247,0.6187833784709686,1985772.787858073
2021-11-10,XRP,0.6169914570831333,0.6394349894400323,0.6135488574881738,0.6335290270575946,1346014.550195339
2021-11-11,XRP,0.6358833457574211,0.6746902310850079,0.6242592313947125,0.6673729407000644,2881227.731550232
2021-11-12,XRP,0.6618371407763729,0.6872536327155483,0.6509677141669605,0.6783986156368759,1811365.4354551602
2021-11-13,XRP,0.6811931137660149,0.6865297822474834,0.6519329575681005,0.6591944808647526,1508258.8140060208
2021-11-14,XRP,0.6608449427505054,0.6935287681702963,0.6578508411357865,0.6802131336887904,1749398.0369169372
2021-11-15,XRP,0.68161477321462,0.6860263999321429,0.6732652424290592,0.6792020501627577,1768718.7498990283
2021-11-16,XRP,0.6775530754257111,0.6890134355186955,0.6676723386765474,0.6849484252654937,1385856.1090685772
2021-11-17,XRP,0.6838915772034591,0.6937230092543614,0.6827795724777553,0.6873411013962208,1225764.8258730168
2021-11-18,XRP,0.6883917241584063,0.7103891977919242,0.6790300133233641,0.7014168813376548,1155189.0754320424
2021-11-19,XRP,0.7017279513995262,0.730998443366844,0.6952026435329416,0.7235302736090301,1814396.2346328406
2021-11-20,XRP,0.7215758363626908,0.7270350651862658,0.7050143957677538,0.7150394880177154,1424468.1704709823
2021-11-21,XRP,0.713284045448485,0.7149155160215692,0.706552610849454,0.7098239750369799,1860560.5058131905
2021-11-22,XRP,0.7031274624668926,0.7245778649482614,0.6973832257604107,0.719315621761361,1896251.2137662973
2021-11-23,XRP,0.7145574874010794,0.7198071372447936,0.6973548890118826,0.7048518079002332,1111914.3528862332
2021-11-24,XRP,0.7022402341073183,0.723674459799503,0.6913871096735456,0.7227939421604178,1485228.192087014
2021-11-25,XRP,0.726676236607082,0.7271982496647853,0.7157040988793204,0.7223352266832715,1710114.3261864518
2021-11-26,XRP,0.7241721632527591,0.7618689522609124,0.7227569202719526,0.7575159324509438,2433327.0691830292
2021-11-27,XRP,0.766238592829485,0.8129064891559907,0.7521589414728327,0.8078710058772619,3455414.4774786024
2021-11-28,XRP,0.8039380283296778,0.8070077580391366,0.797055165022775,0.8060147690634861,1273821.358509497
2021-11-29,XRP,0.7994041825880118,0.8010004522481476,0.7491282870304075,0.7533104611948606,1447109.2226344696
2021-11-30,XRP,0.7620868113161573,0.7757852948761382,0.7528909827114755,0.764541591639294,1615805.425289238
2021-12-01,XRP,0.7643128233521292,0.7930043966913978,0.7591157493440838,0.7795754658866025,1048171.085118887
2021-12-02,XRP,0.7818877395554461,0.7938897256104567,0.7776641501229103,0.7807495379815588,1890293.6816618724
2021-12-03,XRP,0.7821929449082398,0.8145145959327761,0.776826408134945,0.8056032380487943,1340687.528224203
2021-12-04,XRP,0.7991141952302074,0.8069838319603403,0.7628399844198013,0.7724870632371417,1041097.5140516576
2021-12-05,XRP,0.769661105424424,0.7789278923723635,0.740281132768729,0.7475299684474761,1465462.9710369534
2021-12-06,XRP,0.7465283777973255,0.7574574558757651,0.7416806608972129,0.745221071604799,1618566.2070016363
2021-12-07,XRP,0.7418590661122323,0.7448705248367038,0.7283768701133664,0.7329195592779527,1738329.7315836952
2021-12-08,XRP,0.7327929179331841,0.7382543392880755,0.7216166961819933,0.7291007936662445,1891146.0655368848
2021-12-09,XRP,0.7313043085704014,0.7572163670251277,0.7285017555774367,0.7509463095182141,1023377.4616366007
2021-12-10,XRP,0.7553855681832508,0.76998400894929,0.7415072344916217,0.7631970710811025,1217657.4852412348
2021-12-11,XRP,0.7610785461849096,0.7982080734575739,0.75028164858001,0.7904897478545383,2848682.548782703
2021-12-12,XRP,0.7992533880401388,0.8359059388830532,0.7873800045894908,0.8237635233504291,1507872.4663852302
2021-12-13,XRP,0.8219781977622247,0.8399843629064756,0.8105271118157792,0.8284297338401758,1254020.3766040117
2021-12-14,XRP,0.8327716919611435,0.842705043040024,0.8303838550954454,0.8345479549604113,1145416.7358889543
2021-12-15,XRP,0.832204039153433,0.8436567345715823,0.8185318093035615,0.8259933488565858,1387050.8475300274
2021-12-16,XRP,0.8262499922928408,0.8391674627564456,0.7988369918345988,0.8122324265972977,1108931.0591958212
2021-12-17,XRP,0.8108821893297906,0.8139052257156387,0.764013480973861,0.7755666275896905,1273494.9601025055
2021-12-18,XRP,0.7740994085935765,0.7918710756904204,0.7657095505185317,0.770441639733167,1959638.7357458363
2021-12-19,XRP,0.7658621819907923,0.7666449880217344,0.7548494388127822,0.757023036231911,1887996.3088745982
2021-12-20,XRP,0.7572120449794354,0.7653776236870422,0.7311195855698067,0.7406577335250728,1704089.118163798
2021-12-21,XRP,0.7437821018522279,0.78064173287391,0.7351294127213709,0.7661160772886003,1221941.8747822796
2021-12-22,XRP,0.7690051626236583,0.7758640516376681,0.7283059708025864,0.7330762937942794,1669510.595728344
2021-12-23,XRP,0.7417902948902949,0.749207496538075,0.6891478901919134,0.7002612292809205,1470251.2331991366
2021-12-24,XRP,0.700196351684204,0.7002786869047667,0.6661269809752884,0.6750974123922849,1624068.2528356058
2021-12-25,XRP,0.6778689519667869,0.6809688631758872,0.6745920439792901,0.6772085213572716,1161045.1708249426
2021-12-26,XRP,0.6810499553793563,0.6842136432424769,0.6386033943459425,0.6457641312485688,1621668.3269894351
2021-12-27,XRP,0.6470645221663135,0.6674975600491208,0.6416697121800914,0.6606197440756498,1135558.9936752098
2021-12-28,XRP,0.6628913823392932,0.673476725634329,0.6483611202901247,0.655239563634912,1610161.274888513
2021-12-29,XRP,0.6561557371760155,0.6818042409244165,0.6516256880564649,0.6811907778210352,2230662.638170726
2021-12-30,XRP,0.6698564543145678,0.6789527020813456,0.6223698048746945,0.6261650262472254,1021315.8561940559
2021-12-31,XRP,0.6310186000389785,0.6322355972953472,0.6049635975316442,0.6127046069622385,1681426.7169586523
2022-01-01,XRP,0.6137438021989211,0.6192436694107918,0.6006293085910669,0.6026617127686817,1522290.490671289
2022-01-02,XRP,0.6064730520130247,0.606652645535258,0.5930110169017965,0.5948093973843407,1702327.364228938
2022-01-03,XRP,0.5925618048327461,0.5985441203688537,0.5637334708936564,0.5639749454315265,1097443.7106987862
2022-01-04,XRP,0.562347353819348,0.5792124240348951,0.5526521883537049,0.5746787851123859,1173248.8829994847
2022-01-05,XRP,0.5738877026996788,0.5763289162645019,0.5680323958012327,0.5687329908250015,1726345.445751691
2022-01-06,XRP,0.5674878377853203,0.5735843351148194,0.5337409730358238,0.5415852859082607,1557181.0342528191
2022-01-07,XRP,0.5488726556049515,0.5576462540534893,0.5379812385847256,0.5413869108266922,1018711.7992701462
2022-01-08,XRP,0.5461401085296317,0.5463783661281055,0.5307352489078782,0.5348747203350074,1559207.7952496181
2022-01-09,XRP,0.5287653805603824,0.5423009381564445,0.5249744441306174,0.5339316335222752,1745818.5726716092
2022-01-10,XRP,0.5317741846435299,0.5407053468992907,0.5274115610359,0.5344877038759993,1452318.2702029182
2022-01-11,XRP,0.5375686985252467,0.5649967765504986,0.5336190062428773,0.5600297329733598,2403618.9534540293
2022-01-12,XRP,0.5577707573425021,0.5639271611330706,0.5453301736478818,0.552504170199345,1393058.88637931
2022-01-13,XRP,0.5524588961565122,0.5556043286287352,0.5290105004302721,0.5396676113588029,1048244.3374400883
2022-01-14,XRP,0.5417674515695178,0.5423146157042559,0.5367872482486072,0.5420991650835861,1485023.1194569862
2022-01-15,XRP,0.5408357588720519,0.559091316892667,0.5351235292924076,0.5528036418386946,1597713.8335763062
2022-01-16,XRP,0.5558714914260792,0.5771734362108872,0.5529106566002615,0.5727346347681143,1962166.5691103106
2022-01-17,XRP,0.5721063933676861,0.5899259919497402,0.5644194501818346,0.5822933222185321,1289926.2930786484
2022-01-18,XRP,0.5806011363242077,0.5822646527927059,0.575088073000452,0.5804759403630275,1819152.8912247024
2022-01-19,XRP,0.5814952102399898,0.5903941678769247,0.566788186081957,0.5722659921483202,1378492.2068380844
2022-01-20,XRP,0.5753483139103057,0.5781058699786332,0.5447787648793025,0.5525353900149883,1108338.5059363432
2022-01-21,XRP,0.5527226113462513,0.5676451246788564,0.550000462804114,0.5637408716539415,1946323.77206652
2022-01-22,XRP,0.5644861870131187,0.5723119776016039,0.5574701850195284,0.5671022223253156,1116165.9742841984
2022-01-23,XRP,0.5753971538118222,0.5929181216122302,0.5647809299623839,0.5906562799062102,1899718.2460375442
2022-01-24,XRP,0.592723610944219,0.5979894693486589,0.5636406175902738,0.5647066915087454,1580489.379014204
2022-01-25,XRP,0.5638865747710714,0.5658773329478605,0.5534532151332516,0.5556419779997481,1882526.3628513329
2022-01-26,XRP,0.5517900660300294,0.5547451431401503,0.5463716295249837,0.5498593820114698,1236232.4787571745
2022-01-27,XRP,0.5535745289037314,0.5641535241907605,0.5467119655636535,0.559816944457415,1726419.890791363
2022-01-28,XRP,0.558743900431055,0.5686121054540788,0.5540003827701487,0.5604396598764082,1428152.8410596787
2022-01-29,XRP,0.5538011563089952,0.5624126588416959,0.5359994865937001,0.5365735023820134,1612627.6681765716
2022-01-30,XRP,0.5363004123310975,0.5400235096918041,0.5265842413471368,0.53114968416624,1905399.5675586783
2022-01-31,XRP,0.5356033197862228,0.5459637656916918,0.5210059042304748,0.5275072968108275,1192276.8986235992
2022-02-01,XRP,0.5285089343377937,0.5376107388466943,0.5269322410996602,0.5346707206064292,1290560.767960004
2022-02-02,XRP,0.5348939180449209,0.5403155214585266,0.5231680838638015,0.5290549229378015,1957812.403618398
2022-02-03,XRP,0.5333790346217003,0.5399816385117143,0.5294393213378367,0.535949107154696,1770353.1767079819
2022-02-04,XRP,0.5307925483202244,0.539360586876174,0.5254490051334197,0.5336198063396961,1655150.3268563945
2022-02-05,XRP,0.532311163295928,0.5581973801186577,0.5270758429929524,0.5484209455522009,1105211.920688145
2022-02-06,XRP,0.5516015370636539,0.5555222795664335,0.5483952848413353,0.550966485919344,1260069.2054116128
2022-02-07,XRP,0.5479268588672248,0.5518683624002555,0.5368404915108244,0.5425441550477944,1277504.1540290446
2022-02-08,XRP,0.5419797889099586,0.5441947908733648,0.5326796468258699,0.5372256571789246,1652772.5740668632
2022-02-09,XRP,0.5409037600690246,0.5414143419785441,0.5363764626833339,0.5366259969681599,1137822.554835583
2022-02-10,XRP,0.5365118765101988,0.5430569316315692,0.508190228372629,0.5129909274397206,1218258.2420016306
2022-02-11,XRP,0.5131156259106052,0.5184743845933885,0.5002417620052297,0.5074896839986712,1794879.3365686506
2022-02-12,XRP,0.5059977068016567,0.5333875499867836,0.500805535078446,0.5274902456090477,2818414.037722913
2022-02-13,XRP,0.527292190892752,0.5298318219638354,0.5111043275378081,0.515483832872525,1479800.078739857
2022-02-14,XRP,0.51643320586518,0.5173897688897562,0.5004745507886047,0.5004955894626478,1586849.9753722495
2022-02-15,XRP,0.5043036651533618,0.5048208325341564,0.4847723977156295,0.48839517551907385,1403570.8222142751
2022-02-16,XRP,0.49120506633276506,0.5075899088302465,0.48594368497273777,0.5034683618815428,1366843.8814687496
2022-02-17,XRP,0.508119582992209,0.5184080043105677,0.5020122490873418,0.5072510440571623,1587863.890693889
2022-02-18,XRP,0.510230250054703,0.522824452132943,0.5037181276599665,0.5216236474976759,1295356.2702438699
2022-02-19,XRP,0.5239168656514475,0.5284137856743368,0.523204324997491,0.5254654154880145,1664772.3372125896
2022-02-20,XRP,0.525358771884894,0.5301628466894216,0.4960960926065455,0.4981421892246755,1046137.5490206555
2022-02-21,XRP,0.496950438288576,0.5026889877179753,0.4903961216671502,0.496710465743939,1697538.1118174163
2022-02-22,XRP,0.49812158182565697,0.5054503180356898,0.4736204972046128,0.48144142562658104,1737322.65785935
2022-02-23,XRP,0.47700613880843973,0.48644184490860454,0.4492407603783794,0.4542972508841116,1775645.8311034243
2022-02-24,XRP,0.45467673756762483,0.46356960688675053,0.4352717947992391,0.4388317225180582,1948995.7779606075
2022-02-25,XRP,0.4398570614214923,0.45674016803392997,0.43531710185422645,0.4527762375376028,1820244.2023324862
2022-02-26,XRP,0.44974957970694956,0.46085977499837705,0.44647617799363293,0.4601737924409209,1093422.459402094
2022-02-27,XRP,0.4582344772156283,0.46284230429954104,0.4452634538893881,0.44846239608494265,1194230.963264535
2022-02-28,XRP,0.45176400968341995,0.45483609444830375,0.43949720164291356,0.4455244769407655,1492534.3626031606
2022-03-01,XRP,0.4481996263058812,0.4583571866529463,0.44387385335191953,0.45142722734614904,1600050.009960181
2022-03-02,XRP,0.45134752127595723,0.45310310647022806,0.44091374927333876,0.4442342633291752,1373239.1357962785
2022-03-03,XRP,0.449202891566098,0.4558854312692717,0.44109426746245806,0.44172731855968106,1465716.7684892677
2022-03-04,XRP,0.44301979248325923,0.44597128030269617,0.43617555867042945,0.4392063911150654,1659151.6756464788
2022-03-05,XRP,0.4414005069802587,0.44582338314946973,0.4399722290550494,0.4441314283686112,1311596.2836942382
2022-03-06,XRP,0.4411372682120643,0.4453283400299199,0.4147412266578757,0.4162154862206903,1040334.0954816218
2022-03-07,XRP,0.41704841900993966,0.4258394404963119,0.41274147130753613,0.4183621508213382,1630431.3061188625
2022-03-08,XRP,0.4202447903578249,0.4432497820527708,0.41532224298743137,0.441727833010012,2146751.3320276053
2022-03-09,XRP,0.4363014819817786,0.43947868787222466,0.4165408602674512,0.41872467082624953,1935337.7575466926
2022-03-10,XRP,0.42099045478198577,0.42272430825105084,0.407795730191696,0.41158288391282033,1880735.5198294672
2022-03-11,XRP,0.41179211342230665,0.4136095575711822,0.3958893823372273,0.40249720903207126,1900894.4961028304
2022-03-12,XRP,0.4040088578875288,0.4186216881458662,0.40047743129372076,0.41477897695011384,1542946.9164331527
2022-03-13,XRP,0.4128024459400693,0.42743007931688093,0.41036368757323977,0.4200261686719716,1247003.3164799372
2022-03-14,XRP,0.4176823253201562,0.42577380438704376,0.41254026132146476,0.4201024742345821,1019008.2442968762
2022-03-15,XRP,0.4197623982094569,0.4246421360210152,0.41365582307422666,0.41655724794211346,1074614.0247080114
2022-03-16,XRP,0.4137556906109519,0.4154137898798544,0.39906731825097014,0.40234855142857984,1381747.9787970574
2022-03-17,XRP,0.4049534918641054,0.40602941959016176,0.37856870772575396,0.3808754961828054,1557607.515318125
2022-03-18,XRP,0.3819336628277337,0.3819731741396268,0.37169247051995635,0.37487013789008833,1022537.0036070882
2022-03-19,XRP,0.3774361132153547,0.3797446133766506,0.35595147009068406,0.3639961999342412,1561240.5779967192
2022-03-20,XRP,0.3625739541667539,0.3668651945262392,0.35675357846479244,0.35855586125370065,1132147.3593595594
2022-03-21,XRP,0.3590320610895915,0.3603213666163748,0.34519006543787306,0.3494425609414521,1392068.393953544
2022-03-22,XRP,0.35269037247648877,0.35419545388871276,0.34757868086161,0.3526409386798973,1802590.3329653002
2022-03-23,XRP,0.354140975481821,0.35969485393531725,0.3449144864558967,0.34971525265354875,1070530.2348067325
2022-03-24,XRP,0.3493564290180299,0.35465011069884705,0.3475350860967757,0.34821773188045263,1754156.0158142748
2022-03-25,XRP,0.3479670425945333,0.35477222386072804,0.34704238662376385,0.3524092546857722,1000606.9471000809
2022-03-26,XRP,0.3515385812387226,0.3541064682210459,0.3307375289675619,0.33502760294585854,1095756.674882482
2022-03-27,XRP,0.3352681051806056,0.33998744970023925,0.33212433009149367,0.3365209265298479,1306770.8758685775
2022-03-28,XRP,0.3363083621597736,0.34214921745547533,0.31357185524955,0.3192995397556642,1844873.1614980053
2022-03-29,XRP,0.31954101514132915,0.3220878064106862,0.309670503891926,0.3123726409846785,1126933.8762256033
2022-03-30,XRP,0.3112647036816124,0.31631636500215266,0.3004961968493669,0.3022186174228589,1687476.7778264584
2022-03-31,XRP,0.3004814621923019,0.3027962421533832,0.2965550799481181,0.30223669210323023,1103344.2337519538
2022-04-01,XRP,0.30298950631186644,0.306105747486274,0.30047931014090556,0.30111526779370745,1182326.1374075867
2022-04-02,XRP,0.3004096723685572,0.30358379251649276,0.29624421306541543,0.30023354088684995,1780626.300678211
2022-04-03,XRP,0.2965717161565078,0.29902019762894577,0.2742562940001189,0.27432673591579143,1721786.199769418
2022-04-04,XRP,0.2723148175573179,0.2773417266226,0.26728940922966,0.269112655170282,1512280.7439584332
2022-04-05,XRP,0.2679007175467671,0.26894895463972274,0.2552153936209694,0.2591260329691193,1831159.7166248537
2022-04-06,XRP,0.25869635451212114,0.25979040178413204,0.25156128842404973,0.2547041665355273,1985100.896155493
2022-04-07,XRP,0.25590198662172353,0.25856252537171287,0.24921549845631608,0.25160863904724745,1352496.3928746425
2022-04-08,XRP,0.25255174805084923,0.25840380919212574,0.23990862724736087,0.24285352659458617,1837206.6839697207
2022-04-09,XRP,0.24426377371763455,0.2468912003745214,0.2426308377800411,0.244804009693732,1231438.6028892042
2022-04-10,XRP,0.2466286223019046,0.24868884344870276,0.24501673499840143,0.24502492870693116,1356348.406966124
2022-04-11,XRP,0.2451310070893593,0.2471591463938627,0.24252094535806754,0.24538051241585637,1290353.430774025
2022-04-12,XRP,0.2437530402326945,0.24548402387879048,0.23969752198514854,0.24308209161441635,1840756.1529271556
2022-04-13,XRP,0.2429328291265539,0.2544296391298585,0.23956472321230982,0.2498299739783028,1879109.103379808
2022-04-14,XRP,0.25011556314300315,0.2511625634880186,0.24394202659362044,0.2441270197183089,1980379.6950696083
2022-04-15,XRP,0.24317132463794544,0.2471132194658369,0.23803019612328094,0.242758594554978,1865013.0407246484
2022-04-16,XRP,0.2423036811714888,0.24585488283031773,0.2357841693161508,0.23902228590388677,1959386.0697175907
2022-04-17,XRP,0.23716259954020852,0.2379694349887795,0.23267085379070437,0.23403313781107413,1844167.3192916887
2022-04-18,XRP,0.23462135865527403,0.2352569167466483,0.2179428725324559,0.22038940296686418,1988844.5941212396
2022-04-19,XRP,0.2191672962449109,0.22251070122059105,0.21197153146844858,0.21397316572014927,1226751.5575603847
2022-04-20,XRP,0.21418129616896114,0.21506128689600232,0.20837983658541906,0.21082649807935058,1810570.3868779712
2022-04-21,XRP,0.21270204103811388,0.21313605462315957,0.20585924669884492,0.2069921893338522,1789667.6816830216
2022-04-22,XRP,0.20653394124176813,0.20850692059218442,0.2043928365392576,0.20671315264667797,1582577.701522979
2022-04-23,XRP,0.2070570597000308,0.21221440988688345,0.20578789882160678,0.2092844647586544,1402846.6137067769
2022-04-24,XRP,0.21147442307643413,0.21192066718938443,0.20649805652647168,0.2082883446823427,1860271.3881305957
2022-04-25,XRP,0.208498283130172,0.21212097060655785,0.20650823391828455,0.20725783852881902,1741091.6739698127
2022-04-26,XRP,0.20583362243706704,0.20871937909964,0.20360578529692833,0.20618940625784613,1710431.5241664154
2022-04-27,XRP,0.20747053723880943,0.21077604796869126,0.20426653825383911,0.21028872563237233,1766859.6078501623
2022-04-28,XRP,0.21079745374967912,0.21096735749357215,0.20596219145732145,0.20742110592701776,1034668.7502605412
2022-04-29,XRP,0.20750135092362224,0.20845199397212738,0.19963492773054606,0.20296872470182434,1921743.0792135575
2022-04-30,XRP,0.20364007372274712,0.206907914960811,0.20200620618881393,0.20582684166416107,1893479.932300125
2022-05-01,XRP,0.20513396373251225,0.2070414822161472,0.20409018507511428,0.20439644044162691,1039735.0517456622
2022-05-02,XRP,0.20515932404664378,0.207284270056885,0.19607425789354063,0.19839630901190414,1408451.2939586996
2022-05-03,XRP,0.19842316217712114,0.2023028621233362,0.19671379863161403,0.20144557533084795,1520760.5198612844
2022-05-04,XRP,0.2005998377562675,0.20400788521935515,0.19779087036674026,0.2035559633637268,1884599.9396424347
2022-05-05,XRP,0.2051329724812689,0.21491379842271294,0.20452781057184163,0.2106686246792842,1189258.5369307026
2022-05-06,XRP,0.20997711484127937,0.213596553032713,0.20739323074539479,0.2123055183834303,1790454.2604898375
2022-05-07,XRP,0.21177186148244692,0.21312933033261838,0.20518102311840827,0.20835220640237645,1830445.9058225206
2022-05-08,XRP,0.20718616801395653,0.20817535149751837,0.19627098501920098,0.19989264445259178,1615681.2757555828
2022-05-09,XRP,0.1993067596178213,0.20015670167000535,0.1934091405742733,0.19479385104272076,1398375.8609169775
2022-05-10,XRP,0.1943393882020255,0.20028713106471024,0.19165869722263565,0.1980552811847517,1228441.4177462284
2022-05-11,XRP,0.19726287216836214,0.19870049357760966,0.19451084883655073,0.19521382479075547,1415297.2651661257
2022-05-12,XRP,0.19362643313553687,0.19470666928161331,0.1796074309554165,0.18089155404499876,1320623.998739606
2022-05-13,XRP,0.18210020606102192,0.18707778791019777,0.18063598844450066,0.18507980120983744,1269429.4167111402
2022-05-14,XRP,0.1859753482319193,0.19130933337848585,0.1847583188473326,0.18926943508705404,1828339.1460390643
2022-05-15,XRP,0.1901010273331864,0.19054267293328833,0.1839896601885988,0.18435475137324242,1941604.6512048393
2022-05-16,XRP,0.18417365863378435,0.19291965921048115,0.18294936991730734,0.18929415844448863,1575653.8811081483
2022-05-17,XRP,0.18874887271688634,0.19114242958312108,0.181958292487716,0.18446718117853764,1253123.7013199802
2022-05-18,XRP,0.18449788211791915,0.19685306484337117,0.18051186685031437,0.19436093909987132,2702214.7843738655
2022-05-19,XRP,0.1955352828325384,0.19853767367043076,0.19197199163210343,0.1944018785760236,1311723.885422719
2022-05-20,XRP,0.19441523356722018,0.19754517871754684,0.19159852255666837,0.19702522169807066,1220215.9761025095
2022-05-21,XRP,0.19590254157863238,0.19869482438297642,0.19333756664325732,0.19758891642609722,1512780.5953533864
2022-05-22,XRP,0.19905804983573874,0.2009479961385989,0.19508731986035965,0.19536438663497405,1419199.6368657874
2022-05-23,XRP,0.19503679285517272,0.19568311150907994,0.1904362766039201,0.1919322254892212,1189378.2265834513
2022-05-24,XRP,0.1919937169771819,0.19370812085698264,0.18918591051929054,0.19184391502020168,1547370.6824809073
2022-05-25,XRP,0.19396323706482987,0.1944029263512243,0.1816384516919593,0.1825338396421188,1234149.0946914067
2022-05-26,XRP,0.18389714219732609,0.18728196085670742,0.1818062700786814,0.18349755706220017,1318229.580855476
2022-05-27,XRP,0.1822069385157666,0.18424729914704505,0.1793724189356875,0.18048697491674148,1939471.283009349
2022-05-28,XRP,0.1803525265243207,0.18604711034764332,0.17877218575657933,0.18448577160975846,1560624.2218272076
2022-05-29,XRP,0.18539965612058007,0.1869813074650047,0.17767616965893232,0.1778893932492822,1987510.432948012
2022-05-30,XRP,0.1780097951738827,0.18185361919492402,0.17767559855572138,0.18166283701081945,1318975.2024164533
2022-05-31,XRP,0.1796966360333445,0.18085754424218586,0.17798208832674126,0.18081018105313734,1747719.1124630442
2022-06-01,XRP,0.17901529452918513,0.18252100024634932,0.1721618115067895,0.17431736427473918,1052738.239826478
2022-06-02,XRP,0.17378824535131204,0.1742000523820671,0.16880832149840713,0.17007040944339255,1286130.09532592
2022-06-03,XRP,0.1700334221316751,0.17029449105263753,0.16147682141526398,0.1627125597985152,1612611.8470479369
2022-06-04,XRP,0.16264983142676492,0.16430466661834656,0.1605754167624273,0.1641330533180989,1038811.722433556
2022-06-05,XRP,0.16322221532302908,0.165951441720391,0.16051196741352236,0.16374870747487694,1685842.8763969566
2022-06-06,XRP,0.1621269394733807,0.16355851444664796,0.16023883446675274,0.16127622631484573,1850567.8335927804
2022-06-07,XRP,0.16144066782949384,0.1638777003884523,0.16057235183603344,0.1629375599087253,1333762.491523255
2022-06-08,XRP,0.1625558784501769,0.16586925682614187,0.15999665518629086,0.1651106903542064,1673954.7614585203
2022-06-09,XRP,0.16472312084909807,0.1665395282389947,0.16181218282844007,0.16249135410055482,1958106.7541799198
2022-06-10,XRP,0.16320274267134635,0.16361429944003453,0.1581873627615373,0.16049798193432108,1742441.464933558
2022-06-11,XRP,0.1603303536882704,0.16225174225321956,0.157494709043324,0.1595302834192783,1723205.3950137866
2022-06-12,XRP,0.16027371175925,0.16156905135158398,0.15682176568205877,0.15830872663448245,1812133.34523122
2022-06-13,XRP,0.1606203612466731,0.16314752100960594,0.15647770163101501,0.1573297560095422,1596331.7171096834
2022-06-14,XRP,0.15700154898314275,0.15969083999297362,0.15549288527230928,0.15686198739648213,1559619.05579007
2022-06-15,XRP,0.15567264582212179,0.15759423098894473,0.1537498074835408,0.15431136410147506,1322714.18763149
2022-06-16,XRP,0.15499932180478818,0.15753582649990056,0.15314906510624637,0.15674589335577907,1545992.2249443196
2022-06-17,XRP,0.15619515332641049,0.15619804621306008,0.1521167614243558,0.15373987534833541,1998932.013674646
2022-06-18,XRP,0.15405764059691796,0.1556787952311094,0.1539303456866125,0.15484615018635714,1743848.921317888
2022-06-19,XRP,0.15515658150174672,0.15540594153103746,0.15220010705018136,0.1546849448477729,1217753.6984893878
2022-06-20,XRP,0.15394640555719752,0.1554598955533041,0.151169025949555,0.15246657836185162,1602044.7494050385
2022-06-21,XRP,0.15389883458615583,0.15434338692040553,0.15163600038261882,0.15283966195494425,1986401.5898329332
2022-06-22,XRP,0.15318396463129194,0.154036148422866,0.14742812330275398,0.1482773341061181,1586533.9216116054
2022-06-23,XRP,0.14741372771113567,0.15816729381422198,0.1456483114405003,0.15793976566240214,3020252.8801543578
2022-06-24,XRP,0.15841041022168004,0.1617143369644138,0.15769986320515267,0.16139872533445682,1432003.1687193706
2022-06-25,XRP,0.16022518229163651,0.16526452280456688,0.1600610984119371,0.16272198959433415,1328657.8645188687
2022-06-26,XRP,0.16291227683501305,0.16467794393491503,0.16206270599819253,0.16257846096790604,1873845.6193807528
2022-06-27,XRP,0.1631767599340492,0.1693903013440243,0.16217364184631444,0.1675210672990933,1538075.3820863476
2022-06-28,XRP,0.16628268958573067,0.17391369109740928,0.16392484627953635,0.17206932619110754,1373855.0738526238
2022-06-29,XRP,0.17223531659618604,0.17487181886983075,0.17046535437570667,0.17139348354998923,1863578.9580493812
2022-06-30,XRP,0.1710608140471645,0.17223154128015913,0.1691292127785498,0.17105874738039786,1298881.7659457636
2022-07-01,XRP,0.16929345505109172,0.17414633880495825,0.16760212636311855,0.17089087071334927,1033821.9183582528
2022-07-02,XRP,0.1711282213612008,0.18414303558784306,0.1689461103448168,0.18125798131261966,3255189.7355090133
2022-07-03,XRP,0.18189794741017556,0.1913045173091319,0.17883797576714178,0.19086716493022587,3215873.6946389843
2022-07-04,XRP,0.19110132831873688,0.1923753715464885,0.18379520003311298,0.18565076650552956,1593237.1616440495
2022-07-05,XRP,0.18537056652097622,0.1862079322123134,0.18332800997572374,0.1850820406338899,1393492.2458007631
2022-07-06,XRP,0.18451168817508154,0.18601874709224933,0.18093546922465573,0.18276078959008846,1715649.7172009198
2022-07-07,XRP,0.17944750377704505,0.18496046913075842,0.177625013076288,0.18437404785886058,1364323.0881786032
2022-07-08,XRP,0.1833829761249468,0.18609383114014766,0.17800356646958396,0.18009988224917312,1922767.8646273762
2022-07-09,XRP,0.18146681603332135,0.1836383339116987,0.1786046639946135,0.18016359047844108,1950087.9461285097
2022-07-10,XRP,0.1812795878518759,0.18258926956597774,0.17741063875708835,0.17972093255318022,1446605.645591048
2022-07-11,XRP,0.17856522203767458,0.18161558943091569,0.17416322512814764,0.1765175972527879,1457224.214562477
2022-07-12,XRP,0.17701640078990413,0.1852073106178455,0.17598823162208385,0.18200271437640547,1915233.7959036264
2022-07-13,XRP,0.18253386532607915,0.18547187521997238,0.18068542068065874,0.1831173078324624,1892597.3896115504
2022-07-14,XRP,0.18353515318596453,0.19344531785378066,0.18186615648950374,0.19162508146914747,3521417.1644911002
2022-07-15,XRP,0.18926808501137474,0.19290712573719426,0.1870509511572498,0.19125548842766849,1817099.4520829353
2022-07-16,XRP,0.19036955865325067,0.19338181396418572,0.18992176377325515,0.1921310541210745,1044062.7131722069
2022-07-17,XRP,0.192011852628159,0.19741714869043206,0.1909086823661619,0.19631127523778405,1485044.5362540765
2022-07-18,XRP,0.19571741846683288,0.19955198500206275,0.1929422477188442,0.19798921779406625,1323020.6259480014
2022-07-19,XRP,0.19605502099863628,0.19855407782553056,0.19182338180647068,0.19233233628892807,1536217.6835963791
2022-07-20,XRP,0.19152424522070716,0.19303981772863732,0.18989833262106878,0.1910485903025627,1928513.825414325
2022-07-21,XRP,0.18917408776904376,0.19175066690683948,0.18722890967021588,0.1915476005399218,1454248.3367097015
2022-07-22,XRP,0.1911479787790968,0.192307551369537,0.18946924229392684,0.19176352695566512,1878615.545843044
2022-07-23,XRP,0.1929257633734656,0.20768699010213795,0.19197331888950817,0.20295936791116265,2301678.003292173
2022-07-24,XRP,0.20362984039795867,0.20688758969276055,0.20334143754606512,0.204520748097739,1227266.1706173734
2022-07-25,XRP,0.20363198938547727,0.2062728873495439,0.2021538965011514,0.20434101776524483,1881429.9485552118
2022-07-26,XRP,0.20558862429114017,0.20681040909886428,0.19637226357792972,0.1981012859143545,1769768.460089567
2022-07-27,XRP,0.19783026166124662,0.20166345520043677,0.1956218297134107,0.1994666696491031,1408066.0569313262
2022-07-28,XRP,0.1989836773883752,0.20195659031611043,0.1933584169233439,0.19456510961931964,1541676.045184298
2022-07-29,XRP,0.19181318529185318,0.19478577275540856,0.18835733745300295,0.18950648875410242,1382322.7092093325
2022-07-30,XRP,0.18992720206495609,0.19617841321310303,0.1872109570915348,0.1940206091900301,1603220.948030157
2022-07-31,XRP,0.19487689022295107,0.20512390186244833,0.19454161451984067,0.20152294219548086,1860913.7675058176
2022-08-01,XRP,0.20032482708143878,0.20646964198763162,0.1985155461212409,0.20510595975916884,1969622.779241877
2022-08-02,XRP,0.2052020829916502,0.20974505320892198,0.20461983247691984,0.2065253175710449,1661393.129913603
2022-08-03,XRP,0.20698188563723702,0.21062259156390223,0.20547467247495493,0.2094855156649678,1538944.1779034527
2022-08-04,XRP,0.2083316319372401,0.21214809996150008,0.20829780553545515,0.20911990025067356,1983585.2263811585
2022-08-05,XRP,0.20944433861149575,0.21944125217918573,0.208518517078716,0.21751469692309144,3114307.4041251885
2022-08-06,XRP,0.21867386084765186,0.22858546599625115,0.21671901642269456,0.22522079495847372,1078602.288186293
2022-08-07,XRP,0.22494739019290655,0.2257410015501874,0.22230085882516085,0.22411675715529092,1967506.3843826188
2022-08-08,XRP,0.22214627872932163,0.2224437396039556,0.2191751574078051,0.22192924548502638,1533858.8412790012
2022-08-09,XRP,0.22261219196729487,0.22442351627498985,0.21889421802006798,0.22091336207990384,1735199.8705016114
2022-08-10,XRP,0.22014987741361702,0.22186680361689765,0.2185135470133295,0.21870448014939728,1476414.5998524136
2022-08-11,XRP,0.21853824652024323,0.22293747723711105,0.2160397462230528,0.21863208573441564,1280604.4276741142
2022-08-12,XRP,0.21730767747967072,0.2214028116911841,0.21708767234674547,0.21912139740367592,1065625.5218066769
2022-08-13,XRP,0.22028379083815977,0.22849447262408443,0.21821813351748348,0.22630795563539752,1414631.068689638
2022-08-14,XRP,0.22792999001114525,0.24399283128694665,0.2261097716772827,0.24165412518984186,2909466.5929512447
2022-08-15,XRP,0.24105514249542528,0.24666321832964935,0.2387468039602034,0.24346597378616414,1762989.3444564627
2022-08-16,XRP,0.24403368239607165,0.2513351215163372,0.24316544558646042,0.24943941661089516,1533815.7533494595
2022-08-17,XRP,0.2499081086947881,0.2562302872989759,0.2466732328219547,0.2553316723960019,1413458.3256895829
2022-08-18,XRP,0.25315642363154783,0.26295495693101234,0.25270797507227044,0.26099054614065353,1337090.1688835602
2022-08-19,XRP,0.2603891318489753,0.26402363803613327,0.2579668717023361,0.25960070322542717,1612221.639081494
2022-08-20,XRP,0.25712471708061707,0.261794377422602,0.2545239675812701,0.2591531435941071,1285387.1627548197
2022-08-21,XRP,0.2589087714637155,0.2609120088763739,0.2520584680219524,0.2564882717465135,1129918.473324689
2022-08-22,XRP,0.2581075690669795,0.2684219659255913,0.2542624907482915,0.2637481672929839,1605281.2360267201
2022-08-23,XRP,0.26300208078132303,0.27115929404570155,0.2607981233401545,0.2705933984139066,1837873.483658116
2022-08-24,XRP,0.27185613536474595,0.2760099346432997,0.26503337528001714,0.26707184773770043,1078713.7564961829
2022-08-25,XRP,0.26586370664571285,0.26826450436572724,0.26484468489952934,0.26761539505726006,1901104.2842497518
2022-08-26,XRP,0.2681486258453461,0.27704286064725336,0.26627024896372464,0.273215847227599,1278528.826598121
2022-08-27,XRP,0.27310913944520737,0.2745621383923807,0.26920289397933694,0.2711553248671989,1776033.374617101
2022-08-28,XRP,0.26930453406974514,0.28650508880652287,0.2671962304234619,0.28275127728269245,2420042.0817205007
2022-08-29,XRP,0.2830560421901892,0.2857111846502336,0.2805923376459312,0.2841337099036627,1858306.5722747124
2022-08-30,XRP,0.28519844371955355,0.29496336396826156,0.2804844738741773,0.29144930090521937,1510819.5593773394
2022-08-31,XRP,0.29357091447598205,0.2944985535142163,0.29230588525728446,0.2938860860176125,1121149.592651444
2022-09-01,XRP,0.29349707815625037,0.29817120431386857,0.28611977394959165,0.2917730543905716,1783503.2668936907
2022-09-02,XRP,0.29492597693557016,0.30324199316231465,0.2914341540958598,0.3000939241493089,1263206.4786193576
2022-09-03,XRP,0.2987824756572285,0.3198466519766627,0.29730329396955263,0.3171945562125024,3400114.025773025
2022-09-04,XRP,0.3163306749581726,0.32214043419933525,0.31427011280860373,0.31757725845831386,1867931.297513367
2022-09-05,XRP,0.3178165516092116,0.3432718207931636,0.31172854945139694,0.3402661719545542,2809762.779419539
2022-09-06,XRP,0.3405225673215317,0.3546904206467456,0.3364717514086424,0.35327258715653137,3058533.5052312305
2022-09-07,XRP,0.3543860353246271,0.37328591879253153,0.3513280737106713,0.3664575518769358,1447760.5471957657
2022-09-08,XRP,0.37147531018564456,0.3795206243147425,0.3666770013377771,0.3747128549988176,1467716.7754782035
2022-09-09,XRP,0.3721880446782281,0.37534789201361246,0.36142849272462846,0.36229237271150067,1802132.2928928458
2022-09-10,XRP,0.36043632529733405,0.3721412886671836,0.3547298816143953,0.3650069807698653,1725177.4389540136
2022-09-11,XRP,0.36767197990032735,0.3767352110568322,0.36363439378711687,0.37511242792673694,1122533.6363701515
2022-09-12,XRP,0.3733641372901112,0.3826565243807859,0.3692028228761874,0.3772339460211576,1326384.8833151427
2022-09-13,XRP,0.3761217254344323,0.39421862905471033,0.3714756177315746,0.38512268928370885,1487468.7892608421
2022-09-14,XRP,0.3893889082284892,0.39246064522394636,0.38561703513088674,0.39123190682988457,1492916.4832633715
2022-09-15,XRP,0.3911513967051857,0.4017145558046058,0.38809163098687294,0.39559609257345474,1601504.957555168
2022-09-16,XRP,0.3923900701538983,0.40958727374706283,0.38847955159890946,0.4023161853181278,1344402.1850260426
2022-09-17,XRP,0.4017859166661424,0.4065002407654299,0.3852518175697615,0.38934633314158756,1215158.0183247372
2022-09-18,XRP,0.3891559718313711,0.4067860514656026,0.3868817009419713,0.4066026459910502,3494249.2869078815
2022-09-19,XRP,0.40643456593346194,0.43069712651682407,0.402908974827078,0.41882477287887937,1432282.185459345
2022-09-20,XRP,0.41890466654828223,0.44448531781713296,0.41449952443137145,0.44027726137905393,2710047.328652047
2022-09-21,XRP,0.4396465886833518,0.4498580946528862,0.4366582650906108,0.44884552400766686,1541829.1276683519
2022-09-22,XRP,0.4463584012025961,0.480067770144611,0.44139220143508057,0.47408027859310453,3105708.3335855706
2022-09-23,XRP,0.47698587836618955,0.49317023716510755,0.4734194413576657,0.48964301928377996,1368267.438096928
2022-09-24,XRP,0.48301995226931477,0.5188559975111544,0.47863382392070414,0.5154835617460573,2062325.128060206
2022-09-25,XRP,0.5171386564219539,0.5458950427907454,0.5151375677893462,0.5412575540463537,2917600.0259621367
2022-09-26,XRP,0.5411999817043951,0.5593456103722636,0.5370548385908458,0.5584488948936056,1231950.0850808418
2022-09-27,XRP,0.5639121427855063,0.5825301731518471,0.5591800224424587,0.5796094375338183,1331747.8583624084
2022-09-28,XRP,0.5835975669495571,0.5899537920087163,0.5729192601186789,0.574321966470599,1984070.1822211808
2022-09-29,XRP,0.5707187713961458,0.5720103572265927,0.5598630654551683,0.5715477467514616,1530592.0473325339
2022-09-30,XRP,0.5713523674768836,0.5787205042229717,0.5669098613932628,0.5775005576315905,1872320.2859774265
2022-10-01,XRP,0.5822063356597614,0.5909753062483802,0.5813939548495282,0.5885511625519262,1696101.4503414775
2022-10-02,XRP,0.5886242402127324,0.5949740553817768,0.5762838507884568,0.5853520480497847,1002703.5311981383
2022-10-03,XRP,0.5805225091905855,0.5868399297404153,0.5599593698299324,0.5691103982393823,1197963.2720433155
2022-10-04,XRP,0.5679340663065837,0.6030020084356674,0.5637083396976091,0.5950130194584965,1867052.200193557
2022-10-05,XRP,0.5882872431262997,0.5984478896025999,0.5819174422990802,0.5821730598841353,1162477.968511539
2022-10-06,XRP,0.5892034695869961,0.5914115287974517,0.5572452487948116,0.5583782580824507,1383716.0872730182
2022-10-07,XRP,0.5628646461116954,0.5845693872440854,0.5626810684770049,0.5794392478949008,1773217.3971679867
2022-10-08,XRP,0.5789260466843867,0.6232139027593758,0.576166126398225,0.6187270149753089,2667244.496966285
2022-10-09,XRP,0.620600115866337,0.6445063921724761,0.6127516951615727,0.6409677323071268,1812964.680290933
2022-10-10,XRP,0.6426649032420451,0.6680274330383629,0.6345879253424319,0.6642413675905497,1685193.7148247056
2022-10-11,XRP,0.660238618426695,0.6669395383626308,0.636592973014892,0.6369022156402615,1898611.0646808215
2022-10-12,XRP,0.6349369539777692,0.6670315463742266,0.626933336122262,0.6609390851790153,2932821.187395238
2022-10-13,XRP,0.6589165330222637,0.6700413712667413,0.6523542108043956,0.6582423623482805,1010983.2919089452
2022-10-14,XRP,0.6638225793550376,0.6720790258037079,0.653387449007133,0.6670357261576085,1559180.8005568208
2022-10-15,XRP,0.6668550101297867,0.6855318811270891,0.6604803807135806,0.6761822103930536,1821149.6726975897
2022-10-16,XRP,0.6791765238162675,0.6917212767335913,0.6719686737165901,0.6733398724450509,1817082.5385963463
2022-10-17,XRP,0.6697660550001162,0.6931703967365098,0.6624227125418561,0.6907726193795523,1093346.2303803468
2022-10-18,XRP,0.6910802032089929,0.6969686382294964,0.6842615547893223,0.6949215197331616,1015034.5370002398
2022-10-19,XRP,0.6934199804306462,0.694211081599869,0.6819036957881346,0.6840430079261764,1903857.5935991732
2022-10-20,XRP,0.6879032489053122,0.7058973415657934,0.6745006848754742,0.6783985452372671,1272584.5790884166
2022-10-21,XRP,0.6807996388497854,0.6961992341030377,0.675713879851375,0.6851986070672891,1230569.3687993991
2022-10-22,XRP,0.6789436737832398,0.7138673240783153,0.668475453636331,0.7087232094246024,2469320.929451085
2022-10-23,XRP,0.6999603147610655,0.7357102406965839,0.6951498766503722,0.7263707062079312,1882131.228971181
2022-10-24,XRP,0.7316334691399246,0.7509824810063661,0.7294257053418536,0.7440823813665834,1872807.2663148874
2022-10-25,XRP,0.7481631806569484,0.7497827202342302,0.7318010068832896,0.7395091329463486,1574376.119261235
2022-10-26,XRP,0.740516528553556,0.75186583890173,0.7234498397408902,0.7290044438482022,1030350.881476799
2022-10-27,XRP,0.721406755803283,0.7753862186234879,0.7182835931765597,0.768928387186278,2980275.1827872526
2022-10-28,XRP,0.7707417713069049,0.7898530061868093,0.7613748105036318,0.7846354809781682,1504119.8377810372
2022-10-29,XRP,0.7785723239711182,0.779671744216061,0.7674530129184536,0.7777485931769839,1352362.3639297662
2022-10-30,XRP,0.7856634818405561,0.8163350515524891,0.7785328816465225,0.8110402010608144,1681332.8018960056
2022-10-31,XRP,0.8145112259430254,0.8559034109192201,0.8048185191345304,0.8542026235901501,3175846.122164743
2022-11-01,XRP,0.8439294934705036,0.8494948176258832,0.8085975968287136,0.8182473801134459,1764164.4525547829
2022-11-02,XRP,0.816210943304274,0.8601535434650103,0.8046487452332264,0.8487142434788298,2207833.981587521
2022-11-03,XRP,0.8517728141140302,0.8603510760213218,0.7953104263282659,0.8135686792746719,1650925.5336815172
2022-11-04,XRP,0.8117166223802967,0.8132855131787986,0.7953080392713382,0.8068722047240144,1655881.5000044166
2022-11-05,XRP,0.8024935892167948,0.8480064694343123,0.7970213639870344,0.8367561098679415,2294793.2102380865
2022-11-06,XRP,0.838655933559542,0.8570068461686401,0.8351119772725546,0.8508493791719984,1193017.238675138
2022-11-07,XRP,0.8546468914475018,0.8576313331730034,0.8432229221311652,0.8547100494139493,1968258.775547151
2022-11-08,XRP,0.8525009459021715,0.8610253575996235,0.7979093132398442,0.800006550461323,1525071.1709909285
2022-11-09,XRP,0.804794955914528,0.8314804515763254,0.7973600539482976,0.8241574835783501,1381808.4644174916
2022-11-10,XRP,0.826359523281437,0.8574897016757874,0.8185996589517741,0.8525138287902582,1913973.7232768997
2022-11-11,XRP,0.8538917250307307,0.8599070368696009,0.8336207672077965,0.8397698893937934,1437788.5053522275
2022-11-12,XRP,0.8388633328111078,0.8484278583458721,0.8222198326080034,0.8314279248357492,1858370.2412025353
2022-11-13,XRP,0.8239693346537241,0.8261923203200786,0.7958036099627853,0.7999022608711265,1448550.4902993885
2022-11-14,XRP,0.8049518503449705,0.8181306994134457,0.7817205481008636,0.7973731232614361,1464958.174377021
2022-11-15,XRP,0.806666278998822,0.8258817044020912,0.8008051471950889,0.8159085434498248,1882295.7434115377
2022-11-16,XRP,0.8123035840273913,0.842754179720227,0.804369297969417,0.8356681809354951,1656836.627972778
2022-11-17,XRP,0.8329876594234055,0.834993086833808,0.7924521686377431,0.792769535129881,1690779.009999968
2022-11-18,XRP,0.7818519590268085,0.7867706198423368,0.7546428515796194,0.7687842658857921,1585324.119330818
2022-11-19,XRP,0.7775539425017901,0.7869083847874901,0.7734959202360406,0.7796491083289009,1477607.0101958765
2022-11-20,XRP,0.7866054480574319,0.8117050046593104,0.7855214731896188,0.8050981727124925,1244028.490406377
2022-11-21,XRP,0.8095972187513244,0.8326924903024842,0.8013733839402918,0.8288411785509237,1913161.2015371448
2022-11-22,XRP,0.8248992502967505,0.8313693173106095,0.8084048136508907,0.8131257110139605,1765842.037791805
2022-11-23,XRP,0.8177873665412942,0.8427503979472473,0.8136447746947233,0.8382080317420323,1965071.9625137541
2022-11-24,XRP,0.8376207538159545,0.8777790410076008,0.8271810890856918,0.868808390153162,3252194.9139143247
2022-11-25,XRP,0.8726047995371172,0.8757313570429702,0.8525134549320048,0.8598342083494009,1118600.7853322343
2022-11-26,XRP,0.8644120803087197,0.8714344379195205,0.8482769624656141,0.8570499715472711,1795073.2533773156
2022-11-27,XRP,0.8552050640366671,0.8730984608925779,0.8541584472498267,0.8660144654093768,1766669.3296989705
2022-11-28,XRP,0.8614021751567713,0.873679074715512,0.8468724242938306,0.8710935866818132,1734042.368990651
2022-11-29,XRP,0.8729253722534058,0.878565994855115,0.8447659991287666,0.850987026605704,1132870.6318004697
2022-11-30,XRP,0.8474606794983433,0.8550045739486019,0.817833329794533,0.8236162454352361,1784035.9883211448
2022-12-01,XRP,0.825084729354388,0.8521229379868693,0.817371526536997,0.8414374318018076,1654587.8772628733
2022-12-02,XRP,0.8310752676394942,0.8458311749129093,0.8293500561571969,0.8304820169598072,1216420.087140814
2022-12-03,XRP,0.8298260027029449,0.8353927985712412,0.8124421763557846,0.8171293214453867,1916137.0603076296
2022-12-04,XRP,0.809013931183224,0.8309378545391695,0.803041306790158,0.8199035476113175,1908972.872770624
2022-12-05,XRP,0.8154181627133107,0.8210208928539553,0.7782756115648864,0.7805069497473422,1043223.8503937426
2022-12-06,XRP,0.7766879864215356,0.8076416266934536,0.7653234001726099,0.7988294623613252,1387116.232627325
2022-12-07,XRP,0.7974190604432552,0.8361025234817869,0.7880439856526747,0.8129456806574176,1860287.549238017
2022-12-08,XRP,0.8191440669853474,0.8484650637123707,0.8066914821566373,0.8334791293175446,1410257.730342379
2022-12-09,XRP,0.8403033408819394,0.8544373376020508,0.8377558250808733,0.8430960072969993,1089747.3207197606
2022-12-10,XRP,0.8391820703309361,0.8554479405741069,0.824098545276658,0.8260576984889345,1814161.1606483252
2022-12-11,XRP,0.8200070407349692,0.8235156190905849,0.7791927914629788,0.7910191351099432,1971696.645663962
2022-12-12,XRP,0.7969596494909553,0.8252191052715835,0.7904928059067173,0.8192232798626904,1784928.5901158801
2022-12-13,XRP,0.8158326244790614,0.8308477128874595,0.8049591337616767,0.8119287410983005,1778429.2480807165
2022-12-14,XRP,0.8119495700492974,0.8177213386311433,0.7840522875245043,0.79826223182022,1882319.9359413113
2022-12-15,XRP,0.8065302320631212,0.8168241820494823,0.7801442129248979,0.7897287398239848,1778661.3882128184
2022-12-16,XRP,0.786952745061122,0.8008719610373001,0.7754753367644722,0.7813868575776571,1808115.9905676497
2022-12-17,XRP,0.7804745985945013,0.8190305084507775,0.7753627625147892,0.8152022664736099,2498049.2987497807
2022-12-18,XRP,0.803796766168037,0.8514831739712171,0.7978134468980652,0.8371308797824312,2372487.0812759395
2022-12-19,XRP,0.8375947962836168,0.8488818189236991,0.7896243735039181,0.8016201013077655,1050045.6894894107
2022-12-20,XRP,0.806901663303444,0.8223171481156215,0.7901609781624849,0.7936398207708956,1532434.67484433
2022-12-21,XRP,0.7988890917889605,0.8079996362981259,0.7795542605226979,0.8020461625873685,1011953.2244741167
2022-12-22,XRP,0.8035098786846491,0.8045357000601226,0.779912632077861,0.7854271988401245,1455913.1628738532
2022-12-23,XRP,0.7863503601003189,0.8390491767418171,0.7753886343818306,0.8336435987864161,2612470.2581328093
2022-12-24,XRP,0.8375842083217986,0.8535221532660747,0.817073558142013,0.8309568964752851,1746423.6543586892
2022-12-25,XRP,0.8372482157190098,0.852034011109591,0.7896769370582704,0.7985747656449369,1776206.2352462248
2022-12-26,XRP,0.7937647273806031,0.825476677038751,0.782354069753461,0.8130799531218569,1435458.0212968667
2022-12-27,XRP,0.8173123968519173,0.8219739143467454,0.7814936987103209,0.784713765871666,1189878.7353489392
2022-12-28,XRP,0.7812089004198299,0.8021808597012724,0.7700869004944269,0.7960395898553471,1665046.846950058
2022-12-29,XRP,0.8012159345612692,0.8072508398819752,0.7911399482606054,0.7926089864103654,1528105.452211693
2022-12-30,XRP,0.7889470301437667,0.8099590846649122,0.770550717193371,0.775292903474517,1834435.1736277966
2022-12-31,XRP,0.7737681986571271,0.7784955045942252,0.7571975856331881,0.7665711025414063,1929309.1477347119
2023-01-01,XRP,0.7614255006554869,0.7678500287786026,0.7364095352204657,0.738531996170651,1517018.606440095
2023-01-02,XRP,0.7509257698686324,0.7581663021019054,0.7388002434860146,0.7520328424686491,1554781.4769782096
2023-01-03,XRP,0.749912323919773,0.7910594418718967,0.7435856316241947,0.7759258979369192,1628020.376496488
2023-01-04,XRP,0.7780327013793025,0.7847236599331142,0.7682496274406253,0.7804963557240645,1180534.0475428638
2023-01-05,XRP,0.7726387426589229,0.7731797753849545,0.737406592948578,0.7422637445050764,1372674.3487267273
2023-01-06,XRP,0.7466009056223265,0.7573943866700736,0.7107078268151404,0.7219085001780244,1692290.0153631615
2023-01-07,XRP,0.7303142214253848,0.7393978915747461,0.7009916524437759,0.7021086589040842,1455990.9846309142
2023-01-08,XRP,0.6997111707881419,0.7120243382175212,0.6662574280845637,0.6721477917991154,1259526.3397985108
2023-01-09,XRP,0.6676938595832057,0.6765167877833769,0.6602530042784369,0.6757174828526137,1478405.2517818434
2023-01-10,XRP,0.6788748441795766,0.6902318911552513,0.6571222457182763,0.6575478372950053,1935537.4622469377
2023-01-11,XRP,0.6570132470215574,0.6634077073649794,0.645444767913524,0.6507625963463217,1878391.5485424404
2023-01-12,XRP,0.6533270038091138,0.654363671369432,0.6238181847962163,0.6332648151958916,1825816.4011529495
2023-01-13,XRP,0.6317361861994875,0.6478125815599319,0.6260840563912671,0.6383517192071841,1548282.1698780286
2023-01-14,XRP,0.6371934893798338,0.6398217753812033,0.6190501263210556,0.6240302921544815,1199289.0147083374
2023-01-15,XRP,0.6250920079898413,0.6518795738277348,0.6174335155840431,0.6405703452726087,1646590.0326021612
2023-01-16,XRP,0.6372292393399336,0.6473879435196274,0.6294365726260857,0.6295332396965755,1676186.1970033855
2023-01-17,XRP,0.6374442320423195,0.6399879837655437,0.6256920476103526,0.6313819179126201,1313392.8440349898
2023-01-18,XRP,0.6348027813000648,0.6420608070092271,0.6147226793997826,0.6184714238493988,1495863.5943790334
2023-01-19,XRP,0.6199045093356311,0.6230021083791858,0.6134570928534818,0.6209958277419942,1293859.428585808
2023-01-20,XRP,0.6204094666254447,0.6273658492757316,0.6104101920994711,0.616331210621487,1013928.8729474708
2023-01-21,XRP,0.6187678036758852,0.624273503628157,0.6042645718528579,0.606965801226884,1112589.3075949533
2023-01-22,XRP,0.6070158038403892,0.6103255440302131,0.5600707464882881,0.564944466575326,1805224.4414940223
2023-01-23,XRP,0.5663387612396505,0.5753103185631333,0.5657449724398471,0.5703312091918485,1509456.2818713265
2023-01-24,XRP,0.5710636552074748,0.5725328066826235,0.5559299390442836,0.5608879702320696,1155335.4563316335
2023-01-25,XRP,0.5584128734799518,0.563321819148679,0.5441247036125574,0.5514916424477248,1555345.0331366668
2023-01-26,XRP,0.5507661889206267,0.5527878858197378,0.5166854108869212,0.5228773091512257,1417820.0607438632
2023-01-27,XRP,0.5231563018151429,0.5494628701945643,0.514203145586431,0.5462392652875553,3172477.287126344
2023-01-28,XRP,0.5419235755164128,0.5548272037233073,0.5386248938971865,0.548015063134687,1687077.4828805455
2023-01-29,XRP,0.5590206528122367,0.5906555883279508,0.5548902035850379,0.5819404551637128,2856745.7392983916
2023-01-30,XRP,0.586754119340049,0.5912121617384053,0.5769415016831191,0.581380621500684,1071810.2803537932
2023-01-31,XRP,0.5808623082871842,0.5809309776190442,0.5708982601937691,0.5777784245603178,1245450.3594427998
2023-02-01,XRP,0.5835241918151186,0.5873885237385291,0.5643402331165716,0.5702868992361756,1543020.734734914
2023-02-02,XRP,0.572829697477101,0.5795529135608817,0.5594881537680397,0.5632497464696284,1798138.2519135596
2023-02-03,XRP,0.5714929008588988,0.5752533362165182,0.558163058689081,0.5619108559645166,1885239.2439583833
2023-02-04,XRP,0.5642744283892334,0.5743629903159062,0.559030173865618,0.559261096386159,1045680.2850359223
2023-02-05,XRP,0.5573951488340098,0.5698855756970026,0.5524368760464191,0.5652578695725258,1904308.6798776446
2023-02-06,XRP,0.5689924073207104,0.585683558237487,0.562746998909352,0.5826427604921731,1933916.86435439
2023-02-07,XRP,0.5774692217546555,0.5928264314199887,0.5694719524168023,0.5847073329890194,1139452.7089371427
2023-02-08,XRP,0.5825377238642107,0.5832406909506138,0.5430259283025228,0.5453546583213859,1326669.5774244033
2023-02-09,XRP,0.5449210854128342,0.5465820472427869,0.5237576570197727,0.5255492349424703,1306280.3385899803
2023-02-10,XRP,0.5261301158356795,0.5306348505311562,0.49172065215801963,0.4982694454873871,1704730.7949121986
2023-02-11,XRP,0.49716007720591276,0.5017647117828555,0.4942032628670473,0.4982294988328808,1013105.9793695112
2023-02-12,XRP,0.4991089070073737,0.5121261830564745,0.49480527203764196,0.49985759485041364,1169119.333287343
2023-02-13,XRP,0.5018034174343378,0.5081490525148983,0.4746224646068931,0.4752181273738228,1122558.425201102
2023-02-14,XRP,0.4780033564939413,0.4804426119008187,0.45571568433332704,0.4608886226323214,1380331.830416996
2023-02-15,XRP,0.4657199749187125,0.46931031100096793,0.442804211992958,0.44477371060216714,1542405.2967101773
2023-02-16,XRP,0.44771769509401765,0.45280933743416507,0.4307743325295578,0.43275540582656224,1310212.9955742946
2023-02-17,XRP,0.43216054395854586,0.4352746444586024,0.4206129409471946,0.4257950173203625,1494440.2666096047
2023-02-18,XRP,0.42678995477058773,0.43183832863339594,0.40894785285521923,0.41557268044125867,1562295.1916867692
2023-02-19,XRP,0.4179223712961909,0.4398399958731,0.41356525476868183,0.43381975629208697,2138271.417367598
2023-02-20,XRP,0.4332084087818966,0.43782534585092425,0.41897768326195295,0.42313477148691164,1520048.9532878986
2023-02-21,XRP,0.42441682516093904,0.43366485175759895,0.4226917327706485,0.43257690813912514,1554232.0752941126
2023-02-22,XRP,0.43820951439364625,0.45328357787701457,0.43437814737422564,0.4498436568551009,1691118.183393975
2023-02-23,XRP,0.45069688797786134,0.4557329151508452,0.4455042903475303,0.4550096870211355,1609010.984760821
2023-02-24,XRP,0.4528369468874264,0.45865074374991077,0.4477594681806714,0.45016913135776393,1817428.7022792965
2023-02-25,XRP,0.4525170924500464,0.4607822925510849,0.4405330711061435,0.44691224031109184,1684206.069059272
2023-02-26,XRP,0.4448079425920363,0.44527793682422556,0.4292093499111721,0.43373254235430353,1641671.9087959123
2023-02-27,XRP,0.43448421614781896,0.44505815181750097,0.433092406337891,0.4384117379603136,1976776.4380041894
2023-02-28,XRP,0.43928367299839516,0.4404297580060415,0.4267697039541947,0.430434855807432,1515238.4766494494
2023-03-01,XRP,0.42853803902805315,0.44194842258689615,0.4221694832106344,0.4399723516313748,1675910.6874092028
2023-03-02,XRP,0.442872332659579,0.44714015353220643,0.42938184638701715,0.43199697725111774,1335212.1192239476
2023-03-03,XRP,0.43477385590892054,0.4384150157870463,0.4154916336151232,0.41933937483400374,1257735.3485927982
2023-03-04,XRP,0.41880954045065355,0.4308833212755562,0.41407456660802267,0.4278014828209547,1054639.7885829385
2023-03-05,XRP,0.42827484193233595,0.4381539054455492,0.42397511513711744,0.4376720072663552,1327216.7904865847
2023-03-06,XRP,0.43535990929533824,0.4495942720124578,0.4304144650058292,0.4443568248230897,1404501.8144147221
2023-03-07,XRP,0.44291901019149577,0.44840050064081427,0.436061401611052,0.44096343135206323,1424410.6621928706
2023-03-08,XRP,0.43930555003827754,0.4416232516932628,0.4365191947482145,0.438637374004654,1630418.435909532
2023-03-09,XRP,0.4389071863492844,0.4410443015737455,0.42169897641492,0.4264451223339454,1442543.5259058333
2023-03-10,XRP,0.4282729606551138,0.43584478522254866,0.42662956428103455,0.4355045977293086,1072229.3811394353
2023-03-11,XRP,0.4353067315487111,0.43915081641235887,0.4127063161796816,0.4162357861508151,1025492.9200400822
2023-03-12,XRP,0.4161675760372521,0.41625564707500085,0.3951022539531229,0.39823576800358773,1071510.9100657073
2023-03-13,XRP,0.40043392360126606,0.40131032872464023,0.3898587369323923,0.39848824507418695,1849214.9456343316
2023-03-14,XRP,0.39510005041900437,0.40051842946999017,0.39166118500200553,0.39205726279090874,1286375.4439036255
2023-03-15,XRP,0.3949982115762618,0.40222339352110503,0.3754689367985973,0.37880181513592615,1960621.7451424224
2023-03-16,XRP,0.3755040248973443,0.38391460693592416,0.3631214838480008,0.3686810432523403,1545442.7927459476
2023-03-17,XRP,0.36953976320648185,0.37217999680959657,0.35606654749994937,0.3597331947677685,1699003.3165895375
2023-03-18,XRP,0.3529179372801087,0.35299205929628047,0.33687132170309153,0.3379694499616123,1833522.4576944115
2023-03-19,XRP,0.33715156184525186,0.33958375365509696,0.3303476992358718,0.3322248658646199,1307835.7435626872
2023-03-20,XRP,0.33435746904073604,0.33756431670076015,0.3229098659567456,0.3248940869755006,1692452.3432332922
2023-03-21,XRP,0.3240082345166843,0.33098425914474194,0.31898047843734434,0.32696342665250294,1165832.403148918
2023-03-22,XRP,0.3326748582950287,0.3438131940725761,0.32756927867535046,0.34350507503056144,1526982.0383158028
2023-03-23,XRP,0.34351119126791946,0.35352553875091924,0.3394956741133589,0.3508107826120397,1133635.181811318
2023-03-24,XRP,0.349698566270214,0.3542041086524443,0.33545957946319116,0.3411469758134108,1357228.4296571417
2023-03-25,XRP,0.3419303977941577,0.34440335663819155,0.3343904570993405,0.3393581112374636,1345084.6820203648
2023-03-26,XRP,0.3370888448179522,0.34023253998004394,0.3314555507075749,0.3344674969014818,1312901.689331996
2023-03-27,XRP,0.3310854196631439,0.3337070855124126,0.3244288025637285,0.33329474293521305,1529059.4833405016
2023-03-28,XRP,0.33090337228654043,0.3360128701721467,0.31841989613908056,0.3194089975978626,1153598.6013782127
2023-03-29,XRP,0.3209029634283676,0.32293600843682,0.31429056103907665,0.3219134591900414,1419639.589227911
2023-03-30,XRP,0.323245675177733,0.32630858831897847,0.3152000676815341,0.32023686166971366,1021367.3248986556
2023-03-31,XRP,0.32388635271974336,0.33002391701037614,0.3153353530794936,0.3200492253323061,1385122.8433542214
2023-04-01,XRP,0.31763599505764945,0.325055058947993,0.3111446026390535,0.3144700360669106,1230316.4678430592
2023-04-02,XRP,0.3156775675208537,0.32336923209811363,0.3136883459470284,0.3187187906818036,1787328.316161373
2023-04-03,XRP,0.3201962095043608,0.3243274266932371,0.3110144289149465,0.31427581077317596,1954082.0193622168
2023-04-04,XRP,0.3158947677944121,0.3212298387714359,0.295317412806131,0.29899619486970597,1559011.844975489
2023-04-05,XRP,0.3021360632367688,0.3036053974478264,0.30015050609757526,0.30240273258714967,1414132.137474824
2023-04-06,XRP,0.3044715069519134,0.30896227769506956,0.2994850577553491,0.3005563386537084,1538634.4890201504
2023-04-07,XRP,0.30094002652066254,0.30418829602443637,0.2957399708385015,0.30031744444617364,1391388.8016647596
2023-04-08,XRP,0.299133521388441,0.3024290636157136,0.29585354843024153,0.2984120855704344,1670404.2361737394
2023-04-09,XRP,0.29889980076807393,0.30435595120954406,0.2782727355728228,0.2820138469101243,1741408.5936841383
2023-04-10,XRP,0.2813620241554843,0.2827665007031728,0.266725571044288,0.2676272848886942,1321840.3018226365
2023-04-11,XRP,0.2666093492694529,0.26967223103914445,0.26423241178044987,0.26735670217191615,1184461.0638980344
2023-04-12,XRP,0.27083720463453387,0.2765604567972262,0.2665054569870179,0.272329379857132,1190473.63092404
2023-04-13,XRP,0.27138473067744484,0.273810317092961,0.260833099592778,0.26116251782950006,1071144.4935999133
2023-04-14,XRP,0.26308613055698177,0.2666224536155735,0.2570301271625502,0.25761797738106684,1953950.6940464312
2023-04-15,XRP,0.2582940059461869,0.25907220191972835,0.24025111971047838,0.2452164627648876,1134612.1964037872
2023-04-16,XRP,0.24465067685351552,0.24673992663936925,0.24357628153763594,0.2461000470281887,1747778.326351562
2023-04-17,XRP,0.24492383628202483,0.25476736464209476,0.24385098191220583,0.25302131069524075,1720649.716349362
2023-04-18,XRP,0.2526809539053387,0.25806784217308637,0.2503131050038405,0.2514084694337315,1410691.8939887627
2023-04-19,XRP,0.2522605650672611,0.25836895361121953,0.24928089466418143,0.25664260959995283,1701156.1869411382
2023-04-20,XRP,0.25526283904439423,0.2585737479186797,0.24499692040995202,0.24705711885898743,1890013.520012984
2023-04-21,XRP,0.24613995864318794,0.2503187257967727,0.23976637618061952,0.24175589089943972,1011300.1002552058
2023-04-22,XRP,0.24244599789677485,0.2512057949422656,0.24030902246950228,0.24849128653203056,1055893.515974785
2023-04-23,XRP,0.24645178438597906,0.24887846313290965,0.24150019657512553,0.24333301802264873,1536770.765302213
2023-04-24,XRP,0.24386955073669656,0.24871915709106,0.23782550766277813,0.23871293416383826,1654121.034758013
2023-04-25,XRP,0.23640957409708482,0.24120239605986746,0.23523787563349427,0.23992031852837975,1059242.5936703535
2023-04-26,XRP,0.23897132661851817,0.24428344907094576,0.23542422941354144,0.2425155540845413,1895708.709496191
2023-04-27,XRP,0.24063454768174436,0.24222574322957988,0.232357861209516,0.23349453442037849,1789448.6757144006
2023-04-28,XRP,0.2330710796662525,0.2354875291835584,0.22677375976506012,0.2293186651968172,1434054.889803193
2023-04-29,XRP,0.23081660037752533,0.23780169054204664,0.22746396092163915,0.2338847717384619,1865444.0903224926
2023-04-30,XRP,0.23283116694257358,0.23516247850708816,0.2317606419677334,0.2335181804745363,1383042.7879009095
2023-05-01,XRP,0.2354728881222721,0.24221111676939297,0.233053195836885,0.24093042490828215,1279768.499209953
2023-05-02,XRP,0.24259516929969746,0.2487205402704387,0.24124976173602117,0.24340648708851922,1516074.585175072
2023-05-03,XRP,0.24557040426949542,0.2535456008266786,0.24388651296063293,0.2510469647425152,1682009.4751120806
2023-05-04,XRP,0.24985801428517065,0.254620335349832,0.23877918537991938,0.24260007306237322,1522456.0629703307
2023-05-05,XRP,0.24251516795861452,0.24438061691645374,0.23375474382873487,0.23746045358847948,1246724.5311749652
2023-05-06,XRP,0.23540865070693556,0.23977069560246717,0.22783109455169315,0.22960276457426584,1492879.9414832226
2023-05-07,XRP,0.22828487009103535,0.2316247119391723,0.22602593911133947,0.22774729128636292,1276172.1117108485
2023-05-08,XRP,0.22668186398162354,0.23586836175266088,0.2238268896506274,0.23307905948117016,1297574.3201086307
2023-05-09,XRP,0.23313637329144332,0.23789640997344552,0.2317611910028772,0.23409755101985388,1135004.8723002195
2023-05-10,XRP,0.2343550493219846,0.23700551736172487,0.2198894382036428,0.22266207719934566,1495633.00105029
2023-05-11,XRP,0.22476339422229524,0.22551011867000204,0.20588826609794278,0.2087950160410041,1108670.8434374311
2023-05-12,XRP,0.21135325560210957,0.21472383158547553,0.2093324157593018,0.21279847003021324,1752913.3564429483
2023-05-13,XRP,0.21253819690433948,0.2182732604096004,0.2094212323081595,0.216739997844753,1504660.1148086835
2023-05-14,XRP,0.21805807726539922,0.22007442919145181,0.20990862246880485,0.21172350479739507,1406534.853992833
2023-05-15,XRP,0.21163876368201964,0.21659659499542916,0.19857572647411248,0.20150559474529017,1330398.3759647505
2023-05-16,XRP,0.2021518873896534,0.20898520204084411,0.19996730232977084,0.2061124215978582,1027921.9418504484
2023-05-17,XRP,0.20722344756632535,0.20759691536662672,0.2046656248884396,0.20468868874773882,1561960.922599926
2023-05-18,XRP,0.20390723255535798,0.2082182942021779,0.20040523542765287,0.20525736032057235,1797148.059907554
2023-05-19,XRP,0.2060632510327453,0.21017793557020875,0.1953861351133991,0.19781676583295618,1267885.991783894
2023-05-20,XRP,0.19798292928004008,0.20126978802362389,0.19564955876604673,0.1959594634254789,1070403.396898957
2023-05-21,XRP,0.19543421122271554,0.19576553456947463,0.19068644244806685,0.19278139038653372,1957218.151354573
2023-05-22,XRP,0.19293026209135983,0.1932861453450986,0.18852204048080973,0.19070083224934148,1007228.4668650469
2023-05-23,XRP,0.1898143684544101,0.1981685463162942,0.18850477465391108,0.197213088831512,2509176.0244250405
2023-05-24,XRP,0.19918741954072822,0.20149386459115057,0.18786638910598133,0.1912676495174372,1856483.2174514234
2023-05-25,XRP,0.19411177410250735,0.197832430622915,0.1933880799564476,0.19490420079711296,1899685.1012933732
2023-05-26,XRP,0.19500682713689718,0.1959955115820208,0.1902718445216664,0.19264339915608103,1944293.0194805877
2023-05-27,XRP,0.19212098167725827,0.1946808712632782,0.18342387215767234,0.18569952388028008,1853023.5422825373
2023-05-28,XRP,0.1858994048573479,0.18892291869263256,0.18359943528508665,0.1877780438859419,1526135.8175183379
2023-05-29,XRP,0.18710389770482097,0.19632937426520736,0.18642788624651385,0.19502701765721617,2652007.0285575646
2023-05-30,XRP,0.19466180006350933,0.19672418331970695,0.1849207066277158,0.18578868993676095,1084496.149114245
2023-05-31,XRP,0.18681757626321643,0.18921384440963449,0.1829424465786442,0.18456716708367152,1048953.2657812086
2023-06-01,XRP,0.1843949555874612,0.185293818369656,0.1818052075257936,0.18308087739893672,1726728.9187464425
2023-06-02,XRP,0.18353998943918287,0.18485554841996163,0.18011145074753623,0.18098276904161556,1378310.2679886834
2023-06-03,XRP,0.18048104812407018,0.18373625741644614,0.17976404391070339,0.1816550647493667,1888974.6742029474
2023-06-04,XRP,0.18236825225879189,0.18558687336866608,0.18013642416065878,0.18360083726825485,1184586.8723483642
2023-06-05,XRP,0.18300317278493522,0.18540888023240742,0.17336836137133665,0.17574235098306906,1918183.0590914432
2023-06-06,XRP,0.17513062045378963,0.1767123039903334,0.16504606085710385,0.16645519075540405,1310239.2616845453
2023-06-07,XRP,0.16570997300940157,0.17119886545553423,0.16511672865851051,0.16898603992596564,1041598.948290988
2023-06-08,XRP,0.16950527575173965,0.17085074548543405,0.16751673420410806,0.17059788337985182,1506895.0093092858
2023-06-09,XRP,0.17071210402427686,0.18322835244621338,0.1691027231494215,0.17933644112044442,2969305.5353277116
2023-06-10,XRP,0.17992622658740468,0.1813570737998592,0.17487767239235708,0.17734348305860959,1512725.4383830691
2023-06-11,XRP,0.1772673023427652,0.1840475053358744,0.17723077036322585,0.18136558608006623,1634999.3489946206
2023-06-12,XRP,0.18044149086729,0.1883980176239301,0.17914137523854967,0.18633733874748928,1411182.0185571173
2023-06-13,XRP,0.18379700101919513,0.1860969102257742,0.18091872611634432,0.18400431343802012,1479067.1503200282
2023-06-14,XRP,0.18529896781996535,0.18688618192530648,0.18367070256239976,0.18569646941273996,1702341.5037940608
2023-06-15,XRP,0.18491843499348878,0.18660673561602278,0.17805520991316917,0.17987632233730613,1540124.2907808977
2023-06-16,XRP,0.17981220974286724,0.18866695617329557,0.17687182153107178,0.18677237981645942,1858936.9586245154
2023-06-17,XRP,0.18711801173149753,0.19255224161751802,0.1834907256999429,0.18979831919674817,1584667.0895724304
2023-06-18,XRP,0.18877175414881495,0.19188924783794475,0.18545299189764852,0.18778967981612002,1320352.2920109406
2023-06-19,XRP,0.18818223935616207,0.19306449875526777,0.18741041816119566,0.18985536134609113,1369347.3449904732
2021-01-01,ADA,0.35570505763465077,0.36774709196193484,0.35302279296952116,0.36183327675362875,1406975.8637504298
2021-01-02,ADA,0.3593099785005539,0.36522303866630823,0.3521054652304449,0.3652066462948104,1922055.7786539905
2021-01-03,ADA,0.3712359512365408,0.37848201432605016,0.3687409253278656,0.3698687326285539,1956129.6669823886
2021-01-04,ADA,0.37359498006771896,0.3774968316244077,0.36380089350967426,0.3681828141091194,1254089.1485115814
2021-01-05,ADA,0.37005128062113124,0.375131334572755,0.3667489400622933,0.36788809856019034,1015802.5063203378
2021-01-06,ADA,0.3667016314287247,0.3731477488513974,0.36476075685203535,0.36946922788634495,1957210.5285525864
2021-01-07,ADA,0.3670989443969364,0.3696711421000242,0.3526201330318775,0.35930973945600014,1076984.7042103126
2021-01-08,ADA,0.3568633185636775,0.36378899858768493,0.3526666900796967,0.36238288889655884,1024049.9588632958
2021-01-09,ADA,0.36251104398454725,0.36476721390100536,0.3483259027034357,0.35234811845929653,1582237.696945743
2021-01-10,ADA,0.352786521450957,0.3561353199834343,0.342790409872174,0.34697214550257016,1023842.815925939
2021-01-11,ADA,0.34568079701777593,0.34793413745342233,0.3429119641108765,0.3444971847640519,1103082.98359749
2021-01-12,ADA,0.3477380564113191,0.3524414005436241,0.3426171024187847,0.3505078944569467,1085073.395479236
2021-01-13,ADA,0.3497924916841787,0.3625262055283577,0.3478144483755255,0.3588036781943801,1940238.2380716144
2021-01-14,ADA,0.362057139378683,0.3690401071307554,0.36033816094291343,0.3633078692750052,1109176.7319615849
2021-01-15,ADA,0.3605135755350676,0.3729072541468413,0.35953998309061763,0.3708899330079243,1054346.8751711636
2021-01-16,ADA,0.37278828344616044,0.37656663938750334,0.36306733193321367,0.3697061086111136,1127611.2621583706
2021-01-17,ADA,0.3710772986601992,0.37652972256722594,0.36348051158025874,0.370147975781245,1038007.4286239571
2021-01-18,ADA,0.3712332719838553,0.3887789334687741,0.36642429826243794,0.38589546416208376,2095629.5032705863
2021-01-19,ADA,0.38520074532320825,0.3857064744544802,0.37621338243740204,0.38082106777437125,1001031.2745724699
2021-01-20,ADA,0.3812777954579444,0.3886594935110679,0.37158616691804974,0.3757517077753273,1024484.9970717622
2021-01-21,ADA,0.3809227631143883,0.39545464782372436,0.3768987063863205,0.38954561495650236,1705763.5007493398
2021-01-22,ADA,0.38698942974240796,0.3878462665070028,0.35785074497094055,0.36275006658944303,1260871.93673333
2021-01-23,ADA,0.36737632096675626,0.36801687070415395,0.3395516314090488,0.3437025111205462,1847418.148550697
2021-01-24,ADA,0.34047846876419263,0.35827253566393924,0.33717813274264713,0.3531020970503256,3488060.662795706
2021-01-25,ADA,0.3542389597834052,0.357500810391426,0.34238160792152034,0.3488760215574981,1565417.1846760802
2021-01-26,ADA,0.34978527470872556,0.3527469573960299,0.3400261130641215,0.3444208055593566,1492045.5221826872
2021-01-27,ADA,0.3453000447275528,0.354434004791831,0.3438429847082961,0.3541386634799828,1546033.3246401823
2021-01-28,ADA,0.35284691207173746,0.356739251325776,0.3498029449782151,0.35190805489388366,1345264.212033193
2021-01-29,ADA,0.35130422844355547,0.3560341485356067,0.34640721472903274,0.3466349757158876,1716955.5790773802
2021-01-30,ADA,0.3477956165980956,0.35145770799516923,0.3394602829094903,0.3437027846604787,1630571.8741447595
2021-01-31,ADA,0.3463537053975306,0.3499876303731507,0.34532352176347514,0.3457755278914596,1746978.594040591
2021-02-01,ADA,0.34872470666658134,0.35475810082308395,0.3382559242474543,0.34055272403249975,1083414.6569890105
2021-02-02,ADA,0.3400806839992697,0.34482426369490565,0.32595700918123743,0.32904840958142373,1854299.5884302482
2021-02-03,ADA,0.3298217919740789,0.3341452881668809,0.3084756283860995,0.3098670947178974,1535981.2852804128
2021-02-04,ADA,0.31233284887168417,0.31968264101296645,0.30798370055616764,0.31541666999155105,1479532.9246000603
2021-02-05,ADA,0.31261558217707935,0.3189354453865361,0.30565877608635644,0.3069060822393768,1840373.9746096134
2021-02-06,ADA,0.30849525392792815,0.31410460062722706,0.3072605607333855,0.3118598545536694,1001013.6805365626
2021-02-07,ADA,0.31138641450598836,0.31531689028980986,0.30355553086623155,0.30645369586050514,1229277.2853438049
2021-02-08,ADA,0.3082985954555355,0.3110185571002636,0.3072169849765719,0.3078889283107611,1400108.0778029067
2021-02-09,ADA,0.3093091161207627,0.30991287624066177,0.2959471451382177,0.3012575505654015,1396860.1975341905
2021-02-10,ADA,0.2989598820695056,0.2994280048808179,0.2934946732658689,0.29691082255801243,1781233.4768208826
2021-02-11,ADA,0.29733502813969487,0.29943315132950404,0.2799649071461251,0.2846105257531634,1229800.94843747
2021-02-12,ADA,0.28849358037585404,0.29022849538625933,0.2823633073385349,0.2830145610225839,1299748.8503286447
2021-02-13,ADA,0.28237837134478433,0.2853970551681073,0.27074041467291576,0.27515295668512857,1133197.4253337372
2021-02-14,ADA,0.27560412159705366,0.2852553561144411,0.2721379473201145,0.2836685184997213,1631726.3831164502
2021-02-15,ADA,0.28194738004307374,0.29200308763357874,0.2777218942951438,0.28735285893041146,1545711.442429531
2021-02-16,ADA,0.2870046575136544,0.290149690979597,0.2839477404506281,0.2879909429482375,1301614.6526276888
2021-02-17,ADA,0.28844779969504614,0.28942087657079524,0.2743044747282622,0.27868696425734585,1931731.608524288
2021-02-18,ADA,0.2778316232754312,0.28105555213320105,0.26821562947030253,0.26887496117261434,1613627.1487497932
2021-02-19,ADA,0.2709359486317091,0.27308203162659556,0.2668963541329342,0.26866424351964185,1588618.349959101
2021-02-20,ADA,0.267401807709022,0.26863937644518276,0.2578566521442389,0.2583397198806611,1947068.2783862778
2021-02-21,ADA,0.25719554965512925,0.27004829337967795,0.25315369436799456,0.26628457523135424,3092066.0391298537
2021-02-22,ADA,0.265994005747668,0.2672633655615686,0.2534553980026642,0.256625545044441,1404535.1500539626
2021-02-23,ADA,0.259305398272599,0.261863768661177,0.2587169013647101,0.2606242556712595,1512894.5683176124
2021-02-24,ADA,0.2597158943711586,0.2773247158310607,0.25644848233074474,0.2732297569361372,2931839.2695539203
2021-02-25,ADA,0.2723420864297348,0.2786242775165279,0.27092555294569437,0.27604172145039874,1355712.414862831
2021-02-26,ADA,0.2773001372880528,0.2797086955490847,0.26392963531591657,0.2671273169392107,1026707.9031238402
2021-02-27,ADA,0.2699446135584635,0.2775449862683871,0.26844123647083673,0.27422816373563746,1453351.942864468
2021-02-28,ADA,0.27543715589810064,0.2779491988948971,0.26289975432905427,0.2656736651837192,1556735.7954450825
2021-03-01,ADA,0.26498478503347106,0.2765118300671119,0.26304028064420154,0.27466519287280894,2550992.6296718977
2021-03-02,ADA,0.2748407645297242,0.27541392567552253,0.251102069077664,0.25200404972366885,1471993.8847892447
2021-03-03,ADA,0.2510567623070703,0.25694536325314027,0.24666228808560756,0.24854469531677956,1673052.079117125
2021-03-04,ADA,0.2501313043073785,0.25349905811139667,0.23522757706099812,0.2374190693290613,1614763.7599214725
2021-03-05,ADA,0.23639203062695097,0.2374798545780034,0.23593165320712675,0.23623875545080017,1795417.2451814353
2021-03-06,ADA,0.23606343855776948,0.23929684800758064,0.22206015099806245,0.22319480152915813,1235459.0966775713
2021-03-07,ADA,0.22427816422866328,0.22645621267615595,0.2172160020558994,0.2191528824975136,1623083.8491519273
2021-03-08,ADA,0.219885056497291,0.22088524550790534,0.2163126801355003,0.21910683520351026,1761784.474044488
2021-03-09,ADA,0.22110569058937857,0.2242639591309208,0.21591538187600273,0.2181857424244115,1318356.1457990578
2021-03-10,ADA,0.21943846503964468,0.22270792169507128,0.21672744150850537,0.22135000559714932,1277746.5662065214
2021-03-11,ADA,0.22006929388085705,0.22121291802563087,0.2182283630463617,0.21864670693645902,1817027.1295863169
2021-03-12,ADA,0.21688718886259603,0.21924707182298112,0.2150113603919333,0.21846447371283526,1950673.8244233432
2021-03-13,ADA,0.21876238259941977,0.22178573644772667,0.21604602795166045,0.2186788928857767,1887540.1884472568
2021-03-14,ADA,0.21789922236764225,0.22609437467340626,0.21626095780801732,0.2231873390782443,1551507.9777235487
2021-03-15,ADA,0.2246348096195505,0.22725289022648062,0.2169963180876371,0.21853287121522072,1514065.008110903
2021-03-16,ADA,0.21884747416996067,0.22000596395399255,0.21581244066866756,0.21891877279037744,1029945.5184693853
2021-03-17,ADA,0.21874600089333499,0.2208582671229644,0.21573527869658082,0.21678746933958473,1360108.9316405552
2021-03-18,ADA,0.21648397557494736,0.2176982877442611,0.2125656306032835,0.21463887537808077,1744576.0297693326
2021-03-19,ADA,0.2137627441250756,0.2159048636744028,0.20968901510087437,0.21100932475571804,1153011.6248830762
2021-03-20,ADA,0.21215262203913457,0.21533778249485575,0.21059349271483313,0.21248217869889424,1438825.4512709258
2021-03-21,ADA,0.21192543248735535,0.2141475287950962,0.19680699192803713,0.1994686631384253,1144588.3355594217
2021-03-22,ADA,0.198752784762793,0.20487290325121524,0.19697205124844622,0.20418514510965471,1586658.0098291528
2021-03-23,ADA,0.20507153462812308,0.20674445638061065,0.1982230979073507,0.1996818191248395,1101026.7566574553
2021-03-24,ADA,0.20353310637125488,0.21175839232979793,0.20080513293941968,0.20915645429620383,1412182.9314241712
2021-03-25,ADA,0.2095083263667964,0.21108406712298047,0.19916780194322614,0.19927795188178596,1207683.388562311
2021-03-26,ADA,0.19897530009983488,0.20526159501054897,0.1980294453688486,0.2037712127347623,1564322.3648764347
2021-03-27,ADA,0.20403937437337813,0.21231618766572288,0.20116930329117733,0.2117417530629119,2806213.3851640006
2021-03-28,ADA,0.21124172571752275,0.21293328417277727,0.20403897477687305,0.2052090100394301,1890686.0109402558
2021-03-29,ADA,0.20565679676594792,0.20785777993836355,0.19024886217832965,0.19203555241013687,1064388.4434022622
2021-03-30,ADA,0.1920267859550242,0.19314851635057836,0.1861739961469557,0.18773665599863948,1103674.2412655433
2021-03-31,ADA,0.18597041444910178,0.18752587196036488,0.1753559380998647,0.1766537433139901,1537670.5244984496
2021-04-01,ADA,0.1763771253962979,0.1804931551769332,0.17556122417112444,0.17708450288696148,1777189.1899940053
2021-04-02,ADA,0.17650135292709415,0.1785336367574755,0.16929221261751773,0.17114369672818483,1065282.2843707749
2021-04-03,ADA,0.17009188947849155,0.17376557049440727,0.16768329326711204,0.17353790124119056,1531776.6260603396
2021-04-04,ADA,0.17323194882612783,0.17556738197401475,0.16937831043957766,0.17066950262806768,1367256.610389371
2021-04-05,ADA,0.17143625647691751,0.17256344417835734,0.164942627800178,0.16587323345268806,1585893.57187125
2021-04-06,ADA,0.1660018233163578,0.16769542906440654,0.16006746199304425,0.16112975943555682,1580440.5845056619
2021-04-07,ADA,0.1627862877124019,0.1641469246268539,0.15773078059815082,0.1603372816123148,1424519.6451863057
2021-04-08,ADA,0.1596086270004369,0.15964198007112446,0.15196950939245418,0.15376366978429695,1804391.4971924494
2021-04-09,ADA,0.15384568867788193,0.15401929923777996,0.15217418986082895,0.15347937645440385,1737548.7066311992
2021-04-10,ADA,0.1526716370562783,0.15288316521611708,0.1487776987919981,0.1499658070069123,1099626.0549994665
2021-04-11,ADA,0.14978397983540365,0.15016564122708392,0.14636352264750463,0.14759177324919429,1486469.778064742
2021-04-12,ADA,0.146444638393477,0.14858366060169198,0.14561601708307756,0.14807018729534543,1677922.4649683866
2021-04-13,ADA,0.14751991306804255,0.14835602531724604,0.14269569954333045,0.14415772291776408,1937069.107873969
2021-04-14,ADA,0.14458001824090505,0.14656577108000104,0.13782703149306427,0.1385827200961335,1412229.6588183886
2021-04-15,ADA,0.1388849562409113,0.14156969202564354,0.13697541079718253,0.1410143169896829,1691562.464244187
2021-04-16,ADA,0.14085025536221812,0.14310046240050447,0.13612770244480502,0.13656626264977445,1204915.5984886508
2021-04-17,ADA,0.1359344545843719,0.13894829059753824,0.1342263322390548,0.13681202636518863,1548139.678374066
2021-04-18,ADA,0.13607739688652068,0.13659206738857463,0.12794021671194603,0.13041270342705924,1079274.4638898696
2021-04-19,ADA,0.13062873261052424,0.136471544939198,0.12882164370534802,0.1345305090909401,1175188.0875743951
2021-04-20,ADA,0.13514111006314122,0.13592424866735275,0.1307187819425566,0.13185825947338148,1637917.7334604263
2021-04-21,ADA,0.13143251189113245,0.13349528640466765,0.12704692759447214,0.12815967753350418,1032883.073851802
2021-04-22,ADA,0.1279541171295578,0.12979269245159814,0.1272735948679306,0.12975579607863585,1827693.1449689453
2021-04-23,ADA,0.12807411054141205,0.13118810651059234,0.12438479429668155,0.12479322579114009,1559676.0880037497
2021-04-24,ADA,0.12540981323116165,0.12582408680632443,0.12247423095630813,0.12279164715702862,1631955.9739063191
2021-04-25,ADA,0.12304368937575336,0.12404493460671615,0.12136347870661507,0.12396319876894388,1594121.8431184455
2021-04-26,ADA,0.12220416361712014,0.12274931821630558,0.11902259766147322,0.11919921071343008,1281465.014799733
2021-04-27,ADA,0.11776939406160244,0.11861159582496202,0.11502412409032631,0.1156209250766286,1928624.9096054195
2021-04-28,ADA,0.11622146637241063,0.11674051365750379,0.11061859629380963,0.1120909085121615,1839451.3468892546
2021-04-29,ADA,0.11127436667195066,0.11243473214224621,0.10447847995414367,0.1052617252900389,1903083.4916657505
2021-04-30,ADA,0.10510633614390015,0.10700533004451843,0.10491113094188399,0.10575624560101612,1641921.6199917167
2021-05-01,ADA,0.10692343044907969,0.10891821998134961,0.10551922274145584,0.10844008356056559,1029249.6154501595
2021-05-02,ADA,0.10992105699126554,0.11176752844652464,0.10768126178698832,0.11119329352823411,1200211.426876907
2021-05-03,ADA,0.11048104375125363,0.11143854326209267,0.10796577462646327,0.10889188461325085,1607807.2263196455
2021-05-04,ADA,0.10895892425446753,0.10970776793988188,0.10491038635214527,0.10561895885391683,1274726.174146239
2021-05-05,ADA,0.1060572417420617,0.11040370930720544,0.10436208655656741,0.1083770557603832,1978876.2636768618
2021-05-06,ADA,0.10978216388045751,0.11177401750995558,0.10873900437989972,0.10979537990663976,1756139.836456186
2021-05-07,ADA,0.10892368544977024,0.11038346752486725,0.10700463447805138,0.10896225870126407,1766535.6017080264
2021-05-08,ADA,0.10948747967351807,0.11006578621838979,0.10518509546477635,0.10692762019264308,1089877.9905406707
2021-05-09,ADA,0.10619648731616836,0.10651401937929715,0.10471071075121799,0.10586936419433618,1386208.0445296217
2021-05-10,ADA,0.10643393987606467,0.10778197789373349,0.10237835809036934,0.10357229690783924,1549596.032749117
2021-05-11,ADA,0.10362565661912125,0.10387390915187547,0.10098170432351998,0.1019732495275586,1328142.3090033059
2021-05-12,ADA,0.10220694161332766,0.10516834188102986,0.10152628173173264,0.10391251565232443,1047878.8889956347
2021-05-13,ADA,0.10453746634504547,0.10494547064322314,0.10386439207103704,0.10459883915767211,1775359.6833833014
2021-05-14,ADA,0.10348601463857933,0.10569616623228881,0.09902841502095158,0.09983355171115439,1217734.9596064931
2021-05-15,ADA,0.10071953790586222,0.10342953237198514,0.10016128472194746,0.10140713861837837,1762752.1765001304
2021-05-16,ADA,0.10210760373667309,0.10225737354883069,0.10087239246145474,0.10136724748244978,1600710.2737773503
2021-05-17,ADA,0.10100792795147376,0.10124627516068035,0.09836093202767845,0.09935263762920002,1099137.27599029
2021-05-18,ADA,0.10013644994183482,0.10107174101027212,0.09908963223807353,0.10080471121432281,1934312.4889236963
2021-05-19,ADA,0.10028994780373246,0.1019662857451108,0.09997466460817368,0.10186340055582037,1977864.9078348016
2021-05-20,ADA,0.10142227085298305,0.1031989055832072,0.09709250618861111,0.0984131839868304,1046253.5827005375
2021-05-21,ADA,0.09878683257319187,0.10021704571461955,0.09725167597261151,0.09760614004839661,1575265.2308349013
2021-05-22,ADA,0.0976362047020793,0.09987900355481366,0.0968613536407356,0.09870031283148484,1381818.8431781733
2021-05-23,ADA,0.09902039483238595,0.10060669547996727,0.09656998707371402,0.09803731276704018,1465710.6064779141
2021-05-24,ADA,0.09906930728698797,0.09914064879983055,0.09634229825030716,0.09742611428469101,1144996.5262999923
2021-05-25,ADA,0.09745382395331315,0.1008993507467912,0.09631828043391506,0.09886368926349001,1410133.894600421
2021-05-26,ADA,0.09954070437777802,0.10288086032690825,0.0977659043099933,0.10203301911319357,1618913.3898256652
2021-05-27,ADA,0.10175594288026606,0.10272903023538103,0.10097690880977665,0.10155018894171637,1942084.8039524013
2021-05-28,ADA,0.10145088367871402,0.10231271411855085,0.09889638332187217,0.1009271037429285,1572328.1821684844
2021-05-29,ADA,0.10133794589731285,0.10286403276473283,0.09639640598242956,0.09758781513044415,1433168.1241664016
2021-05-30,ADA,0.09758773077516893,0.09805553305189828,0.09671062555919852,0.09721353652725014,1395809.0184984205
2021-05-31,ADA,0.0970396905298073,0.09825740531168005,0.09097334681808868,0.09242519458843734,1576120.9835492554
2021-06-01,ADA,0.09278603823472505,0.09488131099813092,0.09223046935342703,0.09459907309257383,1203989.9255105075
2021-06-02,ADA,0.09484925087859618,0.09564568853362033,0.09206231321839446,0.09259332192355244,1118611.807772032
2021-06-03,ADA,0.09334128051139189,0.09441343096871992,0.09193003880417223,0.09282135683944054,1350346.3335966496
2021-06-04,ADA,0.0938789233230047,0.09445801771696606,0.09276240559124803,0.09302186821479429,1448309.6211032555
2021-06-05,ADA,0.09352762605358621,0.09574002467020179,0.0929456953269133,0.0937982666443757,1556039.2704737475
2021-06-06,ADA,0.09311211799174994,0.09433136767173486,0.09237624225760618,0.09350885531486151,1861112.4697013928
2021-06-07,ADA,0.09314948013400688,0.09728698003604179,0.09285914090976906,0.0960580188755818,1145813.6168269087
2021-06-08,ADA,0.0966378014574987,0.09699418518018156,0.09558680661773661,0.0962005023481236,1004799.6669154895
2021-06-09,ADA,0.09570278625533074,0.09607390415219605,0.09207274828377648,0.0934104324584405,1602947.6898743256
2021-06-10,ADA,0.09259746171716908,0.09439341849383279,0.09037282737794312,0.09102023227223527,1866677.261066729
2021-06-11,ADA,0.0912923661372641,0.09519214459464288,0.0895491227378852,0.09444936009845858,1154543.9452789044
2021-06-12,ADA,0.09495197194594746,0.09663771915419082,0.09162333136567093,0.09265639215502092,1911094.196854458
2021-06-13,ADA,0.09298469492399775,0.09453074432618615,0.09180506656083628,0.09360376270964983,1559426.7285050885
2021-06-14,ADA,0.09373439546798894,0.09764885722467243,0.09326535120114801,0.09665637710633591,1654139.7097987582
2021-06-15,ADA,0.0975436135460006,0.09825842769170441,0.09619283045013861,0.09726590884262011,1108644.5998022936
2021-06-16,ADA,0.09817961374937534,0.09920425387066661,0.09667486295146543,0.09752689968875299,1799229.89225357
2021-06-17,ADA,0.0985200328988244,0.10126337451779761,0.09756708824567507,0.10081168969257143,1837719.6790441265
2021-06-18,ADA,0.1002004144712599,0.10088534691879962,0.0987469041227324,0.10063800273682612,1385552.6222296106
2021-06-19,ADA,0.10014641156620373,0.10568549366214078,0.09978206627876823,0.10565571677351299,2022186.199111018
2021-06-20,ADA,0.10592149293379013,0.10645279002848729,0.10207437417518146,0.10330457961040909,1827090.300912889
2021-06-21,ADA,0.10356544686105718,0.10558432634478788,0.10261691179915343,0.10375514139450974,1035042.1292036898
2021-06-22,ADA,0.10332278428858147,0.1072535715342836,0.10188176386029951,0.10620865650866722,1872453.9625857242
2021-06-23,ADA,0.10680560103895166,0.10901880818992007,0.1057463757891524,0.10883799366186872,1847994.3432509701
2021-06-24,ADA,0.1096623507836476,0.1110467230022533,0.10794715091670613,0.10947683668132703,1077448.6375533994
2021-06-25,ADA,0.11003354463169446,0.11349095106256973,0.10973857047676665,0.11254812855326245,1029066.0245541492
2021-06-26,ADA,0.11156460768130451,0.11268128121800665,0.10730177359964084,0.10813682864766207,1752292.2248872211
2021-06-27,ADA,0.10827883219118303,0.11325678871330544,0.10725836204354627,0.11249210889892282,2412536.9215655937
2021-06-28,ADA,0.11359898049921889,0.1141450512882893,0.11201505837897602,0.11348364403405535,1441994.9310559987
2021-06-29,ADA,0.11348389975831599,0.11429553690100686,0.11155440111528021,0.1135629735557848,1474975.792569378
2021-06-30,ADA,0.11382298491752439,0.11536006902846048,0.11343038472329864,0.11461614407205073,1023503.0035583037
2021-07-01,ADA,0.11628476627314738,0.11680906365138581,0.10949120308863093,0.11077970705301565,1975463.0426396003
2021-07-02,ADA,0.11086957756645373,0.11403246684937542,0.10997960203492496,0.11286020652141118,1157358.5156045607
2021-07-03,ADA,0.1136774357169953,0.11445056392051853,0.10918696198010494,0.11038297863579015,1583386.0737465061
2021-07-04,ADA,0.11053726786898406,0.11250095711522005,0.10625444653367348,0.10753830618698365,1419413.990145976
2021-07-05,ADA,0.10845163462611229,0.11171155858047177,0.10719050338291854,0.1115875146974734,1077950.1245345338
2021-07-06,ADA,0.11242834826939563,0.11257481727824535,0.11121455371464561,0.11168683701260451,1333702.1178894814
2021-07-07,ADA,0.11101988867076762,0.11254104606114929,0.10691056063705308,0.10796624234339354,1672813.3468212262
2021-07-08,ADA,0.10811444719241536,0.11375461600728744,0.1072779813509459,0.11337295590327795,2562172.633846403
2021-07-09,ADA,0.11290094004942382,0.11446143972252223,0.11156563955609405,0.1143345326071605,1331327.5925726295
2021-07-10,ADA,0.11450371027600621,0.1162302909693351,0.10871921238187035,0.10883843915943184,1511570.1182535794
2021-07-11,ADA,0.10904484892648457,0.1101333306807583,0.10704033816557063,0.10792277420158114,1722766.8545449642
2021-07-12,ADA,0.10742157305203325,0.10870322643683393,0.10304911699513362,0.10399478581038961,1515271.6916271432
2021-07-13,ADA,0.10445544015783279,0.10602322763409423,0.10380315250510487,0.10463492284142432,1179533.3734936055
2021-07-14,ADA,0.10508579668870516,0.1067028836178082,0.1034031431181926,0.10617206857272729,1057270.2653081531
2021-07-15,ADA,0.10558823228234643,0.10605527615582931,0.10281002350108108,0.10318577842094308,1025068.5942114919
2021-07-16,ADA,0.10311834361094356,0.10312402219577697,0.10047630204368845,0.1013033315941938,1467591.9392901524
2021-07-17,ADA,0.10091340749071788,0.10272493220434849,0.09791826573502828,0.09858757500712742,1637494.029683975
2021-07-18,ADA,0.09847642773227655,0.10009910045597704,0.09661106520917159,0.09780693609646274,1327593.7640423847
2021-07-19,ADA,0.09823155985113159,0.09910805253782644,0.09652855766737894,0.09791408148237567,1117872.62754448
2021-07-20,ADA,0.09843909803860167,0.10031263363436047,0.09645918125236236,0.09808231863222258,1983579.635087511
2021-07-21,ADA,0.09716543103275133,0.09773000899221035,0.09222442632619335,0.0923340426508044,1291098.6470855467
2021-07-22,ADA,0.09149498164043103,0.09478477507424214,0.0903734546572901,0.09399087946023658,1437284.0245559134
2021-07-23,ADA,0.0939683364327375,0.09444345056687295,0.09058825014005747,0.09150807222041506,1601367.1195483427
2021-07-24,ADA,0.09099921552195829,0.09609182666505803,0.09049309924056193,0.096022374134938,3467248.5990187344
2021-07-25,ADA,0.0961447243663555,0.10068259872911287,0.09539388960979542,0.09985220325088362,1834361.4741408036
2021-07-26,ADA,0.0991958449139941,0.10515811737768051,0.09668871607494789,0.10456941368756151,2496969.1240370395
2021-07-27,ADA,0.10388765988504815,0.10582243143433166,0.1020014330918454,0.10380718313601664,1558423.5701234364
2021-07-28,ADA,0.10382350706082503,0.10477019577867808,0.10202057625839839,0.10378512460136954,1933671.5396886906
2021-07-29,ADA,0.10268485452247716,0.10399862554844795,0.1006927851426185,0.10097071062887328,1363464.5588175307
2021-07-30,ADA,0.10106106563732077,0.10211761712564242,0.09968023934884217,0.10015825767084909,1833212.2062295175
2021-07-31,ADA,0.10039828846784267,0.10265401432992037,0.09895509946277818,0.1012328372856322,1622084.359402378
2021-08-01,ADA,0.10118471709167362,0.10531388363743774,0.100437135354495,0.10421284081508773,1043649.0678428066
2021-08-02,ADA,0.10356423173575804,0.10460477672649902,0.10173072693776117,0.10331254902714071,1475584.9585293124
2021-08-03,ADA,0.10271153951242375,0.1031130536362755,0.10109790664795043,0.10252608473349623,1539251.171855577
2021-08-04,ADA,0.10303982350681061,0.10397154484023971,0.10210678813504608,0.10251221394547769,1489426.2212304098
2021-08-05,ADA,0.10281532715471232,0.105750608776418,0.10268143160407317,0.105117139039652,1540568.0481285327
2021-08-06,ADA,0.10584772014123373,0.10738456632587445,0.10416597254569114,0.10477153870460137,1041670.6804623681
2021-08-07,ADA,0.10502857275195482,0.11021385402808215,0.10395267940636474,0.10844599819046044,1370896.6483628503
2021-08-08,ADA,0.10850032614340367,0.11121256540862821,0.10765757397521764,0.11079731391293401,1250998.4384755555
2021-08-09,ADA,0.11141322239065655,0.11308159480297152,0.10902909805626221,0.10949408277447704,1753340.6633447346
2021-08-10,ADA,0.10989704841061892,0.11147504967461842,0.10926393036449955,0.10964543312843879,1133120.537582768
2021-08-11,ADA,0.10936103806924201,0.11134110993228619,0.10918653070300448,0.11011247556704351,1873672.2999620228
2021-08-12,ADA,0.11040713068997479,0.11153176381964175,0.10875234052258059,0.10968987303391269,1503321.8479004807
2021-08-13,ADA,0.10998719142069119,0.1121298641128289,0.10727680668465098,0.110551646109415,1099575.0809731688
2021-08-14,ADA,0.11031201623839845,0.1144461351741037,0.1098408404812266,0.11358847489912079,1026575.8933239604
2021-08-15,ADA,0.1133603550883833,0.11479439920133071,0.1122387721186021,0.11340577451213858,1904486.4816705724
2021-08-16,ADA,0.1142328133796359,0.11486922203824208,0.11256416201770202,0.11401260266131917,1088805.2148759298
2021-08-17,ADA,0.114098493011025,0.12111104332094871,0.11173257616458918,0.12021054680593371,1929162.1033773974
2021-08-18,ADA,0.11910619455383101,0.12514607605792558,0.11863517792042991,0.12355704839382178,1908023.4571565685
2021-08-19,ADA,0.12220328929849225,0.12472437588530134,0.12006611055452132,0.12341274523022472,1030656.8743010081
2021-08-20,ADA,0.12339563791725067,0.12625146996295256,0.12181390043881586,0.12452564814612704,1896261.0796698171
2021-08-21,ADA,0.12351658868625508,0.1304425812408753,0.12195626060970054,0.12757580467734747,1194205.5045272808
2021-08-22,ADA,0.1268430634875678,0.1275094030519188,0.12418034950860765,0.12582728306216845,1762318.3843836405
2021-08-23,ADA,0.12744916689731392,0.13196971353791495,0.12654930400773443,0.1302272409669655,1524930.4229200506
2021-08-24,ADA,0.12950058540346115,0.1356029942445284,0.12804171188694424,0.13339975380556715,1159104.399440262
2021-08-25,ADA,0.13294909684792233,0.1353623565420062,0.1318964973354916,0.1347963903021918,1654648.6059236822
2021-08-26,ADA,0.13451621392720609,0.14199315626915215,0.13266658845490806,0.14134774897575095,2972725.8211460263
2021-08-27,ADA,0.14235160041096034,0.1447402493376581,0.14108811608601085,0.14392260864317377,1698850.8785252278
2021-08-28,ADA,0.14504919589063822,0.15132266985307985,0.14420412909168911,0.14894468404838357,1882449.3902320336
2021-08-29,ADA,0.14849668558497509,0.1487805491364493,0.14530840396246605,0.14680442737041635,1793451.9976840105
2021-08-30,ADA,0.14660416195633552,0.1477701665732667,0.1417150808977235,0.14343063064169004,1536303.9597163617
2021-08-31,ADA,0.14398288885154217,0.14999843081724612,0.14223484685649052,0.1476026452857859,1192783.0852636322
2021-09-01,ADA,0.14774964380268274,0.15006701063856556,0.14511092909013557,0.14997233724266887,1454704.5708533805
2021-09-02,ADA,0.1499324757062922,0.15174878678036205,0.14482428666725863,0.1475671154847935,1718692.6908068256
2021-09-03,ADA,0.14828987073341293,0.1503697655154053,0.1457373109148008,0.1462124221226799,1131936.5441979778
2021-09-04,ADA,0.14622733172894606,0.1498490221943167,0.14320032815985495,0.14904544689380383,1569603.7595882448
2021-09-05,ADA,0.15009912830904965,0.15413332683238565,0.1495931913257604,0.15395316773577067,1746310.958121638
2021-09-06,ADA,0.15327484427748622,0.15522521016539162,0.15147468399819863,0.15379521848483477,1271820.6559985385
2021-09-07,ADA,0.15465220862644727,0.15668442847151387,0.15224216441781743,0.15467134624184126,1807012.6996696545
2021-09-08,ADA,0.15440159353784652,0.1562211428433856,0.14960370918062418,0.15228121662490995,1157194.533950391
2021-09-09,ADA,0.15307386224699734,0.1574626819185605,0.15259329945405584,0.1557025900439023,1195802.5283245125
2021-09-10,ADA,0.1565016430569714,0.16916199487326342,0.1555431664972426,0.16559129408686785,3238066.105868583
2021-09-11,ADA,0.1652607546538971,0.1668145138301399,0.1578686999199465,0.15957763621434887,1600187.5018786173
2021-09-12,ADA,0.15922761817109385,0.15991738770234434,0.15304138769778203,0.15448659811596502,1862514.004984943
2021-09-13,ADA,0.15376586769056977,0.1559752544658774,0.151436934058645,0.1542060126736745,1387433.3854062147
2021-09-14,ADA,0.15510346449015674,0.1571646666266267,0.15384339231542835,0.1543971985753894,1155778.1413833222
2021-09-15,ADA,0.153556277074213,0.15871589878736664,0.15193758908106994,0.15688179562956708,1307242.2682291819
2021-09-16,ADA,0.15696750432889142,0.16838328581341538,0.15539890094147701,0.16718842079134366,3133278.6877399506
2021-09-17,ADA,0.1668716968358304,0.17012756932298312,0.16429289343141418,0.16915950314784042,1497624.3951501378
2021-09-18,ADA,0.1693060189921014,0.17110196448814888,0.16327777068212512,0.16487370634620385,1957445.9644968405
2021-09-19,ADA,0.16573681627279127,0.1667500515103921,0.1630267070162743,0.16457741583384547,1856995.7099734372
2021-09-20,ADA,0.1663307047371068,0.16891281043961756,0.16528685398155146,0.16832588143045052,1281129.661135221
2021-09-21,ADA,0.1674005235711838,0.17568078008899077,0.1660403340094262,0.17239393137498027,1312959.9769347543
2021-09-22,ADA,0.17044316218790395,0.1760002110132924,0.1697059958100495,0.17420922205654787,1447466.6555663839
2021-09-23,ADA,0.17586142575733432,0.1808008198589589,0.1732334313435929,0.1779502079271171,1217855.4006998928
2021-09-24,ADA,0.17828353242712855,0.18805513581736846,0.17550918461388715,0.18606289659100414,3407156.543639479
2021-09-25,ADA,0.18523562777602792,0.19531267721403842,0.18350351841221674,0.19465160797849462,2322649.7312131915
2021-09-26,ADA,0.1943392634172433,0.1973783091748302,0.19262881885189498,0.1934724289956351,1893735.7112139943
2021-09-27,ADA,0.1941639336229679,0.20570926901186024,0.19153131098647494,0.2010225976711587,3215326.817163246
2021-09-28,ADA,0.20144854697328227,0.20492521343460693,0.19990853477906098,0.20491676392204983,1090821.876964334
2021-09-29,ADA,0.20676785208384435,0.21454140035862496,0.20419579009359426,0.21340220019426084,1186137.6331857664
2021-09-30,ADA,0.21451936959051227,0.2169427287354222,0.20982320667597262,0.2133482357703534,1503588.7379698476
2021-10-01,ADA,0.21170524777689806,0.2142307989974616,0.2101131842458724,0.21212369315794843,1867847.0708808685
2021-10-02,ADA,0.21083370773663976,0.21719992909976069,0.20847019943947317,0.21523800052878483,1843473.4712177762
2021-10-03,ADA,0.2143368465250434,0.22630300984907467,0.2123123366940892,0.22488057879127624,3535715.8092342033
2021-10-04,ADA,0.2244604482688617,0.23134849765337792,0.22069957253856395,0.22738385062549643,1319232.0175192226
2021-10-05,ADA,0.22781781812186583,0.23199322684627074,0.22536332512957266,0.22875807416650595,1946654.9964362779
2021-10-06,ADA,0.2273553291094772,0.22981188048025566,0.22368892858648484,0.229557004211017,1203802.5152968399
2021-10-07,ADA,0.23145049325055012,0.23166098585887013,0.22735852493382927,0.22849353840291298,1267720.8863769795
2021-10-08,ADA,0.22867683080457946,0.22976033588849576,0.22300647836720733,0.22536670608869402,1791221.529476859
2021-10-09,ADA,0.22654360459164366,0.2361230854926976,0.22400622724657748,0.23439450221083336,1633966.916136181
2021-10-10,ADA,0.2332408338407748,0.24371834770135506,0.23090336398260292,0.2427932418756223,2267693.347865274
2021-10-11,ADA,0.24506171181378145,0.2548681758051805,0.2435305527492408,0.2532839030007227,1642151.088835916
2021-10-12,ADA,0.25317916887420394,0.2578431707262443,0.252802514743013,0.25547131114248256,1082844.2510328533
2021-10-13,ADA,0.2588133564507806,0.26160609459018286,0.2551670281239633,0.2608907877854721,1532838.8668689122
2021-10-14,ADA,0.26082275073901995,0.26614233569710327,0.2596780439984691,0.2629109737793769,1657797.8034122642
2021-10-15,ADA,0.2621479828161889,0.26444098046242914,0.25773808847981894,0.2601480386925509,1302032.2766423896
2021-10-16,ADA,0.260772197510847,0.2725044004226704,0.2576303351861044,0.27078476356912684,2847598.923850802
2021-10-17,ADA,0.2707440672716304,0.27828470191910737,0.2681040177919045,0.27369044877367016,1229489.7068712171
2021-10-18,ADA,0.27244208861600966,0.27918459388189487,0.265235701730913,0.2683974250867322,1141211.6147144958
2021-10-19,ADA,0.2669781355046779,0.2693249761772345,0.26562626439468306,0.2660335940629587,1695911.6679599094
2021-10-20,ADA,0.2661798865398471,0.2702240756083952,0.26179563835387937,0.2655440607838913,1231430.0578139322
2021-10-21,ADA,0.2655922542223081,0.26864737555109586,0.2589688877702994,0.26060165569126775,1943314.5356412856
2021-10-22,ADA,0.2568526797243278,0.258838176993494,0.24777891633488988,0.2496895593035765,1932677.2766230367
2021-10-23,ADA,0.25117746314772516,0.2605906389897233,0.24841243258290102,0.2592006452870875,1938472.5347071143
2021-10-24,ADA,0.2573971071734016,0.2593892212178075,0.24055482069508388,0.24216542550723266,1550029.1405191282
2021-10-25,ADA,0.2405908189496211,0.24510459711677016,0.23630736744162847,0.24121724501428685,1199956.2393759736
2021-10-26,ADA,0.24013408069817638,0.24746418624108024,0.23762813751353135,0.24608805985305204,1339418.2935180909
2021-10-27,ADA,0.24922218949355526,0.25340521959482926,0.24672747555272626,0.2515030720744998,1900198.8248106367
2021-10-28,ADA,0.24976568281003048,0.25176605319330075,0.2463217831036127,0.2485721669725995,1070216.6600434198
2021-10-29,ADA,0.2511894960936447,0.25883065590943116,0.250402943628218,0.25703513875439304,1157874.967783939
2021-10-30,ADA,0.25680872786184183,0.2668783874897475,0.25575278505775567,0.2641478491963092,1006458.6099696764
2021-10-31,ADA,0.2646562474220786,0.2655982196440474,0.2577458612497356,0.2593668530502584,1038969.0845117201
2021-11-01,ADA,0.25755674144333396,0.27669167816904794,0.25678704588591483,0.2721628871885106,3121673.4022585875
2021-11-02,ADA,0.2724769398290001,0.27439205949386714,0.26724596535973505,0.2699643346273672,1820661.416815708
2021-11-03,ADA,0.27120497407856614,0.2728550657347556,0.2689998731529685,0.27281347654216315,1696889.882984572
2021-11-04,ADA,0.27134622645651735,0.28342734056906,0.27008539736789505,0.28269793657956,2967488.1468340573
2021-11-05,ADA,0.2822645687177936,0.29730620963583637,0.27891578623545343,0.29288938085874344,3428910.205754094
2021-11-06,ADA,0.2909187638693931,0.2937682144784602,0.28850512583678095,0.2917807565472066,1962358.089401207
2021-11-07,ADA,0.29354367608907744,0.2992345176992262,0.2906573589523262,0.2966120415667978,1037168.9804639373
2021-11-08,ADA,0.29629349481456396,0.29989665259976483,0.28874407608057334,0.29141925238764843,1748746.0434935307
2021-11-09,ADA,0.29217099770925475,0.3065013056524936,0.2883594225940492,0.30551258041772844,3048085.4907642975
2021-11-10,ADA,0.30832299172214905,0.3113820850106351,0.3025806184345999,0.3071178525205866,1536372.4762843866
2021-11-11,ADA,0.3086281018871047,0.3119867951700293,0.3033446107654322,0.3042268205337579,1111834.5082388332
2021-11-12,ADA,0.3056967681631206,0.31376911831840554,0.3041839336235656,0.31300846532220106,1113578.486095253
2021-11-13,ADA,0.30908233940619817,0.3187318216830032,0.3053045737030652,0.3168731551996104,1207512.7375316804
2021-11-14,ADA,0.31665744355975806,0.32433711208828564,0.3104210711994785,0.31819789660966996,1476039.691072807
2021-11-15,ADA,0.3134449250311348,0.3219939683300643,0.3090490045551681,0.321828642364714,1067755.3687594135
2021-11-16,ADA,0.3221616455580976,0.3271378803252332,0.30875672578316893,0.30930983555763175,1609340.3029545078
2021-11-17,ADA,0.3078459241205909,0.3125459745419391,0.30455112400072476,0.3060888055114924,1102293.5453817109
2021-11-18,ADA,0.3061173137430486,0.30918585897518946,0.3012395987326949,0.30421703733179134,1509677.946529658
2021-11-19,ADA,0.3050672243835415,0.31277211020100554,0.2995676277021154,0.31256327807870077,1971925.6682988503
2021-11-20,ADA,0.31521932373895367,0.3277723460733328,0.3117137706473829,0.32765789259327127,2677848.7864962793
2021-11-21,ADA,0.32965935817139597,0.3312648616667975,0.32833902725260505,0.33079444399304253,1858105.660210164
2021-11-22,ADA,0.33545901674868495,0.338602299222061,0.32947314195376526,0.33244759541312946,1467064.8772749498
2021-11-23,ADA,0.3344227767662291,0.3472637917214172,0.3292640407818916,0.3402923730200949,1970802.009201936
2021-11-24,ADA,0.34132249688782484,0.3446998934865501,0.33775443092587437,0.34444985869950095,1303673.850266073
2021-11-25,ADA,0.3415792335121592,0.3453978725952292,0.3312342941140057,0.3360007606069554,1938032.4889987453
2021-11-26,ADA,0.33785110615448866,0.34674048915021977,0.3347167435439283,0.3444725965141044,1992452.2780273764
2021-11-27,ADA,0.3472819955550173,0.35185705008933393,0.34418255439309686,0.34866214479906354,1765016.8719054316
2021-11-28,ADA,0.3464302477864198,0.349462298158604,0.3266489663221205,0.3286316144503491,1034499.660950672
2021-11-29,ADA,0.32712065944672936,0.3353416466062352,0.32462926253460084,0.33364356402443174,1617644.7997182868
2021-11-30,ADA,0.3327901893743548,0.3350607302429454,0.30854164937620165,0.3149954130665164,1210904.5242013435
2021-12-01,ADA,0.31378799444001243,0.32389698363441327,0.31188376108339727,0.31815178321742255,1206185.8654977013
2021-12-02,ADA,0.3139033488801548,0.32365809424281555,0.312777086128037,0.32080174718370036,1207976.0541415385
2021-12-03,ADA,0.3231345625843597,0.3289806145611828,0.3193410444327498,0.32682901612254656,1710798.5222631502
2021-12-04,ADA,0.3276812305546166,0.3346922679751887,0.3251935813673732,0.33118711694133723,1217065.2578409796
2021-12-05,ADA,0.3346297150652641,0.33592053552169915,0.32826287307936136,0.3331089937629641,1371493.9468280352
2021-12-06,ADA,0.3366754447911793,0.34139300744159146,0.32957396564865,0.3332667534207189,1037739.3013728331
2021-12-07,ADA,0.3319091643960393,0.33763371919406043,0.3279762820929287,0.32971076427670354,1769377.5058102075
2021-12-08,ADA,0.33040568471701165,0.33308371141857035,0.31840013300254416,0.32120223579989854,1903023.1596385979
2021-12-09,ADA,0.3227653144015171,0.3308410838821145,0.3213253594275919,0.329778799462664,1258862.4044040372
2021-12-10,ADA,0.33219313221621466,0.33249362814768496,0.31993029712536825,0.3228990168564858,1702873.09414887
2021-12-11,ADA,0.3203734877971312,0.32483024807670163,0.32036404235755683,0.32361456180932413,1606526.2088715734
2021-12-12,ADA,0.32681011832350304,0.3278514070982992,0.30998347278553723,0.31466301843639666,1149055.1513452982
2021-12-13,ADA,0.31391317908657485,0.31596022063348417,0.3115009274166455,0.31530596158937085,1806537.4402412146
2021-12-14,ADA,0.3132817681662747,0.31965960243298186,0.31229038780785523,0.3147391469589454,1302601.6419879189
2021-12-15,ADA,0.31418785644915953,0.31899938747245127,0.30128221404153954,0.3030635536556666,1236559.6799459332
2021-12-16,ADA,0.30044934355591435,0.32046439808519994,0.29632333970697,0.31725691309394394,3110950.5313479807
2021-12-17,ADA,0.31662091458540204,0.329252720784654,0.31292439441162284,0.3247804109144942,1078692.488541389
2021-12-18,ADA,0.3235080013201225,0.3291191587405981,0.31801315988171974,0.3259962594099592,1416370.4906525782
2021-12-19,ADA,0.3251302838286226,0.33038637145473726,0.31987427091683196,0.3228955481792014,1847495.457705465
2021-12-20,ADA,0.32599004590751013,0.3276087391448345,0.31041566422311334,0.3145649241738613,1710238.099666415
2021-12-21,ADA,0.31712183155768453,0.32525464188876796,0.3143029300946123,0.31917534884154897,1662908.1412722913
2021-12-22,ADA,0.3182346045503427,0.33343131351407257,0.3156242822356838,0.33104142389185953,2937605.6165335616
2021-12-23,ADA,0.32729652394422537,0.3331654765459864,0.3134157680568801,0.3179355614219692,1152740.3241305535
2021-12-24,ADA,0.31436095815729687,0.3214021986737074,0.31128234887533257,0.3186901806211141,1026737.8742969999
2021-12-25,ADA,0.3184417221702861,0.32078822731846734,0.3126055734098339,0.31364914886087913,1734519.0426896422
2021-12-26,ADA,0.3119711097356241,0.3269418120888118,0.3085428203627895,0.3238167438031646,3563466.7837308664
2021-12-27,ADA,0.32340514431197404,0.3313914409921931,0.3223163657709964,0.3305309537815041,1306679.343295386
2021-12-28,ADA,0.3320862338222929,0.3356169341855464,0.3215752251279646,0.3240786263534848,1587925.4247810014
2021-12-29,ADA,0.32374684568772955,0.32742575527287493,0.3108711381891359,0.31530718389358314,1587827.1096058514
2021-12-30,ADA,0.31744733676324366,0.3271272882840764,0.3144326910188261,0.32604343990188667,1328795.1895618232
2021-12-31,ADA,0.32497743504448756,0.3264924063861406,0.31935145728225994,0.3209188158987432,1056329.1273022338
2022-01-01,ADA,0.32157179708305267,0.32561984923482606,0.31722877212062667,0.3207814525838073,1173828.9641810548
2022-01-02,ADA,0.3200854661613173,0.32082477939591836,0.30905250818305907,0.31374567036090834,1012209.6550815811
2022-01-03,ADA,0.31484516029165643,0.3175906742291299,0.3106191464623879,0.3141885768118621,1347298.8881696416
2022-01-04,ADA,0.3139661223353052,0.3186654995793091,0.3093552309810848,0.3132396431462901,1194330.9219235599
2022-01-05,ADA,0.3134160686818703,0.31634072160839927,0.29912596739455666,0.30332549704929535,1683754.7510487712
2022-01-06,ADA,0.3033682769447546,0.3096025500630422,0.3008573499832082,0.30760531204045183,1452249.8799275323
2022-01-07,ADA,0.30744253651836345,0.3121926921174979,0.3027351643436617,0.31002969309706524,1314104.1064875426
2022-01-08,ADA,0.3098604059886215,0.3114458908833188,0.30370896766004774,0.30510158468242393,1945072.356534293
2022-01-09,ADA,0.30421620985499004,0.3092348322754552,0.3010482230198031,0.30571300039782096,1785200.7366895573
2022-01-10,ADA,0.30681445766700266,0.31120228154355895,0.2998890252365205,0.3031285033459809,1617051.4066280385
2022-01-11,ADA,0.30285469177215824,0.3126057536309024,0.3017306893098394,0.3080697128906739,1400491.2211540027
2022-01-12,ADA,0.30849891394304035,0.3112929760266576,0.30417292500085924,0.3080219400866414,1588339.38794806
2022-01-13,ADA,0.310653063685721,0.3111697557451853,0.301598355084645,0.30348135946427396,1664703.8808587347
2022-01-14,ADA,0.30493227392511546,0.3095271093583048,0.29084284382446146,0.2941352142697337,1457036.9941650734
2022-01-15,ADA,0.29498525510432544,0.29719279067448523,0.279304595095146,0.28152294125761806,1503585.44226404
2022-01-16,ADA,0.27798256945008337,0.2821968302926648,0.2726693902187883,0.2812430296346008,1331470.8544498866
2022-01-17,ADA,0.2782240271056851,0.2849255355621606,0.2737496392390582,0.28216358003896647,1504813.5806267413
2022-01-18,ADA,0.2782293148674029,0.2830535239159291,0.2676444518468518,0.27346188950926453,1023989.451797475
2022-01-19,ADA,0.27370091075337416,0.2838216449848289,0.27013894840932184,0.28066649340681127,1510151.9135914496
2022-01-20,ADA,0.2803833698308038,0.28535054009917216,0.2689150591146014,0.2732523065327692,1692517.5512764382
2022-01-21,ADA,0.2699719911797452,0.2798390155588892,0.2687200650601773,0.2760521785524286,1057140.0035194706
2022-01-22,ADA,0.2752130239047322,0.28062312807574075,0.27335060833695934,0.27872815374103793,1390241.908264235
2022-01-23,ADA,0.2770980137761933,0.2808094664585692,0.26850678973512837,0.27178195116150483,1437280.0793704835
2022-01-24,ADA,0.2706716128650939,0.2843767660501203,0.2683230941576664,0.28176171993925375,3497038.7444166155
2022-01-25,ADA,0.2813216518178319,0.28252344199596524,0.27600229697789,0.27882833254253947,1411429.2689336555
2022-01-26,ADA,0.2782896186991514,0.28226474749655245,0.26874407700492003,0.2709873144211961,1174571.5763315693
2022-01-27,ADA,0.268803447233212,0.27234616590684935,0.2668237938327473,0.26757661079547124,1341646.6114458938
2022-01-28,ADA,0.2657699512698262,0.26826904540296265,0.2635863751175361,0.26727051085235326,1363639.508642577
2022-01-29,ADA,0.26733863837472227,0.2785175104089495,0.26623849500299795,0.27638612550177194,1217453.737399596
2022-01-30,ADA,0.27700455586065886,0.27763604269927156,0.27532920331894206,0.2768529909410295,1526617.8213044514
2022-01-31,ADA,0.27522458142969985,0.2763589368475023,0.2726475408954808,0.27526229776180794,1480503.441555257
2022-02-01,ADA,0.2756626592455967,0.2911899713475212,0.27487930716914827,0.2879087781090628,3086955.507447471
2022-02-02,ADA,0.2874788561585704,0.2945301519707578,0.2852327484441128,0.29090273981225484,1614145.041637995
2022-02-03,ADA,0.290359265284202,0.2931951926331895,0.2842758741603359,0.2861716888206715,1144586.4028919344
2022-02-04,ADA,0.2886854667902325,0.2935867174306977,0.28401499236477157,0.28602004351003046,1058155.7091541393
2022-02-05,ADA,0.2871424539590496,0.29199458273564355,0.2709911516618789,0.2741359383231603,1482565.6225308292
2022-02-06,ADA,0.2728994250605013,0.2746577422513142,0.2642942877911076,0.26628025741606437,1090756.2531359808
2022-02-07,ADA,0.26719742487551645,0.27693056204676736,0.26665701333657993,0.27037960332061844,1227892.6621349836
2022-02-08,ADA,0.2732119866862148,0.2793945536812975,0.2665537461525888,0.2685172963999356,1486590.0577286717
2022-02-09,ADA,0.2712312125109672,0.2733691679643133,0.2583858852378812,0.26168753718385496,1126260.5308246245
2022-02-10,ADA,0.2621677682960985,0.2649028416751891,0.25558551047010386,0.25954000346080636,1540115.7414208958
2022-02-11,ADA,0.26169567022738777,0.26411432443026406,0.2500482517206579,0.25324592328424045,1666570.616347872
2022-02-12,ADA,0.2531617365727208,0.2601908511190941,0.25035120571272684,0.25476934045170385,1852390.1126617747
2022-02-13,ADA,0.2551208818220286,0.25921279484989035,0.24456148568051272,0.2470951366414807,1160974.3739394331
2022-02-14,ADA,0.24761612973813207,0.25214447865511186,0.2417927737069519,0.24350489927856542,1732601.22169703
2022-02-15,ADA,0.24302732285050538,0.2438548106354409,0.22789059126290168,0.2300596744156157,1737219.4418727753
2022-02-16,ADA,0.22980475055852834,0.22991235571506527,0.2272834858111132,0.2297480785588143,1714345.7409119562
2022-02-17,ADA,0.23005877520088164,0.2375796707859063,0.22913043430471974,0.23584016903754046,1319275.6424357004
2022-02-18,ADA,0.23415156123655764,0.23630026721873845,0.2282295234585029,0.23181825500782216,1102417.7358186175
2022-02-19,ADA,0.2334963408285109,0.23568438302433417,0.22099581634009854,0.2238568977920863,1532781.546254241
2022-02-20,ADA,0.2261010482036416,0.22940253900264015,0.20776357572228327,0.20834747857581556,1668612.3530184322
2022-02-21,ADA,0.2089886241225037,0.2102632117814509,0.20207478520810426,0.2032252415355485,1154322.2001982185
2022-02-22,ADA,0.20242049129667994,0.20592398305074056,0.20074903685954867,0.20230532596064071,1160381.370462643
2022-02-23,ADA,0.20108919392225094,0.20196857277350963,0.18685687501220646,0.1908366824611976,1514227.1773945456
2022-02-24,ADA,0.19088934112763595,0.19372091793222257,0.1832691736738211,0.18559932186149114,1926697.9362288082
2022-02-25,ADA,0.18543219869462707,0.18596042953273934,0.17657299788739006,0.1777636389679514,1708497.1533283677
2022-02-26,ADA,0.1776414983159224,0.18112079075847662,0.17057344220599974,0.17276921771533155,1637682.595010077
2022-02-27,ADA,0.17274415116629838,0.17431812914258907,0.16403457650240208,0.16500569198504275,1504732.3988217087
2022-02-28,ADA,0.16296276036191137,0.16325821883437042,0.16129829178612692,0.16164451465349652,1609577.7905493164
2022-03-01,ADA,0.1602893773230313,0.1634469750832099,0.15893517591296877,0.16103407806074527,1936071.5771334695
2022-03-02,ADA,0.16112457593138707,0.16276680941500332,0.15336391668383995,0.15389929475427488,1432443.0652359612
2022-03-03,ADA,0.15437492654913523,0.15561029367127246,0.14903710008574209,0.14999881622113573,1579489.5033822942
2022-03-04,ADA,0.15055228305364843,0.1510139072800326,0.14889655198133003,0.149770506713043,1129690.3878740035
2022-03-05,ADA,0.15097300048385753,0.15350889373515478,0.15053515116862912,0.1529740458979382,1325744.2157717543
2022-03-06,ADA,0.15252854609330113,0.15323823597129402,0.1462775500335753,0.14794212165119003,1160718.9065957763
2022-03-07,ADA,0.1478114886465556,0.14853560532208285,0.14622700801011507,0.14758393705507608,1934304.7901345072
2022-03-08,ADA,0.1470609850071408,0.15522082502609236,0.14485738746897256,0.15395910958461134,2902975.4770684782
2022-03-09,ADA,0.15279643466448387,0.15456379554372138,0.15087882945877523,0.1542385658198301,1391817.3411662949
2022-03-10,ADA,0.15233336420833826,0.15417233305362568,0.15118500614609015,0.1534040185887135,1476842.3405151926
2022-03-11,ADA,0.15154628704710893,0.15310795665822877,0.15013263312302547,0.1531027135414054,1151350.5690853272
2022-03-12,ADA,0.15116872006662999,0.15586287162849835,0.1494832683014094,0.153642912384006,1471026.3966358053
2022-03-13,ADA,0.15541694046349191,0.15857890591234286,0.15160049726465943,0.15357466667102188,1517934.6484855907
2022-03-14,ADA,0.15382273615374745,0.1542066253560207,0.14996269463775375,0.1517517511501767,1267197.9529052775
2022-03-15,ADA,0.1523946952536602,0.1554230703562974,0.14079046225416886,0.14177068676576107,1767239.6481282609
2022-03-16,ADA,0.14130558985322067,0.1443717636501005,0.13946318346638795,0.1405245191832832,1769562.4315945953
2022-03-17,ADA,0.14065021739280203,0.14220469054830123,0.13857136801094289,0.13941721329043597,1053441.234859053
2022-03-18,ADA,0.1401434512575739,0.14347108027088287,0.13902578402317284,0.1422544156615012,1752911.7630939495
2022-03-19,ADA,0.14398559148792736,0.14471347340032456,0.1417384444037932,0.14390949666075695,1910230.8181064546
2022-03-20,ADA,0.1434929896158434,0.14589128445443614,0.13748251047030532,0.1391403785845815,1928115.6239950105
2022-03-21,ADA,0.14022354833802037,0.14127027931609998,0.13412181234625276,0.13641759342740467,1529027.9993859292
2022-03-22,ADA,0.13587713562873627,0.13663450610721675,0.1335409567727797,0.13477389216991914,1575326.255711993
2022-03-23,ADA,0.1349099051161457,0.13818556003591975,0.13314697258979868,0.13570009963936872,1351597.1363698328
2022-03-24,ADA,0.13578622867779255,0.13772742817370665,0.1305622726230625,0.1332032415871738,1188434.214915004
2022-03-25,ADA,0.131941193842966,0.132798480732118,0.12706722314687532,0.12912696287463962,1523194.6693079865
2022-03-26,ADA,0.12904104771569153,0.12996942904042086,0.1272021235666805,0.12922956875096664,1710205.0289883763
2022-03-27,ADA,0.13005897411968398,0.13129852955053375,0.1285884591109989,0.12933946765221702,1034290.0630759489
2022-03-28,ADA,0.1300846784431192,0.1315582062455048,0.12857663134715588,0.13078552071728036,1039113.1595038536
2022-03-29,ADA,0.1307690820113452,0.1320061728506592,0.12622352238771198,0.1278262592114572,1565562.7572962693
2022-03-30,ADA,0.12759955863488104,0.12879006533446466,0.11739113580296415,0.11932693590635259,1699688.1248285472
2022-03-31,ADA,0.11864475589176406,0.11965523526734002,0.11169186523674861,0.11306567597125951,1135699.6338140965
2022-04-01,ADA,0.11331922632272208,0.1214741831107271,0.11173672015545902,0.11996645949431173,2836339.2161688088
2022-04-02,ADA,0.12145196802356181,0.1225453347028085,0.11818552464315316,0.12052816621191131,1730675.8816416312
2022-04-03,ADA,0.11997960031430256,0.12206886188758305,0.1137864464358332,0.11519272618120985,1056864.965769247
2022-04-04,ADA,0.11540779793920229,0.12178945488365406,0.11438411614878626,0.1208315018303159,2262219.859475452
2022-04-05,ADA,0.12105544705280108,0.12166530375487922,0.11604040841163231,0.11762603487375645,1394572.116786118
2022-04-06,ADA,0.11776113759045001,0.11796875041507227,0.11547622143796929,0.11616428427076242,1457410.8156185744
2022-04-07,ADA,0.1138061510848337,0.11400651286689661,0.11062385370494233,0.11146286432731757,1650219.1497250306
2022-04-08,ADA,0.11039824320978012,0.112933696399294,0.10934253274373766,0.11215889147813998,1421522.3011535683
2022-04-09,ADA,0.11241904678289487,0.11366201920475151,0.11084458696329834,0.11209115490937697,1596733.7085681942
2022-04-10,ADA,0.11139399428986307,0.11223435843825996,0.10479071385597012,0.10579414223798565,1775015.240126944
2022-04-11,ADA,0.10590312906083128,0.10719440922906845,0.10166099304354521,0.10238624402788694,1067907.7045401481
2022-04-12,ADA,0.10125561840697998,0.10561327360195624,0.10045534147681108,0.10454080345668094,1265338.558301765
2022-04-13,ADA,0.10388481599346655,0.10420648267967969,0.09918081433244158,0.0995722932498744,1777267.4394885327
2022-04-14,ADA,0.09921933346852595,0.10120032777257489,0.09841793818020993,0.10099618646522308,1451293.35565738
2022-04-15,ADA,0.10067357757764872,0.10302584148560298,0.09763991294083721,0.09873838911458734,1497973.1548845773
2022-04-16,ADA,0.0977741621989147,0.10040426149819572,0.09602292209877,0.09897183262374357,1381400.5269105847
2022-04-17,ADA,0.09903826121788824,0.09917186946488714,0.09388425915929444,0.09525023663784413,1224508.2303930954
2022-04-18,ADA,0.09519724960284001,0.09600261153126814,0.0906410293309464,0.09164442510594936,1754892.081819448
2022-04-19,ADA,0.0914399969721867,0.0916038262617975,0.0897639386030311,0.09060258727627851,1681111.1029512996
2022-04-20,ADA,0.09172670864241302,0.09396158474311442,0.09114093354744575,0.09321423870522243,1994164.7610048933
2022-04-21,ADA,0.09306117633177709,0.09369665579086207,0.08806280944856168,0.08840866447204415,1473957.7328134566
2022-04-22,ADA,0.08861131671857307,0.09259204198969867,0.08796841880820269,0.09186710910240983,2921807.4663166534
2022-04-23,ADA,0.09151096035682321,0.092847606097296,0.09033156788129568,0.09060057009046671,1329574.5402391455
2022-04-24,ADA,0.09036770280428691,0.09173192637956623,0.08588977650234175,0.08597641769767561,1290740.680403631
2022-04-25,ADA,0.08566968620406382,0.08646538585152651,0.07960652880511891,0.08007790816164494,1136850.1092230913
2022-04-26,ADA,0.080046868222074,0.08085168225982194,0.07886271826469325,0.07965639883139732,1616440.45451721
2022-04-27,ADA,0.07974007648234813,0.08169392064253796,0.07915699823741104,0.08063739071807961,1444247.9399209972
2022-04-28,ADA,0.08134034722560561,0.08258143468281073,0.07803571750297528,0.07880741298346661,1051178.5835808127
2022-04-29,ADA,0.07855984603119767,0.08347745510309025,0.07816007713758581,0.08235998137297613,3491157.7174966545
2022-04-30,ADA,0.08205766875263498,0.08227961623476902,0.08052674585687951,0.0814834560232992,1147073.3236635556
2022-05-01,ADA,0.0809522922649875,0.08225774518696605,0.0769446591555728,0.07788987137793103,1754469.6746089472
2022-05-02,ADA,0.07729236262627931,0.07995855357327396,0.07677464781362557,0.07930255602242171,1667519.4839804058
2022-05-03,ADA,0.07895350564692045,0.0798410235606991,0.07613343619846451,0.07716782648154123,1093550.3958640927
2022-05-04,ADA,0.07670586332289787,0.07775786897115586,0.07416945162440108,0.07480261852010285,1326176.723708674
2022-05-05,ADA,0.07566138736708221,0.07740890109954882,0.07478326013241386,0.07732675626781471,1023238.6636643695
2022-05-06,ADA,0.07672527421368489,0.07910273578751377,0.07605731351286138,0.0787481323739419,1586218.8560844653
2022-05-07,ADA,0.07871688305638928,0.08000517066461311,0.07805001623412143,0.0794436139635075,1744812.7496655434
2022-05-08,ADA,0.07946979030063542,0.08031433379000194,0.0786578028730904,0.0799735953181032,1259072.4663854518
2022-05-09,ADA,0.0797280129641959,0.0798263030904619,0.07601688022764888,0.07621189263924066,1176567.2724347028
2022-05-10,ADA,0.07639174576712783,0.07652713634265682,0.07605320042217355,0.07611161647984846,1189374.6295848947
2022-05-11,ADA,0.07660847583221499,0.07770682644593653,0.07385538989591003,0.07519585786287478,1234130.6207030693
2022-05-12,ADA,0.07497415316887564,0.07609742672674298,0.07366429478240345,0.07432681383439996,1462680.5376243824
2022-05-13,ADA,0.0746414677187204,0.07520131412775088,0.07113699391209134,0.07221914862000732,1566799.199291467
2022-05-14,ADA,0.07251666860035565,0.07441938537724731,0.0721666624693893,0.07350674035071175,1599350.2832981856
2022-05-15,ADA,0.07351383851937196,0.07677838981683918,0.07269742494844633,0.07571245925717293,1941923.2611179699
2022-05-16,ADA,0.07577563690521945,0.07653082526013227,0.07365487122711133,0.0739244555493064,1418621.3781176233
2022-05-17,ADA,0.07427339926255085,0.07531609903446626,0.07305626602242735,0.07403899421854856,1418616.7902652423
2022-05-18,ADA,0.07404833146783946,0.07441083621817322,0.07142450471887073,0.07189253953458584,1174191.6414984087
2022-05-19,ADA,0.0718331696348763,0.07302912842119666,0.06925542086079678,0.06997947120235336,1446961.996945545
2022-05-20,ADA,0.07014566216243456,0.0714893928374718,0.06903911639397095,0.06904174632407054,1139850.4431549546
2022-05-21,ADA,0.0681447338940264,0.06971356077780128,0.06694190952426105,0.06880349915807572,1715662.199376046
2022-05-22,ADA,0.06887002198245354,0.06923213708537805,0.06540734115993767,0.06624142192001083,1674742.3403009076
2022-05-23,ADA,0.06599404627692369,0.06753191679661359,0.06507088836601495,0.06669255106816903,1678101.6153961215
2022-05-24,ADA,0.06685746279480068,0.06777197246379649,0.06605240469191735,0.06674396291322135,1669430.0235812468
2022-05-25,ADA,0.06596548988049153,0.06663911343258405,0.06285382866707771,0.06359359991354839,1669453.448169833
2022-05-26,ADA,0.06338963885032642,0.06443401537280626,0.061561632204113384,0.06218572554909952,1523291.0561872157
2022-05-27,ADA,0.06221839844363606,0.062324887930208676,0.06032233446317725,0.06072494330465288,1644414.146780262
2022-05-28,ADA,0.06102914710619863,0.06271000749869589,0.06063007549994934,0.06207595060513459,1692248.316287048
2022-05-29,ADA,0.062052789544227153,0.06311616845530263,0.06097952179422952,0.06245832716330991,1541450.7985565949
2022-05-30,ADA,0.06231025718366362,0.06270064565255375,0.05847591686470802,0.05936139905827494,1917252.4227528367
2022-05-31,ADA,0.05929986774347586,0.06096048345972644,0.05874271216401435,0.06058819083178729,1533502.200530697
2022-06-01,ADA,0.060411276038507954,0.06078692834551854,0.05991616376012641,0.060057657585911944,1629861.7759726467
2022-06-02,ADA,0.06015730448797328,0.06087224319115687,0.05930130884542542,0.05934152239501631,1693707.138296542
2022-06-03,ADA,0.059161320320935414,0.0601145951009817,0.05854184322548828,0.05878824710810205,1978198.1923894698
2022-06-04,ADA,0.05912467054337237,0.06242055661412599,0.058543607157913104,0.06193562581226179,3138991.724885407
2022-06-05,ADA,0.06185868068457055,0.062233832945761854,0.060623683972443755,0.061506385386175276,1953854.723319819
2022-06-06,ADA,0.06158957279349927,0.06236433307263165,0.06092807355989836,0.061459779626736426,1807816.456607968
2022-06-07,ADA,0.06162787959773031,0.06348288430206887,0.061345389545531884,0.06328882624466395,1983289.2913367697
2022-06-08,ADA,0.06360090283803285,0.0639481728953177,0.06298507191754879,0.06349192103092546,1716349.3737640043
2022-06-09,ADA,0.06312990074194594,0.06365086986174959,0.061801854642067916,0.06263959757756961,1503783.629813106
2022-06-10,ADA,0.06268269935334969,0.06351016599927482,0.06113034507141071,0.062184748718057556,1950657.6119772973
2022-06-11,ADA,0.06254525198594373,0.06358108715623143,0.06187968308807951,0.06336290854219283,1564286.3699809008
2022-06-12,ADA,0.06336753827571773,0.06917236624170257,0.0628083920435133,0.06801859035939993,2992287.9508129274
2022-06-13,ADA,0.0680449587274973,0.06881586149102754,0.06647263189728722,0.06691756825573185,1030905.314823309
2022-06-14,ADA,0.06670832120281454,0.07075769762864127,0.06589696819682246,0.06944672444431949,2363243.129767596
2022-06-15,ADA,0.06923151008936551,0.07017361125338292,0.06860445923112898,0.0689630314680677,1553855.4654195337
2022-06-16,ADA,0.06893534896741006,0.06904719658461055,0.06781212117955339,0.0684681919478995,1093988.4999088184
2022-06-17,ADA,0.06814082938229633,0.06887270395619363,0.06648684608619326,0.06686787294289148,1558261.8371991566
2022-06-18,ADA,0.06709804138538915,0.06798649552405829,0.06557237792369716,0.06643872014298842,1138237.8533176186
2022-06-19,ADA,0.06711944551482907,0.0685911151096894,0.066998695129779,0.06793133990437183,1794645.1437654735
2022-06-20,ADA,0.06799447970965271,0.06916616683859714,0.06678080079023252,0.06760297985141672,1959262.7877814563
2022-06-21,ADA,0.06728005081180533,0.06932051296997153,0.06714184369524855,0.06828407543853218,1632998.5599800113
2022-06-22,ADA,0.06805215564036772,0.06919423315729185,0.06792287413140297,0.06897740051591775,1515892.375892033
2022-06-23,ADA,0.06838832430431716,0.0701818568396872,0.06727001226732941,0.06954248277213684,1739757.1344389906
2022-06-24,ADA,0.06929288304581002,0.07034435812136147,0.06789367009303529,0.06864589098910104,1739841.6929249722
2022-06-25,ADA,0.06771958792520284,0.06883780417885524,0.06746512538657955,0.06802670234555551,1316065.6409420609
2022-06-26,ADA,0.06786967928901358,0.06840629154616569,0.06387528300367258,0.06466198981958389,1889958.0668875298
2022-06-27,ADA,0.06445510448662888,0.06847624923382857,0.06395983968317422,0.06714833732888609,2899675.095120326
2022-06-28,ADA,0.06670072505180008,0.06752347513158564,0.06556668066545808,0.06597812478516789,1781985.3140298855
2022-06-29,ADA,0.0655936158702873,0.0663378548285381,0.06472439406338339,0.06533137061352891,1879506.2661683988
2022-06-30,ADA,0.06460202558594827,0.06485186944805424,0.06350552244906181,0.06400261253571361,1424678.7513631515
2022-07-01,ADA,0.06418471058030847,0.06458165171567509,0.06268735694420917,0.06355301864486454,1156058.0082427955
2022-07-02,ADA,0.06418856213244854,0.06737416086382975,0.06367947105685551,0.06669651341492443,2262560.834450875
2022-07-03,ADA,0.06667045918140199,0.0673979532204092,0.0650221370604753,0.065241362857672,1311257.9163743616
2022-07-04,ADA,0.06489831431022397,0.06535932465864881,0.06265466813784926,0.06312074463138057,1985418.9820270967
2022-07-05,ADA,0.06327320300291163,0.06372046076145768,0.06214238210167631,0.06282894395114391,1200598.7235564662
2022-07-06,ADA,0.0627227826140435,0.06511647784460167,0.06245983592716888,0.06396374972929643,1236099.8239582123
2022-07-07,ADA,0.06388449450422316,0.06518859336916177,0.06287310644046831,0.06475868701369766,1309841.2930965454
2022-07-08,ADA,0.0643616614545899,0.06602530939711311,0.06430728585181616,0.06593348568148191,1814113.362535869
2022-07-09,ADA,0.06652694953004058,0.0672825085149956,0.06560996117649993,0.06708509236352754,1796911.829928753
2022-07-10,ADA,0.06738278913795058,0.0684306022852193,0.06662527790619259,0.06768533582863151,1988175.6722178587
2022-07-11,ADA,0.06748758667843989,0.06921475068418599,0.06678652788009107,0.06845378249418797,1641282.920860923
2022-07-12,ADA,0.06795976495233917,0.06917044293687939,0.06708064787849355,0.06859212803464548,1237189.422525089
2022-07-13,ADA,0.06855920911675012,0.0696644055798869,0.0683569690702376,0.06855156756565865,1395220.1545214283
2022-07-14,ADA,0.06814941805497705,0.07235406036964391,0.0675728784905221,0.07182130016384558,2814047.5234867316
2022-07-15,ADA,0.07252798807344271,0.07256493362375357,0.07143803197436155,0.07180866192179232,1228631.1246156069
2022-07-16,ADA,0.07212333146552813,0.07296156946493848,0.0711282061659208,0.07264800539652032,1459469.279440024
2022-07-17,ADA,0.07251581122411498,0.07604558141537694,0.07207577349166626,0.07562466823671571,3134588.33644895
2022-07-18,ADA,0.07573349181420051,0.07979955261764056,0.07506770490698109,0.07885999472984047,3358264.5177627103
2022-07-19,ADA,0.07928721783916547,0.08006663654397504,0.07832798233717639,0.07969750303417476,1931215.6826572889
2022-07-20,ADA,0.07983049474750939,0.0815441186925968,0.07754037602606947,0.07866835529133206,1509209.5094926092
2022-07-21,ADA,0.0786513927262352,0.08114236980315358,0.07750359955351653,0.08071028371268722,1889845.68360472
2022-07-22,ADA,0.0799275506874388,0.08380439001529412,0.07901626488223835,0.08254185605660426,1509306.760661663
2022-07-23,ADA,0.082243511683576,0.08290667219656406,0.08119223009444893,0.08282822632716393,1008535.0563886168
2022-07-24,ADA,0.08299337982643165,0.08506600297772306,0.08150405240019562,0.08155723119955267,1746187.3066574838
2022-07-25,ADA,0.08095303579528064,0.08162960406380326,0.07780113850004278,0.07834878317325832,1512624.234470853
2022-07-26,ADA,0.07844283780912746,0.08113702647850499,0.07825374518689683,0.08034048004766854,1113348.772646054
2022-07-27,ADA,0.07958852832423491,0.08098824587661128,0.078669413448829,0.07924420182728216,1733876.6916526717
2022-07-28,ADA,0.0784420483010233,0.07957758293895373,0.07438816554389403,0.07525336143382218,1346853.5998283185
2022-07-29,ADA,0.07513092227803968,0.08087432467750533,0.07423599191490989,0.08025157895471245,2816763.019487126
2022-07-30,ADA,0.08154958262278189,0.08280628185531368,0.08148558535086127,0.08234601504526826,1343487.6635591148
2022-07-31,ADA,0.08220044594267693,0.08287609837984736,0.08013310673953428,0.08037997621131517,1410372.7082830996
2022-08-01,ADA,0.08070160459614772,0.08284690736132178,0.08056572064448883,0.08208218286271689,1623040.331460964
2022-08-02,ADA,0.08189718533664188,0.08463140635789569,0.08146319405785321,0.08357899596282614,1376828.8959438514
2022-08-03,ADA,0.08347682358323917,0.08697354935408791,0.08168830684489177,0.08624401569324568,1734730.486175462
2022-08-04,ADA,0.08637254371303013,0.08749038213395544,0.08322594530042701,0.08419725825221558,1527833.880928057
2022-08-05,ADA,0.083087038630295,0.086558332617257,0.08256091368436101,0.0848150966683313,1852864.2780639583
2022-08-06,ADA,0.08418457263506689,0.08549830697492267,0.08257540844148115,0.08373438732774006,1842003.446737682
2022-08-07,ADA,0.083893981267588,0.08503781167967812,0.08229093736729844,0.08396569758141173,1868617.6778604046
2022-08-08,ADA,0.08426833817025751,0.08555523447252958,0.08393369244447035,0.08487724339525637,1279530.0641510487
2022-08-09,ADA,0.08470953723149283,0.08675367342635316,0.08469836337371811,0.08660359416887746,1102885.9689398143
2022-08-10,ADA,0.08648242717052815,0.08731355380109306,0.0858184254530438,0.08668902528025221,1553798.502200082
2022-08-11,ADA,0.08624225136480514,0.08680374181951915,0.08313097975486017,0.08402743129792416,1896657.5098431867
2022-08-12,ADA,0.08343893435165024,0.0838351325828257,0.0817292348058533,0.08247443065285251,1539779.5996872573
2022-08-13,ADA,0.083033843339068,0.084792747459322,0.0827457761318436,0.08414897734432479,1433880.0478107268
2022-08-14,ADA,0.08452202724121344,0.08525675123605456,0.08346782558931341,0.08480303406712661,1693845.8437820051
2022-08-15,ADA,0.08477144571468906,0.08629638516592832,0.08400075703182464,0.08553408080595029,1715137.6180799794
2022-08-16,ADA,0.0865301509683544,0.0875046979859626,0.08627061221834482,0.08716885449788252,1789458.3910632278
2022-08-17,ADA,0.08670739167454372,0.0875272102749505,0.08412942821754513,0.08473372488878429,1679292.3855384127
2022-08-18,ADA,0.08440686265502508,0.08632436304551969,0.0830671540611469,0.08629937726126104,1929384.8900103136
2022-08-19,ADA,0.08690506092707435,0.08823575882759224,0.08607994879457626,0.08813722014873551,1203883.924170288
2022-08-20,ADA,0.08883469033432763,0.08971221812663586,0.08502510260184426,0.08666072997620415,1967679.440018942
2022-08-21,ADA,0.08720229913743295,0.09327768160849453,0.08619584661335243,0.09247309067832743,2651563.0380461533
2022-08-22,ADA,0.0924676874407804,0.09744344011466281,0.09103121177056575,0.09668164639769494,3075276.4160205987
2022-08-23,ADA,0.09789168733817466,0.10242633174467815,0.09694981814962844,0.10184404250371229,2975532.7449336355
2022-08-24,ADA,0.10182736901709814,0.10282481280456836,0.10011921546874901,0.10096379593930829,1283815.4891724293
2022-08-25,ADA,0.10074569751920952,0.10276560569792598,0.09971008439659935,0.1008456858812252,1145599.737773032
2022-08-26,ADA,0.10140548623358589,0.1038497542009686,0.10024159885627183,0.10355713513872794,1078477.8155882363
2022-08-27,ADA,0.1034577801812288,0.10514450543380045,0.10307487588079378,0.10476822076941593,1229638.5191204883
2022-08-28,ADA,0.10619272288737167,0.10806500176241,0.10565911852066648,0.10716932669431205,1108275.213562679
2022-08-29,ADA,0.10683859696623194,0.10970982566463539,0.10513278171939837,0.10830481794709597,1570503.624172843
2022-08-30,ADA,0.10802856010017783,0.10899773643690251,0.10571955588028355,0.10899036669304166,1697941.300634983
2022-08-31,ADA,0.10943359235147102,0.11082185025843841,0.1080402066257013,0.10924977343215961,1616543.9854854147
2022-09-01,ADA,0.11026786110885621,0.11223735128992879,0.1092286608411545,0.11126655388850303,1041936.0632667543
2022-09-02,ADA,0.11145007915074392,0.11841076241924013,0.11106794670039012,0.1169305030922178,3192758.065210109
2022-09-03,ADA,0.11679441322036986,0.11792265063234533,0.11502507027753488,0.11663197062777486,1565198.8528748015
2022-09-04,ADA,0.11543240981183568,0.11924432463921716,0.11373539809671371,0.11922209134417745,1307042.6494974704
2022-09-05,ADA,0.11867659046212393,0.11940530386479395,0.11608977290490452,0.1162435550541439,1703587.6950907626
2022-09-06,ADA,0.11761222401261295,0.11996408586464669,0.11755332657224811,0.1189706302125027,1278234.0611353915
2022-09-07,ADA,0.11937294077324682,0.12091755953375305,0.11826047427262101,0.11872025558920829,1635645.1275332556
2022-09-08,ADA,0.11821271562218616,0.12183404102123198,0.1172418507356902,0.1215766848085574,1311178.516259496
2022-09-09,ADA,0.12151735581092028,0.12343988724510165,0.11752211615119489,0.11898048733434088,1352437.716714783
2022-09-10,ADA,0.11999117424222733,0.12460271426951366,0.11966916692575733,0.12287017387685768,1835081.5986228834
2022-09-11,ADA,0.12354491843653437,0.12766446829473682,0.1221996377564019,0.12648885112660002,1665443.9210832336
2022-09-12,ADA,0.1276077504575591,0.133326169566871,0.12649749221517378,0.13298928790867842,3342753.988550163
2022-09-13,ADA,0.13447776283297785,0.1354010756422828,0.13308770166623438,0.133333797020584,1814084.489016332
2022-09-14,ADA,0.13329407567152154,0.13433015744924567,0.13092143559525943,0.13172482484092882,1727093.1690971279
2022-09-15,ADA,0.1328454525402726,0.14221542794877248,0.13185154130550325,0.14029861077352138,2405961.809985222
2022-09-16,ADA,0.1383818657922312,0.1387272367806103,0.1354624686478311,0.1367648000577611,1512601.8011118732
2022-09-17,ADA,0.137778031077432,0.14516100064481963,0.1374264908905745,0.14469736345707154,3295505.1381728738
2022-09-18,ADA,0.14521420263799945,0.15024563268659977,0.14433425565149727,0.14909268916328033,1551900.5287770336
2022-09-19,ADA,0.1490328818245161,0.15140051821140899,0.14589310822447338,0.14768582384088494,1109351.0392890912
2022-09-20,ADA,0.14591059743202658,0.14976593688035691,0.1437878370622233,0.14760650249454094,1593131.3601127784
2022-09-21,ADA,0.1471725879927756,0.1485323672029308,0.14332919566109162,0.14639553908305059,1769188.1471559608
2022-09-22,ADA,0.14676416236188047,0.15118735098788788,0.14488086197984792,0.15050600126059838,1123654.6468484171
2022-09-23,ADA,0.14964347539515388,0.15706780612844287,0.14760568933865947,0.15601190069399523,2105423.348528883
2022-09-24,ADA,0.1567178979450238,0.161055693869714,0.15595683022989074,0.15873772141955864,1072509.2008301348
2022-09-25,ADA,0.15823285469641846,0.1658819825944347,0.1565087710407711,0.16283508654164833,1747486.922215888
2022-09-26,ADA,0.16237144592849906,0.16679732901318708,0.16120238498390785,0.16482978937468287,1628881.3948972356
2022-09-27,ADA,0.16471738101120584,0.17345456067731838,0.16246867830685596,0.17304417030879915,2737491.725591521
2022-09-28,ADA,0.17195119127242484,0.17501464012118248,0.16971546107119234,0.1705644588064185,1388985.3186528117
2022-09-29,ADA,0.1690159322704224,0.17251576658448547,0.16620499204314143,0.1710326677069036,1570232.551296863
2022-09-30,ADA,0.17220224713686272,0.17705296366106793,0.1709249168886168,0.17669946827689537,1819176.92208618
2022-10-01,ADA,0.17455224364967256,0.17716983524233687,0.17054188187855476,0.17360801835094664,1861377.4902495688
2022-10-02,ADA,0.1736612133705621,0.18240551987437179,0.17259129310763416,0.1801569845772611,3481706.1514746235
2022-10-03,ADA,0.18090291978439732,0.19391427620219875,0.17940365294601765,0.19063483678663376,2710029.2905246075
2022-10-04,ADA,0.19036068033778333,0.19135664292650048,0.18473150134784963,0.18782083284062182,1403140.1767531505
2022-10-05,ADA,0.1875962700194739,0.19311057487954716,0.18602743070178598,0.1883831570488585,1275113.7407554602
2022-10-06,ADA,0.18696377536688755,0.19066323822295808,0.1858966530962797,0.18887244423584448,1829478.458551867
2022-10-07,ADA,0.18915222331498102,0.19066082937350032,0.1832443274235382,0.18470380529340236,1513286.4223700345
2022-10-08,ADA,0.18407298329366586,0.18594078880303558,0.18195531069912504,0.18552571146251656,1199342.483826751
2022-10-09,ADA,0.18468629371189113,0.1875245759085244,0.182807801445796,0.1872554886062778,1163401.079589836
2022-10-10,ADA,0.18721964551087636,0.19194944013067242,0.18418718512222465,0.18916220045068852,1653918.2378859324
2022-10-11,ADA,0.18684226967982226,0.1879038128601119,0.18644708930833861,0.18654990211869948,1205359.529012338
2022-10-12,ADA,0.1859336970695672,0.19489790229029474,0.18308630095486084,0.19460592607026822,2243225.2590295826
2022-10-13,ADA,0.1929594052596167,0.20118614015276542,0.18969483405769996,0.1978680884106859,1725500.2732537657
2022-10-14,ADA,0.19842582817596258,0.19915512569841273,0.1897505650537476,0.19179451706121475,1039931.276572053
2022-10-15,ADA,0.19262738285468797,0.20128109248388437,0.1908779630243832,0.20091102860643875,2370446.704984551
2022-10-16,ADA,0.19772011121144803,0.1979452395628376,0.19043871555480577,0.1925534522664186,1404431.6935729205
2022-10-17,ADA,0.192838417335834,0.1951095722487799,0.1879544920313968,0.18891147392698007,1044567.1142495803
2022-10-18,ADA,0.18660526352317655,0.19238506878767686,0.18526566029632305,0.18969189292781102,1174281.9120068615
2022-10-19,ADA,0.19008365987570003,0.19577556665005924,0.18865335708812087,0.19498063686051653,1430593.1794736811
2022-10-20,ADA,0.19374454687879977,0.19503905873829605,0.191374803216957,0.19355932516289956,1839404.6403133008
2022-10-21,ADA,0.1937817152759104,0.20209604856795893,0.19217126671405715,0.20123069711005429,2482474.718588301
2022-10-22,ADA,0.20001936253587813,0.20228894391420155,0.1977634777158091,0.19840632178533602,1948589.939486443
2022-10-23,ADA,0.1982067790751197,0.2004758799357785,0.19582961037456556,0.19744008989050968,1047727.234104729
2022-10-24,ADA,0.1987120693492372,0.20013176836258437,0.19393761507690152,0.19540574842424374,1620465.8219608255
2022-10-25,ADA,0.19367915183003648,0.19453524242238956,0.1916892470622194,0.19295560215640142,1068876.8422294531
2022-10-26,ADA,0.19337151441107636,0.19686850005132678,0.19144701456753127,0.19678168714281818,1538975.8161832332
2022-10-27,ADA,0.1958077667670568,0.1981842234902782,0.1922332742817731,0.19518441014067314,1826546.1652333124
2022-10-28,ADA,0.19567489450673942,0.19792203772746667,0.19360056762601488,0.19511625154187492,1655798.3410264298
2022-10-29,ADA,0.19588287664671789,0.19828335364170688,0.191832006628768,0.19315487868829123,1815025.1120046724
2022-10-30,ADA,0.19204900828612695,0.20521688655152068,0.19045419228954355,0.20129104744452386,1942937.6461366494
2022-10-31,ADA,0.20176947658308073,0.20367800611112666,0.19885322829983268,0.20216800157925713,1408743.8549461546
2022-11-01,ADA,0.20042015863309898,0.21332887772468268,0.19979351360648176,0.21180998380124633,3366037.005374843
2022-11-02,ADA,0.2119831352326356,0.2178645383020567,0.21093145970545454,0.21473239203910485,1858769.0973606992
2022-11-03,ADA,0.2132777877712946,0.21363692186734137,0.20856382903380494,0.21164920741213197,1944603.0950635527
2022-11-04,ADA,0.21148118283518547,0.21250794742734908,0.20655310901306212,0.2089280515376049,1834238.5456248978
2022-11-05,ADA,0.21028315614304893,0.2117735186421731,0.20598106969013819,0.20809507699467764,1916551.5010042116
2022-11-06,ADA,0.20635455741856415,0.20688698510157794,0.19924704017687864,0.2033423602913244,1469222.7720316052
2022-11-07,ADA,0.20357767651291547,0.20472154491641803,0.20291745385318324,0.20338956591971646,1644311.3580088424
2022-11-08,ADA,0.20435191955861098,0.21088733164924833,0.20244602118814733,0.20929005436819292,1029332.9769272346
2022-11-09,ADA,0.20919847085720158,0.21070205385702556,0.20657243206083165,0.2077742850925565,1799955.025019334
2022-11-10,ADA,0.20884344888243303,0.2094768190144903,0.20448210053824317,0.207673965054419,1597780.9213761645
2022-11-11,ADA,0.20691601630518291,0.2137337198439055,0.2054639726370032,0.2110928051483807,1844096.421228568
2022-11-12,ADA,0.20933864960839346,0.21605580591649115,0.2070151437271651,0.2140750148992797,1328878.2692150415
2022-11-13,ADA,0.21508938074577494,0.21712976393012587,0.19893382183246155,0.20227862134584332,1434202.2912897163
2022-11-14,ADA,0.20413349236730957,0.2197521279876192,0.2018012428072567,0.217725854585257,2048680.8816712452
2022-11-15,ADA,0.21819974023010066,0.2305111498802078,0.21609606922838356,0.22625882144528806,2178887.151735651
2022-11-16,ADA,0.22875432511692712,0.2323272034189092,0.22271943878927786,0.22629365077263255,1979515.3356798089
2022-11-17,ADA,0.22530015421062727,0.23153312205276366,0.2213875296577596,0.22822049987056142,1075255.4512852344
2022-11-18,ADA,0.22960435366976292,0.23246653769403175,0.22423009784498735,0.22489637894406914,1493676.709710182
2022-11-19,ADA,0.22682745300076096,0.22851079210218028,0.22399233417726427,0.2240089707366643,1443475.822224193
2022-11-20,ADA,0.22267013393177823,0.22682902335934388,0.2194092663922865,0.2237886098631876,1050888.1870585692
2022-11-21,ADA,0.2274246885876682,0.2395194275653244,0.22317866808429615,0.23944543433205917,3533033.9779145424
2022-11-22,ADA,0.24204221556572644,0.24658879888605315,0.2351841966065613,0.23635342293930817,1292631.158301089
2022-11-23,ADA,0.2368951103578456,0.2382462964642604,0.22836927279001187,0.22876728424021703,1452555.6258439322
2022-11-24,ADA,0.22830242446522842,0.2311873237322596,0.22700528276592272,0.2284088702182958,1718658.2925049784
2022-11-25,ADA,0.2285421679166418,0.23522366490781996,0.22631641834903127,0.2347214434768522,1520146.865255946
2022-11-26,ADA,0.2345262247603979,0.24801394131263974,0.23213034017121384,0.24616641410638918,2168666.6143033495
2022-11-27,ADA,0.24401884670586996,0.24828404758328856,0.2421996204361808,0.24811992118753562,1206271.661573399
2022-11-28,ADA,0.2483660784876501,0.249757434013436,0.23837621814735852,0.24173897595400307,1123472.4345279816
2022-11-29,ADA,0.24083852185488852,0.2411164799948254,0.2316493682761756,0.23320080615743286,1848679.5281019516
2022-11-30,ADA,0.23201008252676344,0.233247697527108,0.22530927422280242,0.22813806729128527,1926746.3931210397
2022-12-01,ADA,0.22844242593947575,0.2328520543834735,0.22589134060878818,0.2314251352386957,1653211.8906939763
2022-12-02,ADA,0.23096008693124734,0.24002620446966205,0.229291728547205,0.2395265154369512,2491527.665435461
2022-12-03,ADA,0.23949531092175474,0.2411713375731298,0.2272831932669352,0.2300415695591349,1193749.603678381
2022-12-04,ADA,0.23034919892708433,0.23936970757294967,0.228943912978202,0.23760948579360847,1575950.0564018167
2022-12-05,ADA,0.2377563780761313,0.2415119917993509,0.2308477959796823,0.2344623492244872,1919787.5656342
2022-12-06,ADA,0.2362730476243829,0.23681214324523553,0.23127887943360198,0.23397277818045387,1323055.4842346378
2022-12-07,ADA,0.23385446461392448,0.23592520356857472,0.22752388038935661,0.23029150712006244,1517420.2254273612
2022-12-08,ADA,0.22908749542821671,0.23040883673623197,0.2197797013946961,0.22326316562956836,1430936.1163121888
2022-12-09,ADA,0.22272632750144122,0.23012346763913816,0.21982489181124817,0.22712864262892254,1308550.2561261908
2022-12-10,ADA,0.22515017970227658,0.23257921883327665,0.2235057362538175,0.22901918888954065,1764607.814472615
2022-12-11,ADA,0.22854552446508944,0.23311774450269832,0.22344461664197612,0.22670867605022962,1942487.559387887
2022-12-12,ADA,0.2270433305542041,0.22973232430358664,0.22104357904017985,0.22510498136742593,1367389.0375205446
2022-12-13,ADA,0.2230138848003872,0.224883459033734,0.2190745122873875,0.2215220859905256,1185003.0637153098
2022-12-14,ADA,0.22250918080388152,0.22254678545704112,0.21958678965474832,0.22165340718682738,1514777.8179321354
2022-12-15,ADA,0.22452286495760154,0.2289445597983384,0.22049918563990462,0.2227918871336285,1424831.1879512127
2022-12-16,ADA,0.22268113403640602,0.22794800346132868,0.2195471900435299,0.2220656495744051,1476379.4761470535
2022-12-17,ADA,0.2220751725251954,0.22497019497003584,0.21838595612904077,0.21965358146942404,1933516.2929129729
2022-12-18,ADA,0.22042780995023928,0.22767587323128688,0.22034920845956363,0.22384046474223043,1881507.0268978903
2022-12-19,ADA,0.22470830388520632,0.23659419950420552,0.22459677823076957,0.23294107689374147,3096552.283982472
2022-12-20,ADA,0.23443589470386172,0.2388507667268482,0.2321144846186499,0.2365248059410904,1576770.1789017625
2022-12-21,ADA,0.23438418210487869,0.23890975053803484,0.22240145195136474,0.2254007647977198,1496899.3329243113
2022-12-22,ADA,0.22429433989820197,0.22443288449856222,0.22097488233122897,0.22315320343616418,1334608.5510503266
2022-12-23,ADA,0.22341571947667768,0.22890413706820362,0.22180423865679302,0.22707838858547275,1993342.259662827
2022-12-24,ADA,0.2269071430852175,0.23090650601213847,0.21587834288895183,0.21883781394591573,1567137.4512966315
2022-12-25,ADA,0.2201213847720578,0.22274676868672713,0.20891492303235334,0.2113913075431668,1879116.776096979
2022-12-26,ADA,0.21416157195026028,0.2226010944882391,0.2131528981117913,0.21893001834505646,1811691.328072058
2022-12-27,ADA,0.21834255479443354,0.22103138772125944,0.21422934703898575,0.21439047872344244,1946377.2313709778
2022-12-28,ADA,0.21393358797809092,0.2170063513269494,0.2122350210649757,0.21272973634898912,1562470.1827103465
2022-12-29,ADA,0.2130075215388304,0.2176006978980322,0.21099191520790944,0.21538954334179788,1449857.7308408057
2022-12-30,ADA,0.21573702775204032,0.22783163749359664,0.2128467456476848,0.22277249810461658,1771031.9318035012
2022-12-31,ADA,0.22372976215661777,0.22766299874335588,0.21115207496780966,0.2154268600157183,1585993.1676483012
2023-01-01,ADA,0.216001664276977,0.21785851014780383,0.21169932255730217,0.21443918915557245,1641943.06189641
2023-01-02,ADA,0.21527920831013334,0.21556373487303193,0.20842320439822457,0.2111595294294564,1929042.213698238
2023-01-03,ADA,0.21047575368304997,0.21283885295821572,0.20785887545517973,0.20951517884637208,1034084.5505930533
2023-01-04,ADA,0.2079232657049976,0.21167714687585187,0.20109468259997848,0.20482311935458788,1770500.156218958
2023-01-05,ADA,0.20687326598935013,0.20989957947045867,0.20400996364566096,0.20712888900321677,1470238.7289024056
2023-01-06,ADA,0.2073324739998822,0.20895662065441037,0.2032127473031366,0.2040266505620758,1905027.3762399412
2023-01-07,ADA,0.20424672235651775,0.2098060256078909,0.20338235006339758,0.20704745999648355,1117824.981074794
2023-01-08,ADA,0.2065661944238079,0.20750016696690524,0.20503088102979672,0.20708836724666982,1527405.0974699054
2023-01-09,ADA,0.2079964586291029,0.2082816623473341,0.20443487368362942,0.2064237588887711,1899710.363365699
2023-01-10,ADA,0.20606131450096674,0.2082103672095823,0.20340950075443437,0.20375849794772238,1396953.1598859213
2023-01-11,ADA,0.20317319956650828,0.21060615435287558,0.2014448800158138,0.2096622885604589,1136132.0390947466
2023-01-12,ADA,0.20764825198817052,0.20963822814954408,0.20412845771613594,0.2058706159756007,1652194.4995356922
2023-01-13,ADA,0.20598005038704928,0.20615373478664362,0.19927614400473942,0.20270078218197196,1215534.1499806326
2023-01-14,ADA,0.20171666366855742,0.20720356076068677,0.20089811659423676,0.20541858023413245,1869976.3376433235
2023-01-15,ADA,0.2056655955645249,0.2065332074258325,0.20001759618110085,0.20065350195626433,1436306.9575572882
2023-01-16,ADA,0.20232199314689617,0.20485654545430576,0.19734444286337618,0.2007731599410585,1146274.0009773737
2023-01-17,ADA,0.19940788538945178,0.1994482580846555,0.196880093810549,0.19735684855340083,1405837.0555643404
2023-01-18,ADA,0.19654014096209602,0.2004911821695595,0.18883780090869984,0.18897989819097874,1963936.064503143
2023-01-19,ADA,0.1879251760012304,0.19269378301927453,0.18647009371981435,0.1914357928903721,1373925.045763532
2023-01-20,ADA,0.19224709140890353,0.19289135566588342,0.1895243035968826,0.19147152169614642,1079510.2140511775
2023-01-21,ADA,0.19278985590496997,0.19302764249002016,0.1864094534199754,0.18678213504959987,1615223.6168280002
2023-01-22,ADA,0.18777856386359212,0.19068974537173736,0.17960033717843416,0.18089620634209735,1410684.4657165655
2023-01-23,ADA,0.18011627511920805,0.18603913486933668,0.1784200157072556,0.18543354658712743,1163367.5419953966
2023-01-24,ADA,0.18325807537632766,0.18340497386825616,0.17598102880593014,0.17863979830233015,1942527.986189038
2023-01-25,ADA,0.18039708686114378,0.18293657982298953,0.17615917046485052,0.17984865328339444,1458455.986021808
2023-01-26,ADA,0.1804331561282614,0.18201293628625365,0.1760823832062697,0.18137749523458974,1476180.8837016313
2023-01-27,ADA,0.18180447543268213,0.18466938162760888,0.18140066947850889,0.1828407148820838,1213628.6115741646
2023-01-28,ADA,0.18433297833576467,0.18604523761871716,0.17806225712562676,0.17914064154544673,1834883.9066315296
2023-01-29,ADA,0.18025669447691822,0.18039213557236417,0.17463185217802046,0.1773602480875746,1289951.6317883166
2023-01-30,ADA,0.1771856371751865,0.1772168086006186,0.16913420375099378,0.17050504769482538,1865320.3893813773
2023-01-31,ADA,0.17106133870517534,0.17200244362572165,0.16027644556698029,0.16235908292386592,1176751.3068725117
2023-02-01,ADA,0.16367639176599197,0.16522441027561818,0.15731870372478993,0.15947524020075135,1111781.2805981354
2023-02-02,ADA,0.1599906082159362,0.16142931768678884,0.15361310196455552,0.1550259183484856,1097573.6113285767
2023-02-03,ADA,0.1537889939733569,0.15551377141351808,0.15063515270865066,0.15179492383645776,1969380.4261936494
2023-02-04,ADA,0.15097254138923763,0.15154214270623925,0.14857146618243663,0.15015661127776944,1937581.5111667847
2023-02-05,ADA,0.14993749027920575,0.15106491828733007,0.14479753869308165,0.14677938327948756,1494495.567503204
2023-02-06,ADA,0.14661302445954205,0.1474472120546562,0.13558961358966343,0.1379906713470595,1693954.557769192
2023-02-07,ADA,0.13717556922063154,0.13937186365965457,0.1313308550259678,0.13161942391970785,1612190.6070182356
2023-02-08,ADA,0.13175968878626879,0.13312490702765514,0.13042945958274849,0.13169177966346787,1179618.2606175072
2023-02-09,ADA,0.13221548167673608,0.1324484901373098,0.1270180269967144,0.12800497944662328,1681962.4707259338
2023-02-10,ADA,0.12896846293230838,0.13041760340507913,0.1228733682193952,0.12370568405427118,1704968.6689349292
2023-02-11,ADA,0.12424470052454817,0.12491777064329153,0.11603194105585439,0.11721729377736588,1620745.362534479
2023-02-12,ADA,0.11847222031874234,0.12015541418654033,0.10942566814116811,0.11116457329235903,1669718.8817402439
2023-02-13,ADA,0.11035719156702098,0.11283185051710179,0.10874839568312078,0.1109799183032243,1518995.4260699963
2023-02-14,ADA,0.11141082898734464,0.1181271587238595,0.11028013411029407,0.11678890225919751,2595061.4289293685
2023-02-15,ADA,0.11607810029190731,0.11942353548147258,0.11573256860545623,0.11810879200101289,1425823.573274169
2023-02-16,ADA,0.11921976368035045,0.1223530654643768,0.11761626427272971,0.12196393662846443,1247469.2637900042
2023-02-17,ADA,0.12317698884540458,0.12474518537434903,0.12007161722479644,0.12170654924557368,1649640.8281954934
2023-02-18,ADA,0.12112611459102829,0.12272037704429843,0.11478057308434476,0.11710716682640088,1946901.3527278968
2023-02-19,ADA,0.11569119368029841,0.11695679263216911,0.1144035095444259,0.11539323788253238,1229826.685541252
2023-02-20,ADA,0.115609850073463,0.11580635246808395,0.1130159176381402,0.1135287763734925,1597413.2160839946
2023-02-21,ADA,0.11285882318904499,0.11424606529306724,0.11253829722035384,0.11399737352820714,1770919.9360391756
2023-02-22,ADA,0.11394167371061034,0.1145861183816656,0.1125818649722763,0.11339109213115998,1815704.399121919
2023-02-23,ADA,0.11232981608230243,0.11433461699815682,0.11123401038478932,0.11294887550650641,1172657.7146060653
2023-02-24,ADA,0.11282052192579431,0.1186788918570289,0.11257022001725092,0.11704877577992143,2862463.1526364773
2023-02-25,ADA,0.11627813719936979,0.11825856146177392,0.11438773974174381,0.11498462421283308,1392660.7360679891
2023-02-26,ADA,0.11591592325122056,0.1164047003895326,0.11361646645081859,0.11470119778310674,1141415.8597664668
2023-02-27,ADA,0.11368069874481888,0.11880408926052634,0.11260594161752209,0.11777594336180582,1950995.206273815
2023-02-28,ADA,0.11699278960420381,0.11817238785695407,0.11309823485649119,0.11319468612513454,1618484.2470039448
2023-03-01,ADA,0.11198551475226601,0.11202982609160411,0.10731567425007443,0.10807172354757248,1439601.3073089921
2023-03-02,ADA,0.1085949743456233,0.1110836260300519,0.1059263857646703,0.10751682492332133,1780596.9485976326
2023-03-03,ADA,0.1077041341264713,0.10868818960159923,0.10059792788621415,0.1015097656572521,1719865.6311762629
2023-03-04,ADA,0.10192070532963209,0.103165612480878,0.09730094766339144,0.09843675788899021,1717691.6432376697
2023-03-05,ADA,0.09824766387638449,0.09849429165504593,0.09631187259643537,0.09734385502039479,1226686.1399511697
2023-03-06,ADA,0.09739854351759036,0.10027743481627897,0.09679766530175607,0.10003052382039544,1123718.34055915
2023-03-07,ADA,0.09949289330329396,0.10059200195365993,0.09549728429851106,0.0968316373566579,1276632.0463309882
2023-03-08,ADA,0.09725466815839298,0.09817134112769595,0.09573139829328424,0.0965330777310887,1243453.2145496209
2023-03-09,ADA,0.09717294710484349,0.1009182546954324,0.09652651502104181,0.0995868997279162,1400612.2792634007
2023-03-10,ADA,0.09985372152729088,0.10100143474057459,0.0955092313661801,0.09666190925661831,1883616.585154791
2023-03-11,ADA,0.09777436498210304,0.09960263335467984,0.09764448836427903,0.09842364004198453,1565952.834311067
2023-03-12,ADA,0.09897774223191307,0.09965371246401766,0.09642541975185602,0.09731251223129385,1780559.3461537908
2023-03-13,ADA,0.09809319147586477,0.09959685970675447,0.09404722918561288,0.09454582428282984,1251308.8635002228
2023-03-14,ADA,0.09437998764501872,0.09496873161487651,0.09364525490318232,0.09488676448881038,1005993.7537811293
2023-03-15,ADA,0.0931808684780946,0.0948192640913111,0.09031093548213398,0.09147105474362682,1314580.6130517425
2023-03-16,ADA,0.09152198537042804,0.09180022357118814,0.08922475787064527,0.09044803013411977,1233885.5316819244
2023-03-17,ADA,0.0901056113813514,0.09072861323225365,0.08700640644212951,0.08825221345417388,1615689.1083570851
2023-03-18,ADA,0.08808397576225803,0.08827525701992502,0.08550176425828597,0.08674082392330038,1218260.0400386704
2023-03-19,ADA,0.08738187991749721,0.08775124394799882,0.08236126738415757,0.08274839154860647,1820878.9202617942
2023-03-20,ADA,0.08215070268241387,0.08277195548119297,0.0800927373475266,0.08063567369804324,1502597.9315113358
2023-03-21,ADA,0.08117240427062385,0.08201370920332837,0.07862567981896716,0.0794856394698428,1623312.0046642479
2023-03-22,ADA,0.08010780424662566,0.08086515299405955,0.07923327772263575,0.0800037789973074,1750287.0415703265
2023-03-23,ADA,0.07920169006724491,0.07980530785241878,0.07764745952187689,0.07832159433164348,1711930.5500064176
2023-03-24,ADA,0.07875708578732675,0.07948830852932043,0.07606797912056046,0.07641725232388001,1090887.3361112734
2023-03-25,ADA,0.07632109568108415,0.07659922078504594,0.07413746098263718,0.07442863447290897,1787288.2849939594
2023-03-26,ADA,0.07447425470286952,0.07471216253806832,0.07267393225945398,0.0731269942048346,1214167.4274530793
2023-03-27,ADA,0.07284723343263193,0.07591742957852182,0.07231240537921645,0.07528655925477941,1463250.9684199472
2023-03-28,ADA,0.07501728017984377,0.07523998865681893,0.07457318846091224,0.07488533400479745,1073558.667226073
2023-03-29,ADA,0.07454067991087636,0.07566830459089012,0.07364128838428362,0.07551435198822004,1618951.4970200756
2023-03-30,ADA,0.07634798006427963,0.07636835238953892,0.07473748072073935,0.07600986630014189,1845493.5964138622
2023-03-31,ADA,0.07559328759323453,0.07622205616895049,0.0740271811924836,0.07457249245928249,1908135.6226816727
2023-04-01,ADA,0.07482742142544319,0.07519493823118005,0.07416854806139153,0.07461375347768495,1537961.1732668125
2023-04-02,ADA,0.07495831400061088,0.07593399920585167,0.07193155270916078,0.0727869439749471,1541501.4869216103
2023-04-03,ADA,0.07317406791714391,0.0739234467370424,0.06923965476821912,0.07028633373131311,1258392.9883251304
2023-04-04,ADA,0.06994674639895512,0.07071851155495751,0.06932786866882126,0.06961831460000328,1484544.3078387824
2023-04-05,ADA,0.06952950695215382,0.07027242434273132,0.068859801401257,0.06945020400776254,1122505.2328798228
2023-04-06,ADA,0.06977442000670869,0.07075024504692137,0.06953488517403839,0.07071740761024603,1511651.9080559958
2023-04-07,ADA,0.07094930717567417,0.07223316205156868,0.07029610763565135,0.07118201530250058,1589390.9051087783
2023-04-08,ADA,0.07132101570657816,0.07181110406655651,0.06861296258575586,0.06924036063178983,1534089.9305258642
2023-04-09,ADA,0.06969502254321622,0.06981132512853344,0.06713466079519663,0.06816773979824366,1441778.7925186718
2023-04-10,ADA,0.06835147074774042,0.06973281559628819,0.06789270066390259,0.06929574001606673,1636072.4805620625
2023-04-11,ADA,0.07020814114504412,0.07061154796629142,0.06824596524781132,0.06891188156656909,1169554.9448014377
2023-04-12,ADA,0.06933666126466768,0.07002940416068469,0.06722193013233163,0.06815720246423974,1295719.1643060131
2023-04-13,ADA,0.06782420807669329,0.0687985239183681,0.06754331532123317,0.06760043328946587,1339205.216653863
2023-04-14,ADA,0.06812676069015375,0.06889933210701993,0.06749036334696545,0.06804496474251767,1865329.0657322032
2023-04-15,ADA,0.0680350692898156,0.06875948666803099,0.06414672973895715,0.06567834181286082,1224035.3012380572
2023-04-16,ADA,0.0664059432654732,0.06742110540692962,0.06541490325178867,0.06647272871602526,1010289.7019920319
2023-04-17,ADA,0.06647003645873414,0.06678233142108012,0.06526653093496436,0.06555595260929413,1209711.0691065507
2023-04-18,ADA,0.0657717721788893,0.06682602202066733,0.0650447726537742,0.06557589691216925,1040456.3819101171
2023-04-19,ADA,0.06580098837546788,0.06632233412699585,0.06536184166469727,0.0659207832118462,1000211.6551629228
2023-04-20,ADA,0.06587028056128645,0.06815829906154305,0.06531910297249409,0.06753996096345165,1115513.7770172546
2023-04-21,ADA,0.06725845861684839,0.06879527523214204,0.06499045201327595,0.06516438069600473,1022522.7568809303
2023-04-22,ADA,0.06518052173102765,0.0654221177661288,0.06429398624275505,0.06439600657128751,1357046.4000852772
2023-04-23,ADA,0.06482978051417208,0.06500993374296302,0.06386632331967222,0.0639132920995094,1065198.987657549
2023-04-24,ADA,0.06425841107596747,0.06533441377609733,0.0631654298690369,0.06457972283029745,1364600.6325389876
2023-04-25,ADA,0.0649018999695603,0.06509882506006144,0.06273340277953142,0.06408789848076393,1720564.1427345965
2023-04-26,ADA,0.06410400325283752,0.06443073507454765,0.06297900678219132,0.063465234746983,1801883.3897833698
2023-04-27,ADA,0.06344346103094876,0.06475591859917308,0.06255056053156362,0.06315996819815038,1534896.2882109194
2023-04-28,ADA,0.06337481258986637,0.06376594024755781,0.06317342101143027,0.06349653479375482,1327048.9070779425
2023-04-29,ADA,0.06370839801580576,0.06441655221757324,0.06326868897905046,0.06392726334590698,1421288.6107438395
2023-04-30,ADA,0.06330327641531537,0.063854332776633,0.06258007575264059,0.06310325779924045,1341614.6823281015
2023-05-01,ADA,0.06340812925208184,0.06441724197855597,0.06055442298585198,0.061313026323492226,1976039.005568135
2023-05-02,ADA,0.06123064999656618,0.06293280369070502,0.06058477042168793,0.06259410951164815,1470759.0481152076
2023-05-03,ADA,0.0622240157924967,0.062452762431810825,0.060882049102566976,0.061831972492989946,1768085.772059566
2023-05-04,ADA,0.06183729006131096,0.06498547239602528,0.06144654132742677,0.06488486290830894,3137899.867629399
2023-05-05,ADA,0.0646913768798788,0.06559810702935179,0.06368020629718417,0.06453829665720363,1227410.6609008212
2023-05-06,ADA,0.064550777767715,0.0670404213161302,0.06418811302403989,0.06637640824373137,1952789.899421302
2023-05-07,ADA,0.06706591673955706,0.07034957105323056,0.06674810407378605,0.06975443559499296,2764960.8350346056
2023-05-08,ADA,0.06968966367666307,0.07039597716324202,0.06774849259107639,0.06782813702032124,1765730.3483242895
2023-05-09,ADA,0.06852185423344974,0.06946934115769034,0.06577776167677984,0.06651038617816131,1616188.6928023829
2023-05-10,ADA,0.06653023657281072,0.06719928276467037,0.065640686470792,0.06564512609895487,1614227.5223297365
2023-05-11,ADA,0.06631718756488121,0.06762542413110913,0.0663149622299897,0.06727143524626011,1520735.7213096502
2023-05-12,ADA,0.06727986184761335,0.06771059763790946,0.06493464918004255,0.06526864891628703,1169167.8753154227
2023-05-13,ADA,0.06530816624763394,0.06614065501813511,0.06329582537624501,0.06441963558124568,1022323.4979303335
2023-05-14,ADA,0.0639027965929235,0.06599432613784509,0.06363222266725173,0.06494683877071661,1572314.0655333463
2023-05-15,ADA,0.06514684853843074,0.06648222667175908,0.06503866481946326,0.06543880818513374,1207393.0179608143
2023-05-16,ADA,0.06530523833039849,0.06833143172425538,0.06525979378903732,0.06757752387715231,1331250.8674625286
2023-05-17,ADA,0.06776435119198355,0.06865828209170147,0.06566562634478336,0.06663172450182603,1372131.06472287
2023-05-18,ADA,0.06631919558959797,0.06759240124906851,0.0656635053068622,0.06690008802241669,1490847.7119081619
2023-05-19,ADA,0.06678781015185807,0.07042422030161238,0.06666139489484824,0.07019148567102511,1846868.9209745575
2023-05-20,ADA,0.06963339492950281,0.07064827336169174,0.0689180268912303,0.06999778029139085,1684661.9182284784
2023-05-21,ADA,0.07020599961844212,0.07334425319101641,0.06948627011399927,0.07209330770120037,1036999.2895728594
2023-05-22,ADA,0.071887430158787,0.07558370545263372,0.07122410976814174,0.07485056447625743,3519147.134848175
2023-05-23,ADA,0.07415622041483708,0.0758386661717608,0.07339731662436243,0.07570140972568254,1738775.587343087
2023-05-24,ADA,0.07537228915354251,0.07724190778164401,0.07448066696803504,0.07611015773072202,1591732.5822422123
2023-05-25,ADA,0.07580263884248746,0.07856307194058133,0.0750323309564695,0.07784366058984181,1172097.3114624752
2023-05-26,ADA,0.0778296754891877,0.07815451603174359,0.07778833312032925,0.07808448260775543,1488279.334949932
2023-05-27,ADA,0.07760089053120268,0.0798358187243325,0.07669117165232682,0.0795076753342975,1057389.980276504
2023-05-28,ADA,0.07967796614037513,0.08043852068486726,0.07949165458786261,0.07998211900532391,1000313.6665269971
2023-05-29,ADA,0.08004223762111476,0.08042889700010315,0.07917051387089688,0.07967550490234002,1598490.120897854
2023-05-30,ADA,0.08056565153958974,0.08348878262367934,0.08040611321518644,0.08317766384713621,1835666.2017496452
2023-05-31,ADA,0.08324079404099885,0.08338876874355244,0.08231591289769284,0.08280898383787288,1752732.1714861018
2023-06-01,ADA,0.08258372993242227,0.08342527484171944,0.07947723423576222,0.08044366190551462,1102004.8955583102
2023-06-02,ADA,0.08109018562022662,0.08230588294036491,0.07857578808588339,0.07945687153380977,1601539.078549139
2023-06-03,ADA,0.07958048926830537,0.08215288930750238,0.07893053246443317,0.08060189326661002,1134428.452314535
2023-06-04,ADA,0.08055111397062836,0.0840293310803811,0.07904542509479395,0.08297003835747506,1390290.957772837
2023-06-05,ADA,0.0835726953211579,0.0851704603569665,0.0828771529968284,0.08403991447377893,1598428.0697727574
2023-06-06,ADA,0.08401631046661523,0.08511746364162552,0.08288517285898739,0.08385593659750107,1756937.2475970448
2023-06-07,ADA,0.08363948715034082,0.08376612816040604,0.08341478572728021,0.08366243991885107,1169617.1900247035
2023-06-08,ADA,0.08362663986083482,0.08409195892474178,0.08066365255736749,0.08123614322735988,1690459.650637451
2023-06-09,ADA,0.08074993499325747,0.08155399484719382,0.07526569328164227,0.07620945548008454,1133479.5741863488
2023-06-10,ADA,0.07580147034262907,0.07581953918887217,0.07460601028948644,0.07513338722909726,1160261.7531353752
2023-06-11,ADA,0.07496643772014262,0.07533368651078076,0.07469901724223174,0.07472193642429568,1167858.4733246998
2023-06-12,ADA,0.07459285346450487,0.0751907700173893,0.0737923255585606,0.07407806919532892,1186972.3795927102
2023-06-13,ADA,0.07466582229461467,0.07548312728013078,0.07309097649402413,0.07347315708830456,1679827.214387962
2023-06-14,ADA,0.07389786939194172,0.07426054887402408,0.07168717096508155,0.072317039848329,1154895.9997967582
2023-06-15,ADA,0.07239158153306963,0.07766895737526533,0.07120007251886966,0.07701526385503425,3368151.755127158
2023-06-16,ADA,0.07752657047372347,0.07829779249478415,0.07415940157971612,0.0753914911482959,1601510.3845847282
2023-06-17,ADA,0.07523613441339344,0.07628613155380189,0.07142295265435389,0.07227493604947277,1717710.6061226144
2023-06-18,ADA,0.07208341090511343,0.07273511960504078,0.07137144962285265,0.07216229025102126,1495030.1439254528
2023-06-19,ADA,0.0723777816761798,0.07679865334464783,0.07223751911339941,0.07672359175536518,1955503.977074964
2021-01-01,AVAX,15.027006330939109,15.067711718744972,14.525412886190313,14.716978519355077,1829329.973233334
2021-01-02,AVAX,14.703679007989725,15.097762218041584,14.703526247371405,14.913184705616356,1914933.1678447528
2021-01-03,AVAX,15.067670341153619,15.31393815972907,14.770906637580822,14.943913133424859,1912682.7921604011
2021-01-04,AVAX,15.027118970906614,15.09406403068684,14.790679817278418,14.88551808321004,1660788.549079775
2021-01-05,AVAX,14.910385491010498,15.099026763272109,14.751059674103173,14.904026939889043,1541580.4168347726
2021-01-06,AVAX,14.986848903072522,15.233821865100081,14.821833746274343,14.880847647350365,1921098.503868362
2021-01-07,AVAX,14.843988047125807,15.175092211420635,14.625509742175415,14.983855691327578,1798381.6944425332
2021-01-08,AVAX,15.06120554203792,15.373428433936855,14.857234601458094,15.090097617085563,1300046.1369911865
2021-01-09,AVAX,15.137007647418043,15.365427941507058,14.280276171112602,14.434364437647153,1334733.1232149068
2021-01-10,AVAX,14.412503928636939,14.48664632526364,14.329110755468731,14.38016403874595,1238787.1694347963
2021-01-11,AVAX,14.21137313780323,14.540199675742885,13.924198074441366,14.538937773935206,1570562.097972049
2021-01-12,AVAX,14.454132589285894,14.589208921670947,14.045544817391232,14.192826112254078,1659907.8402573513
2021-01-13,AVAX,14.218914808985149,14.250961867570044,13.547368008457083,13.701252345697297,1185836.239925384
2021-01-14,AVAX,13.621681481027684,13.785313777986499,13.448553759556356,13.716701302629314,1785218.2205892734
2021-01-15,AVAX,13.694336318198499,13.821295330743032,13.030885035063683,13.223539691650972,1586870.399718255
2021-01-16,AVAX,13.273267470409452,13.301578709794237,12.76926563556635,12.877701876851228,1707081.6707254925
2021-01-17,AVAX,12.948895152849772,13.063937306851283,12.6113306783581,12.750775461228104,1783293.322575286
2021-01-18,AVAX,12.7779695644211,12.93979105948912,12.462603363538799,12.547215909668951,1133939.7495034682
2021-01-19,AVAX,12.42339040525935,12.500288816692207,11.721898984116558,11.835509494178703,1738244.2720483926
2021-01-20,AVAX,11.933341078687336,12.042307672321272,11.413071819017341,11.512986361531567,1355949.1595786302
2021-01-21,AVAX,11.39687196975772,11.565207113856673,11.18212647781078,11.469554837267685,1326035.967850974
2021-01-22,AVAX,11.442777676426871,11.549558133853697,10.835054967920591,11.000084406031814,1225922.6651346355
2021-01-23,AVAX,11.212129138903164,11.230402291200958,10.671731048904599,10.825643416931094,1312212.6357848663
2021-01-24,AVAX,10.82720535315668,11.008700991637511,10.232789927524845,10.362062337852572,1484689.1674266942
2021-01-25,AVAX,10.33580613535968,10.426915624037461,10.08297430554845,10.20562079957046,1306372.099467619
2021-01-26,AVAX,10.12769182208835,10.43378047008352,9.992782769852635,10.338150432693878,1257124.3827223491
2021-01-27,AVAX,10.327774292974437,10.346345856672501,10.236986539714914,10.259019487581885,1327566.775905587
2021-01-28,AVAX,10.204327138547056,10.269919030213162,10.017503406886577,10.148532144077622,1178876.606055717
2021-01-29,AVAX,10.152251706638863,10.311303718605062,9.983554059329762,10.002839273159735,1897846.8118686967
2021-01-30,AVAX,10.069289586441641,10.192145036275189,9.725663861465835,9.821217552587195,1996912.955381396
2021-01-31,AVAX,9.917550065104832,10.03466526975498,9.734319338443122,9.790828360600369,1822084.8605689097
2021-02-01,AVAX,9.677981912571695,9.789776228223955,9.330736896097855,9.471682757593916,1957051.6635079621
2021-02-02,AVAX,9.444234701444516,9.604007170504243,9.357427628192214,9.506053261645071,1233056.8165051043
2021-02-03,AVAX,9.557137051768175,9.683397686636809,9.068099735048383,9.12902071506619,1610483.039212677
2021-02-04,AVAX,9.151954116554462,9.239118265263333,8.431045408826051,8.568362993765321,1647785.3804895708
2021-02-05,AVAX,8.484309730115552,8.60026860745752,8.428741744774035,8.516709945729513,1552425.5997138824
2021-02-06,AVAX,8.573436194741209,8.731554284669723,8.387613052717839,8.508866821415843,1302085.5093088355
2021-02-07,AVAX,8.46176092057806,8.542551090092848,8.087056309847833,8.107298942096348,1124953.0940970185
2021-02-08,AVAX,8.205102670453915,8.2243514520997,7.9929331854858185,7.998319876263344,1430417.7632065255
2021-02-09,AVAX,7.985085882179327,8.100495546382943,7.832182786942312,7.839768789456999,1718107.3880085612
2021-02-10,AVAX,7.851033595011383,7.929829929626679,7.800200620095686,7.8707626337157635,1197461.397070978
2021-02-11,AVAX,7.94464199866789,8.003763182242178,7.653312797010401,7.712804556369951,1281035.5578020366
2021-02-12,AVAX,7.623437281138743,7.633437021755712,7.340285087972088,7.433642855649979,1274591.7025275065
2021-02-13,AVAX,7.464969207240954,7.60409373837133,7.464284055922487,7.538104729913886,1893306.0724232572
2021-02-14,AVAX,7.46500968639152,7.630073576442273,7.420052789956661,7.522157243807044,1783519.1116876646
2021-02-15,AVAX,7.500186666768105,7.549199441867648,7.320699808030392,7.402199944868738,1830773.291573593
2021-02-16,AVAX,7.398277654633927,7.503962113210728,7.334899889496644,7.441869458615135,1507124.706776266
2021-02-17,AVAX,7.497544457862338,7.541216450959132,7.205505909120132,7.281535683579098,1286296.8903635496
2021-02-18,AVAX,7.254074068306481,7.374718526231318,7.204962860485357,7.28157561138462,1926119.7123308945
2021-02-19,AVAX,7.297806160398386,7.4774179758725925,7.244639318401428,7.383181470257039,1837627.6337527125
2021-02-20,AVAX,7.3860808496191845,7.620817858835858,7.3312207824563504,7.556280949921531,1876205.3236948827
2021-02-21,AVAX,7.518870460072685,7.668182512273592,7.442442848789529,7.666163911029337,1425694.8608961708
2021-02-22,AVAX,7.673864713981374,7.694626734855286,7.459499989202266,7.561789595869524,1569675.590107304
2021-02-23,AVAX,7.575150619172022,7.722925617810983,7.5708133999598735,7.663627220255254,1763144.948922068
2021-02-24,AVAX,7.583624998931473,7.738957258514482,7.470795029838433,7.534635899056817,1983243.5796998695
2021-02-25,AVAX,7.577157224893559,7.787913007118915,7.532721652269091,7.6662690712237564,1366996.6175092289
2021-02-26,AVAX,7.696692374676051,8.103009139499008,7.666893213263187,8.036663912391793,3382710.332909656
2021-02-27,AVAX,8.061226906461089,8.132016585181773,7.70419887335862,7.770110936791369,1085768.4383877204
2021-02-28,AVAX,7.773299970483402,7.859235854466315,7.504846456486552,7.516292756225139,1034792.4824427465
2021-03-01,AVAX,7.433115775288582,7.490440577227456,7.095136060133465,7.200009865296056,1607865.4121345202
2021-03-02,AVAX,7.192010501233632,7.367853899905661,7.112609101152505,7.367556049432128,1041050.8767429456
2021-03-03,AVAX,7.398719977395917,7.446378750026878,7.297021147388438,7.387610845048976,1767574.6676099407
2021-03-04,AVAX,7.299115304705698,7.371998962256421,7.059856095040913,7.142605779323274,1903404.7903887827
2021-03-05,AVAX,7.131988134543048,7.311735104941375,7.036219182375594,7.208296051511704,1560354.0581960264
2021-03-06,AVAX,7.303246064292869,7.319355767810137,6.9807892907624804,7.006350142644397,1724959.5650611878
2021-03-07,AVAX,7.017362721094804,7.094393897253478,6.804103066494097,6.8714178072144545,1455587.0130511278
2021-03-08,AVAX,6.8701065314508405,6.88134847936774,6.771650018174464,6.81886662679381,1496413.6856298188
2021-03-09,AVAX,6.811800844559612,6.868910318927664,6.608579693191822,6.668410212783061,1687834.1012541496
2021-03-10,AVAX,6.715873437244755,6.717600517045924,6.520983115264801,6.601192081324375,1579900.9081182873
2021-03-11,AVAX,6.623354607792805,6.639257786607674,6.554914607738628,6.591996682072893,1617191.9197871713
2021-03-12,AVAX,6.520362238484262,6.58420888818827,6.4579769071899396,6.552798564584788,1308664.207383912
2021-03-13,AVAX,6.547415219216518,6.640819853459528,6.509566194419431,6.542714961003529,1443494.9717782764
2021-03-14,AVAX,6.540075928440951,6.570344819933247,6.276430716381211,6.313876595198793,1250318.876661226
2021-03-15,AVAX,6.3455730167783795,6.411154532165087,6.3185180769773694,6.340337689576861,1101382.1568528311
2021-03-16,AVAX,6.277954802202457,6.363632761690525,6.031199093798817,6.112243486358611,1682132.0651566917
2021-03-17,AVAX,6.118536658972698,6.4068394674136995,6.0342059758848166,6.3484410793036545,3461987.0138758416
2021-03-18,AVAX,6.374229655990325,6.4956050044470075,6.322851822817789,6.414042056008442,1524035.9078201998
2021-03-19,AVAX,6.345742041640208,6.402375487249925,6.153414634438008,6.2230274536872185,1503922.9742703317
2021-03-20,AVAX,6.241522995947266,6.3186729182369685,6.188005239773998,6.2838158365890475,1778087.9295310325
2021-03-21,AVAX,6.270562117071407,6.361693521942899,6.270214399335724,6.301965678256884,1323904.9366283913
2021-03-22,AVAX,6.354208143545621,6.436719278256888,6.226278997129305,6.285067051898634,1071542.3024241088
2021-03-23,AVAX,6.273181908260834,6.3931049002738,6.244537089232121,6.344260972111347,1135870.297916631
2021-03-24,AVAX,6.312509203772871,6.40470335777465,6.075134825584884,6.13357303163627,1763000.9302440763
2021-03-25,AVAX,6.144252460427578,6.236945055617212,5.7988435672434315,5.897167384526316,1718711.3959278334
2021-03-26,AVAX,5.926683068024333,5.9940740950395215,5.796451542116726,5.830788472975793,1995391.9661511632
2021-03-27,AVAX,5.852444254705518,5.908840257070573,5.827737240668022,5.887775890791583,1808635.4015129209
2021-03-28,AVAX,5.924212280601363,6.124231566138011,5.891154978904105,6.053533765500428,1190775.303602613
2021-03-29,AVAX,6.07438482539069,6.1277557115450305,6.055099993110624,6.0760702524049925,1753327.610736935
2021-03-30,AVAX,6.079399944878772,6.332129003763755,6.004933816205171,6.239012666682485,1084295.8834552802
2021-03-31,AVAX,6.17332103932088,6.339657444125381,6.149505185150146,6.266550218763182,1629119.526025883
2021-04-01,AVAX,6.294330672498811,6.355011633233433,6.148586827644437,6.181068842451458,1788795.3534592846
2021-04-02,AVAX,6.2180359113859796,6.2907101366066005,6.142086629396471,6.238243043992929,1575026.6073656874
2021-04-03,AVAX,6.24771672073216,6.343037220187018,6.203526713960918,6.278643984363565,1790802.3208070234
2021-04-04,AVAX,6.264263208644797,6.440078109639958,6.237232523693336,6.312280766305152,1726580.9345458148
2021-04-05,AVAX,6.325045867980851,6.535941388752951,6.271854205692323,6.415843682878983,1651460.627581003
2021-04-06,AVAX,6.392261994909064,6.469645794533227,6.337498605231514,6.3617138059248886,1401931.3640418875
2021-04-07,AVAX,6.351681179943499,6.849457963253761,6.258244410553012,6.779026836892549,2698598.2854696717
2021-04-08,AVAX,6.763559637630312,6.775536175198552,6.461576060145203,6.5268529755786195,1618879.544732609
2021-04-09,AVAX,6.5718795227258955,6.657460683681493,6.512851639276402,6.59331347914456,1535041.6903918302
2021-04-10,AVAX,6.605820926745342,6.632176031498886,6.501863586403871,6.546451167369715,1887468.081139316
2021-04-11,AVAX,6.554094311732883,6.629938985775759,6.378555474343924,6.416052746335216,1648998.7334873013
2021-04-12,AVAX,6.494038115016823,6.580371199382823,6.406615932006821,6.52844906297175,1658059.0837042755
2021-04-13,AVAX,6.4994515928537036,6.602736532337004,6.4521380593137545,6.568093231517515,1631180.8999752917
2021-04-14,AVAX,6.554531219697246,6.567903957777997,6.140859875830361,6.210411156272772,1376688.2576871898
2021-04-15,AVAX,6.187402985228367,6.398084140557539,6.144693648621553,6.271809587645827,1291969.6977532778
2021-04-16,AVAX,6.332873159939223,6.52271125332744,6.248186987350182,6.427362966649116,1185918.7977353996
2021-04-17,AVAX,6.419393001558592,6.511651662191984,6.087899801844714,6.150750951798472,1256049.9395370272
2021-04-18,AVAX,6.097505137129345,6.2255777867360695,5.999282889195147,6.175498572206723,1071705.7876746154
2021-04-19,AVAX,6.195182767554533,6.419749327764133,6.137535898356694,6.39797335336952,1248727.1696579128
2021-04-20,AVAX,6.355861778763734,6.412204179223218,5.956412226975549,6.024878101762128,1623908.7919763082
2021-04-21,AVAX,6.0368128418691365,6.184046569517289,5.977866470490185,6.1152126404246845,1746124.8030646252
2021-04-22,AVAX,6.191975544843866,6.350325379238433,6.1089762609944085,6.303904862873175,1720329.9081987117
2021-04-23,AVAX,6.284152072706131,6.319693436161066,6.209794870704983,6.265358305769713,1760635.786840798
2021-04-24,AVAX,6.344425765693481,6.570529832891987,6.314871441276811,6.518501929687232,1806866.7442891977
2021-04-25,AVAX,6.53507746504828,6.734017761342596,6.477369499872675,6.662706409870672,1709261.776534222
2021-04-26,AVAX,6.700714939968174,6.779901179080075,6.616766798107165,6.628967664366939,1770133.2429016223
2021-04-27,AVAX,6.525794727690146,6.556493645265287,6.411728865802143,6.49952787467252,1648455.068313151
2021-04-28,AVAX,6.51239597985899,6.66410610680035,6.498935613584449,6.510549224932087,1271726.8529764642
2021-04-29,AVAX,6.5812243713230325,6.659252111495656,6.5076206531628715,6.578052586542793,1224529.566305674
2021-04-30,AVAX,6.586139855791826,6.675034832377572,6.461712620983791,6.558650869431032,1285300.325557816
2021-05-01,AVAX,6.571185276193415,6.745319728727421,6.541826292898443,6.657759723331684,1581193.7357367433
2021-05-02,AVAX,6.6509561858450805,6.956555158032472,6.559615857256126,6.873956470869769,1618720.168891791
2021-05-03,AVAX,6.8369507472385935,6.937127769866709,6.764010873605074,6.8276544415214,1604839.6459844443
2021-05-04,AVAX,6.840173108377492,7.050773510067536,6.7422332315114195,6.978918205688766,1915841.1216614798
2021-05-05,AVAX,6.991019773189391,7.303255815297478,6.920886594151577,7.129367107100056,1138154.3603108835
2021-05-06,AVAX,7.208790822769156,7.270813404321569,7.124390332322223,7.140652823845042,1797555.9322033534
2021-05-07,AVAX,7.1593910622226264,7.450734241387546,7.057652224621408,7.409178619614949,1085781.1476719608
2021-05-08,AVAX,7.3583758112716255,7.411900325641991,7.308954220616215,7.361053683564584,1647811.574666882
2021-05-09,AVAX,7.430759866616497,7.542641316436331,7.242308411601028,7.300745986753803,1567922.2932578695
2021-05-10,AVAX,7.368669018752332,7.55505354053375,7.312235965477838,7.510693094234418,1392695.9939427353
2021-05-11,AVAX,7.527703063209204,7.884293351092862,7.447662725107576,7.678790215612214,1282189.204511158
2021-05-12,AVAX,7.684077750605339,7.7771106872741065,7.532877977751009,7.6045980858545805,1987191.1751143888
2021-05-13,AVAX,7.666709740213364,7.716071404615364,7.387661757355366,7.518187074013056,1286569.0962512842
2021-05-14,AVAX,7.507119453359411,7.838185487284013,7.4106054828421986,7.775466508451532,2006778.14497802
2021-05-15,AVAX,7.8463368584577005,7.99832925325508,7.802024139410549,7.871639888818294,1925660.3033130318
2021-05-16,AVAX,7.936885961168718,8.018290965324933,7.88463001112547,7.977111602226583,1245616.9161090145
2021-05-17,AVAX,7.985606968087593,8.035093602779135,7.9718222203938875,7.9996068791558645,1183601.678861646
2021-05-18,AVAX,7.970512450326239,8.307170445061368,7.914346176703451,8.244963401870976,1502000.0581150039
2021-05-19,AVAX,8.299246278340904,8.560206382932497,8.23666736111192,8.545031679660909,1269811.6936166843
2021-05-20,AVAX,8.542324150755286,8.703983413924576,8.231990870504935,8.23874557804178,1683412.9724656655
2021-05-21,AVAX,8.206945922920703,8.233756298340555,8.040468594194827,8.146001060625846,1084357.921503257
2021-05-22,AVAX,8.161439636737573,8.62734523619457,8.058189374767549,8.57962803980963,3206174.5350378286
2021-05-23,AVAX,8.543953862796974,8.558859717922878,8.483598391296765,8.536660478864857,1442153.6750234596
2021-05-24,AVAX,8.520446828596137,8.725148239160479,8.520370568408445,8.721867927340565,1123577.7492048808
2021-05-25,AVAX,8.712650932345259,8.78359129531778,8.416694452023007,8.53482490283772,1680401.5097368853
2021-05-26,AVAX,8.648918754285232,9.000397427747666,8.583518412930697,8.904477335457722,1807656.1718753616
2021-05-27,AVAX,8.905642421090285,9.077951082743814,8.85948843619736,8.893061361591343,1897022.2669628374
2021-05-28,AVAX,8.891649046374091,8.906244739791092,8.794949045477914,8.87679003613926,1595727.8268889778
2021-05-29,AVAX,8.746661042340946,8.749535756752515,8.446277804382076,8.502301114860144,1573630.3502348305
2021-05-30,AVAX,8.486986409561075,8.749961837667719,8.432069936442803,8.656017593684375,1927320.5563355952
2021-05-31,AVAX,8.699468137979855,8.703522935137403,8.603801943106086,8.675748551566354,1547758.1846968455
2021-06-01,AVAX,8.674292085054132,8.95379943512563,8.558791829814849,8.895125585158,1837450.710530229
2021-06-02,AVAX,8.922231584933535,9.226583240034463,8.833108168917693,9.165694891776186,1230678.9814113225
2021-06-03,AVAX,9.107798610882181,9.148139621578077,8.892108357066723,9.00745123014294,1645255.212644411
2021-06-04,AVAX,8.964864086217451,9.238653138796037,8.827719326115712,9.076187518438756,1114713.892547889
2021-06-05,AVAX,9.087666739447657,9.267694574240489,8.994233534218132,9.038464637736093,1290317.3478458126
2021-06-06,AVAX,8.995739315407402,9.101178520777918,8.815809103408299,8.910664412467268,1713127.826166253
2021-06-07,AVAX,8.952094783582892,9.092872564370099,8.860824593707832,9.074138751257484,1448221.3603286506
2021-06-08,AVAX,9.039711145783151,9.286308380844426,8.939398422829747,9.224128659894632,1185450.0524111616
2021-06-09,AVAX,9.190943714976493,9.2604246199948,9.026606080679684,9.12049794848941,1203386.4597520798
2021-06-10,AVAX,9.030705674066464,9.075030444241282,8.62171567604365,8.666266611288584,1894667.8771449411
2021-06-11,AVAX,8.7601436559288,8.90000478377933,8.523961905220398,8.616051159515903,1947221.6303703752
2021-06-12,AVAX,8.658127414906808,8.717774119639431,8.457853312846188,8.547793951891565,1497530.4047011915
2021-06-13,AVAX,8.59846387848542,8.682457741892973,8.26299624646306,8.350833711547375,1912853.596424029
2021-06-14,AVAX,8.432517755605677,8.844513527566006,8.37675757140166,8.8250185996378,2106091.1005473435
2021-06-15,AVAX,8.84268534760502,9.010685662064933,8.539690437122733,8.622622486002275,1607848.6857004685
2021-06-16,AVAX,8.572934295852654,8.926371582392228,8.539829336194847,8.773746661404669,1335939.846956445
2021-06-17,AVAX,8.738811236929259,8.981734749253675,8.643550610473643,8.933081763862424,1449086.5482480319
2021-06-18,AVAX,8.942987660256133,9.3966093873247,8.846641322998705,9.304723969597964,3054686.58673036
2021-06-19,AVAX,9.27794141858604,9.403136812191624,8.93647535167319,9.102993451446617,1020655.3764468373
2021-06-20,AVAX,9.134584620500306,9.497256432719913,9.006131947807495,9.411046807483617,1917332.015989858
2021-06-21,AVAX,9.397617877142077,9.743820458026262,9.271564819655318,9.644147883806202,1302025.0487808443
2021-06-22,AVAX,9.694737121028579,10.235324150178386,9.578414635029718,10.093911169984308,1996675.030893572
2021-06-23,AVAX,10.046088324213477,10.420956623303601,9.899806361004336,10.258236669701775,1217599.430452125
2021-06-24,AVAX,10.31707706997479,10.454132195716156,10.166079332294585,10.372691468579692,1147114.482355902
2021-06-25,AVAX,10.454640238915166,10.566051730099636,10.352066308569293,10.499303458766127,1609653.887317485
2021-06-26,AVAX,10.423649957655241,10.449471293641256,10.21561528134003,10.338828453671201,1326636.7438382667
2021-06-27,AVAX,10.296770265575791,10.704111263818634,10.280927688351435,10.62967195661491,1438434.1535984722
2021-06-28,AVAX,10.682605631665654,11.028399337437861,10.63662852300803,10.942283258716893,1145603.5933798922
2021-06-29,AVAX,10.979742365852331,11.185156765714115,10.621645153737543,10.688684755257974,1178646.8558532798
2021-06-30,AVAX,10.783507386337755,11.004696692225549,10.638874990657717,10.91712865748707,1858024.8996131788
2021-07-01,AVAX,10.899992426023468,11.664233477425752,10.86949137388725,11.554136115870794,2197976.4057180155
2021-07-02,AVAX,11.595765234451742,11.65758536750271,11.480474692534013,11.568581909868419,1892113.5812212566
2021-07-03,AVAX,11.625045361511674,11.829686853373106,11.432622194332147,11.508883241451015,1700894.4320409475
2021-07-04,AVAX,11.549468444396272,12.407632373589975,11.442363880561455,12.313353211612121,2600700.3169423165
2021-07-05,AVAX,12.306509270862067,12.794304677565979,12.223635319038332,12.752405942962461,3550955.05349924
2021-07-06,AVAX,12.66031607485339,12.976230836621953,12.504931396389473,12.853617558708141,1278597.8872630505
2021-07-07,AVAX,12.817598113944472,13.350818157428455,12.801837597293375,13.202464287791685,1659183.3840408216
2021-07-08,AVAX,13.213813229932674,13.438616477815872,12.693337584180751,12.769136285524995,1705751.63842941
2021-07-09,AVAX,12.750333022221245,12.975760821860147,12.551007493708667,12.941938436362326,1468167.7478046194
2021-07-10,AVAX,12.940314270549695,13.104340820232146,12.824002551818964,12.838324953696468,1063976.1209650845
2021-07-11,AVAX,12.916407731620904,13.012831074948695,12.760994998549341,13.002133920999087,1789883.5029722657
2021-07-12,AVAX,12.961637097243603,13.326497750051711,12.791268898581603,13.185545562847254,1781420.6735429573
2021-07-13,AVAX,13.28352062548872,14.23588085710371,13.138764407155875,14.062538893816669,2413481.2971449276
2021-07-14,AVAX,14.046212896513913,14.639196517687516,13.878659768246255,14.496387114894151,1661700.8142129763
2021-07-15,AVAX,14.503517644655771,15.127158813067322,14.411878731677021,14.874195175885069,1425231.7708418567
2021-07-16,AVAX,14.68658085391205,15.046894236882663,14.501067885849356,14.761421573971159,1065120.6109690156
2021-07-17,AVAX,14.699942326916704,15.696134661734217,14.64040785541778,15.287084989191216,2475932.23955094
2021-07-18,AVAX,15.326356630612818,15.789004875947086,15.305836346427222,15.732140956947092,1997377.496309305
2021-07-19,AVAX,15.759811958001915,16.059044940801304,15.604196695265241,16.036195774913466,1805834.491486477
2021-07-20,AVAX,16.059848660919755,16.077877580082806,16.017154160741317,16.072024117501844,1817886.7915369424
2021-07-21,AVAX,16.013465104980916,16.216213269496546,15.866593842415243,16.11979289821357,1548758.3906513015
2021-07-22,AVAX,15.97556444374418,16.70441286327054,15.786918814786377,16.616265765037646,3519967.2262113495
2021-07-23,AVAX,16.497883474063322,16.696937520073302,16.371035790248705,16.562634961416258,1751684.7330154271
2021-07-24,AVAX,16.49800181847697,16.702855172997317,15.823399351421141,16.049917462925688,1186309.871769305
2021-07-25,AVAX,15.98891587871788,16.443092756915323,15.800284795841177,16.26005698738101,1462931.6289076584
2021-07-26,AVAX,16.35390717052725,16.78474509651431,16.24867010511753,16.56164959050806,1020205.2371815363
2021-07-27,AVAX,16.728476109189035,17.786003604330972,16.57472977544284,17.57044754438923,1916482.241891672
2021-07-28,AVAX,17.472773680480742,17.635303968573037,17.030504906454144,17.116378945114388,1353989.6860346505
2021-07-29,AVAX,17.087601407100163,18.121110776654646,16.949022532501882,17.985425552302022,2408300.4084579237
2021-07-30,AVAX,17.992835401991066,18.555488468555286,17.792249874505476,18.425139029355275,1459400.3934384994
2021-07-31,AVAX,18.375751718651813,18.65288751523348,18.218831658089545,18.50991768346046,1224120.4717365238
2021-08-01,AVAX,18.603116801742278,19.462242677727648,18.48929538293247,19.401149287174302,2798990.221896165
2021-08-02,AVAX,19.1516989355586,19.469627881796203,18.855001980810655,18.881199100039254,1620298.9544697632
2021-08-03,AVAX,18.76061671792165,18.90375340038383,18.13060850278377,18.23543793100725,1549635.153628029
2021-08-04,AVAX,18.181879244532976,19.453937240011076,17.95026449864241,19.140970117962837,3388364.2677167915
2021-08-05,AVAX,19.230895172393215,19.53033770610809,18.721258202211065,19.113396775640116,1717562.7431417876
2021-08-06,AVAX,19.224810710597605,19.657767468631633,19.124070059599124,19.61348804350494,1220973.660966648
2021-08-07,AVAX,19.604605391227114,19.85244741415742,19.09383074093516,19.17947042245002,1887989.5151057858
2021-08-08,AVAX,19.337795943510887,20.212292084166098,19.122775106276013,20.19668095309484,2669183.354294852
2021-08-09,AVAX,20.12764868018506,20.38029266160834,19.964744711892916,20.35954233872722,1111276.724596436
2021-08-10,AVAX,20.36123972860423,20.796093449894286,19.54135645724152,19.764663569705867,1737455.1386333436
2021-08-11,AVAX,19.874647409240872,21.573799501195076,19.657138402560957,21.33387314943885,3400691.569904464
2021-08-12,AVAX,21.269821235832833,22.236569375609374,20.996325975790995,22.085885084510544,2288972.4676305032
2021-08-13,AVAX,21.968200790079823,22.47096475310303,21.590873614461596,22.434135597284172,1652386.1269343277
2021-08-14,AVAX,22.275318325815398,22.32936624206235,21.83986795569474,22.222103194351263,1157009.171944309
2021-08-15,AVAX,22.43928554910376,22.849901600784012,21.638940840145775,21.840493422947212,1459965.841673796
2021-08-16,AVAX,21.53751715927673,22.384387275152307,21.307472126120263,22.118737310352483,1863342.8786540676
2021-08-17,AVAX,22.098891436216583,22.493130104729254,21.87607228573746,22.262691374447122,1267344.00160146
2021-08-18,AVAX,22.190948451479688,22.60939187707,22.10961485516174,22.409708590884495,1650167.6539030767
2021-08-19,AVAX,22.178284877794674,22.648041008699245,22.14576041128601,22.24857899819566,1671802.8646731272
2021-08-20,AVAX,22.21494124244788,23.223789907811724,22.027090071822222,23.075898429282717,3239162.6802681447
2021-08-21,AVAX,23.205712897976156,23.829010262707854,23.003236653429635,23.66873925518482,1724099.6802564154
2021-08-22,AVAX,23.91284088310408,24.172984575839028,23.40908033612279,23.58435782353607,1027779.3555477834
2021-08-23,AVAX,23.39750408658874,23.6649546500045,22.626465319209974,22.73542008911358,1801524.507282351
2021-08-24,AVAX,22.873782345753668,24.201880681413552,22.604092857779676,23.899499743146123,2404616.5530123427
2021-08-25,AVAX,23.75564411263799,24.02952563464402,22.82589932815486,23.08232455500719,1051374.5075138249
2021-08-26,AVAX,23.229794438719285,23.854121501183666,23.050586143868404,23.47528083151683,1248641.5725058778
2021-08-27,AVAX,23.57927906740507,23.813094104848872,22.98937402620405,23.061510482413123,1172273.3835076632
2021-08-28,AVAX,23.049935342214482,23.30794508038916,22.112096695538266,22.277646795689584,1368442.4505721861
2021-08-29,AVAX,22.376719621635118,24.445376324746004,22.148395879269714,23.96579309028476,2933477.496079555
2021-08-30,AVAX,23.955474733673906,24.586743174007573,23.790771252344893,24.45158120789053,1640137.9962145747
2021-08-31,AVAX,24.47475844172985,24.968302234702882,24.24615698710554,24.697326568115937,1505741.0957689749
2021-09-01,AVAX,24.762606328533614,25.483861659149575,24.604196775622814,25.335465697480007,1083344.588177063
2021-09-02,AVAX,25.197253313965525,25.91354086964165,24.956328943759168,25.834567304107324,1698942.352419389
2021-09-03,AVAX,25.946851634425123,26.199541746207675,25.151641726270373,25.335248670587404,1536395.549434241
2021-09-04,AVAX,24.980375833174023,26.242470936417682,24.722075763461532,26.01428036788849,2448493.192404191
2021-09-05,AVAX,26.024410049633648,26.47023619618396,25.449926982657168,25.795573381562082,1040700.0410896505
2021-09-06,AVAX,25.802259030366134,26.24449761531799,25.550226238203308,25.766944721667826,1613801.1136570158
2021-09-07,AVAX,25.825244094399263,26.06375557840912,25.613442529952206,25.78764095309291,1260714.9760530835
2021-09-08,AVAX,25.623067224767382,26.53280442328568,25.326720089384523,26.36490187404504,1220311.8023666523
2021-09-09,AVAX,26.261307260059503,26.98217582971261,25.865406886818455,26.92168021433008,1826524.3294836737
2021-09-10,AVAX,27.032330084726482,27.523786220785848,26.74031059220433,27.209651945110796,1108959.692496066
2021-09-11,AVAX,27.044075625646876,27.95792077899679,26.81566775030199,27.914067248670566,1344325.4217335274
2021-09-12,AVAX,27.94878709345997,29.17192503722449,27.6096665308897,28.74751028881059,1704422.9349556423
2021-09-13,AVAX,28.572396830594467,29.728973318554843,28.409376856126766,29.6507875409684,2900658.590218196
2021-09-14,AVAX,29.55888852011948,31.706990865549137,29.193998349809416,31.27820327628426,3167402.4245250095
2021-09-15,AVAX,31.9752487051334,32.28501355743424,30.35398260316987,30.601290612706112,1879295.5929134605
2021-09-16,AVAX,30.603477324670724,30.99767958186202,30.432582956702035,30.80618426310036,1855354.8628509545
2021-09-17,AVAX,31.010965355339696,31.09079243434065,29.879724634810803,30.062492335176835,1806340.5146273545
2021-09-18,AVAX,29.926772070554705,31.673958837454762,29.472596244873273,31.025719440928544,2276171.3303471506
2021-09-19,AVAX,30.9679687203065,31.756628974173566,29.943503283283707,30.31090497114157,1099213.0834250923
2021-09-20,AVAX,30.10328652244689,31.383180290252984,30.074796194081255,31.297676912419018,2888956.8386613834
2021-09-21,AVAX,31.38222579874964,32.41602472068667,31.1723352932847,32.370780128780325,1778887.9486853865
2021-09-22,AVAX,32.24888236369672,34.10733793992885,32.078875676809986,33.75614153229215,2067574.3125834651
2021-09-23,AVAX,33.75893441676373,35.08295924394211,33.269342199587186,34.70899697451398,1028066.854308644
2021-09-24,AVAX,34.67248166392022,34.97983303247598,33.82080806213015,34.29537343300492,1661251.8455949866
2021-09-25,AVAX,34.19243438395691,34.52720541975513,32.82507287338224,33.258263270279926,1575851.730200757
2021-09-26,AVAX,33.62655918436815,34.17560893553528,33.18240928277776,33.487169816621076,1359458.6569184226
2021-09-27,AVAX,33.50183969136896,34.64980758035072,32.98614332359477,34.58458627340658,1164587.413828532
2021-09-28,AVAX,34.69321174561515,34.72980019373448,34.305505770751616,34.51644968581222,1668840.9498840293
2021-09-29,AVAX,34.35298660825996,35.29090733556215,34.01396019285368,35.15636153006464,1715122.188347766
2021-09-30,AVAX,35.27825596755826,35.63100538877161,34.81349251511574,35.00720053983612,1337143.8605363166
2021-10-01,AVAX,34.922753687913264,35.37957579707808,33.74753600152763,33.99798273029903,1051447.286586534
2021-10-02,AVAX,33.79876130190711,34.33593065640621,32.940153545103215,33.2669445934738,1454857.9294383507
2021-10-03,AVAX,33.217534465663874,33.32254177993673,32.49426867610396,32.76076102690756,1579457.2215395619
2021-10-04,AVAX,32.754811927620715,32.95611034813623,31.959903657440897,32.33862799863626,1273579.826477443
2021-10-05,AVAX,32.0694612863856,32.957695042916654,31.995926118953985,32.58523345796061,1255242.525357208
2021-10-06,AVAX,32.458611872771385,32.575671291904705,31.8361608132066,32.19609859733329,1720052.3789661974
2021-10-07,AVAX,32.27169803487274,33.36528959873622,32.135696765807644,33.24586388411004,1624265.4434844505
2021-10-08,AVAX,33.47851659818614,33.9317714787844,33.03498070565005,33.6426108946592,1672445.5771943445
2021-10-09,AVAX,34.00043851623622,34.38926442528665,33.0616956192221,33.286909009262715,1654950.3254148762
2021-10-10,AVAX,33.29580379158139,34.08870175034099,33.16735691180773,33.581448864013616,1296903.1179133486
2021-10-11,AVAX,33.70607634760567,35.490806414636154,33.69279367313544,35.18088931044085,2024016.5303818188
2021-10-12,AVAX,35.61371106369051,36.977196150440726,35.241413646877135,36.96782359332034,3107383.48315144
2021-10-13,AVAX,36.92101056545155,38.178190202204384,36.63168743367121,37.65977232029611,1794356.507583897
2021-10-14,AVAX,37.776201073969915,39.72923269162209,37.10010534644951,39.330901512133295,2732762.4045809624
2021-10-15,AVAX,39.0936533569069,39.72839404197812,38.69411427550106,39.525161567715756,1062334.0921596843
2021-10-16,AVAX,40.037477406901765,41.41078371083419,39.653640862212505,40.67805796758164,1278273.8231316211
2021-10-17,AVAX,40.578887479385116,40.689358716338624,39.776865093657555,40.17838772519925,1984983.419414807
2021-10-18,AVAX,39.55800009599182,41.13190195785998,39.12359910184692,40.74316885277434,1404010.8790008703
2021-10-19,AVAX,40.45900855290312,42.078502956860525,39.99260555405148,41.973600449745675,2356688.441976055
2021-10-20,AVAX,41.850393954845956,42.48092557780587,41.1992354588732,42.020592506519684,1945209.2260209143
2021-10-21,AVAX,42.029286877101164,43.195768873000056,41.769646859643565,42.55057575502446,1065446.6351224943
2021-10-22,AVAX,42.51651741288585,42.80394515809556,41.78141850878782,41.98000860461934,1920945.990477678
2021-10-23,AVAX,42.314123457837674,42.452824866123926,41.686851356873646,42.223735792636674,1409751.026454475
2021-10-24,AVAX,42.00243119632566,42.621437836855485,41.41937751822861,41.845061154921474,1023405.4298800656
2021-10-25,AVAX,42.273714906213776,42.636351034995094,41.43337576518538,41.63373189081198,1412966.7179550976
2021-10-26,AVAX,41.72452272958196,41.731456689273024,41.20558902637899,41.212278900446215,1351271.9127576086
2021-10-27,AVAX,41.0721112926063,43.17706782483142,40.43739810867558,43.00918698740091,1948610.0835261056
2021-10-28,AVAX,42.89766804996509,43.703453463551675,42.284070273566044,43.326401542687144,1034408.5456052287
2021-10-29,AVAX,43.39234677352475,43.9655120738968,42.58902761245368,43.33842576722349,1407155.3002763195
2021-10-30,AVAX,43.714352520504924,44.143919740196175,43.01757846158455,43.51005290660009,1099919.1426490254
2021-10-31,AVAX,43.42494642679496,44.56628139192581,43.315005489969494,43.70348391411049,1870080.721936581
2021-11-01,AVAX,43.72823268535455,44.32116213384172,43.26204300962984,44.29445780894767,1091807.0843936077
2021-11-02,AVAX,44.31190758098869,45.424966804689255,43.534973776853334,44.48999294208095,1791647.1551870585
2021-11-03,AVAX,44.05133810799326,44.48778939871297,43.52755914304938,44.133030355143426,1151070.5313432328
2021-11-04,AVAX,44.27972423705936,44.89005868972681,43.577659635129734,44.02839226953241,1767631.844666174
2021-11-05,AVAX,43.9806670753391,44.031115442258724,42.24223148083103,42.84336719709246,1518080.474360865
2021-11-06,AVAX,42.90418245096614,44.39067718563289,42.64303969886362,43.81994315691236,1556931.2379274503
2021-11-07,AVAX,43.824545707553035,44.18492173557125,43.57654693299481,43.820598336591424,1146509.3737564501
2021-11-08,AVAX,44.316763997051034,45.13567218504251,42.63983150554119,42.99357612658925,1327001.8809104997
2021-11-09,AVAX,42.65990377246375,42.79793149524018,41.5573438232098,42.10527795404488,1574500.7415538854
2021-11-10,AVAX,42.17140395217203,42.27222975794736,41.38191647996387,42.24508497204476,1065452.1577183346
2021-11-11,AVAX,42.13492151993309,42.91042683169109,41.77863439431001,42.179718275177855,1580449.9727353104
2021-11-12,AVAX,42.63039415455235,43.520805765031234,42.1884877368085,43.10558240587987,1760075.5612861447
2021-11-13,AVAX,43.15100112281481,43.87939054888191,42.856630033579485,43.75075274508129,1049517.8848894225
2021-11-14,AVAX,44.11255139754316,44.94905267392406,43.883257808836326,44.727463410130504,1382713.740816928
2021-11-15,AVAX,45.21269972432018,45.48775739344245,42.411035474669845,42.62789796143854,1975255.408367722
2021-11-16,AVAX,42.275884719453714,42.76205776405008,41.068138832781045,41.25700149886363,1144391.6079633895
2021-11-17,AVAX,41.300525475614734,41.52661526780631,40.110513115977554,40.36968040903859,1298597.442345655
2021-11-18,AVAX,40.25848691325218,40.76844008568099,39.74108788741324,39.847664726334266,1708223.5234495727
2021-11-19,AVAX,39.79138500481287,40.35524306311597,38.0200837445047,38.66061019757169,1410227.2494220843
2021-11-20,AVAX,38.33999827103274,38.868508709569646,37.65490384790371,38.327454329367804,1829593.833204362
2021-11-21,AVAX,38.80164043500048,40.193805893435226,38.61158044059013,39.547355272338635,1159657.06468046
2021-11-22,AVAX,39.74883616219208,40.32129182608289,39.52744468161127,39.876882014568785,1466362.2015987567
2021-11-23,AVAX,39.76270149819253,40.02338172762669,38.96478603074734,39.45167160690947,1185589.0069020346
2021-11-24,AVAX,39.22324720750487,40.130344970327066,37.87519073419028,38.012245857974634,1295052.33196816
2021-11-25,AVAX,38.154785557761,39.50160572871822,37.76076295143364,39.19065918047089,1691323.5224192196
2021-11-26,AVAX,39.51035655014713,40.121341050118595,37.44652465108693,37.99697368637082,1019054.6524976958
2021-11-27,AVAX,37.968662025304425,38.38994288512236,36.35313370934403,36.51240657860518,1894765.281476976
2021-11-28,AVAX,36.88437620263897,37.3424315820791,35.339526150979395,35.65701428420224,1881225.3831237962
2021-11-29,AVAX,35.46018656368679,35.801850085704224,34.793161533386765,35.49691234229817,1310518.292152633
2021-11-30,AVAX,35.75539078451339,37.129244868784994,35.387484065693044,36.65952565172117,1664133.1712050373
2021-12-01,AVAX,36.37819357235933,38.048480271957935,36.101141775198315,37.774855141220606,3475905.8620926486
2021-12-02,AVAX,37.70915273281838,38.00081373715514,35.76184214785618,36.211480352015,1170166.9705260347
2021-12-03,AVAX,35.98161883253056,36.22836534316823,35.14125049780161,36.17372102320645,1754686.9646068984
2021-12-04,AVAX,36.56324186069099,36.88198258323668,35.08741938220975,35.25892375359759,1511444.844094937
2021-12-05,AVAX,35.62537195600024,36.274771470320424,35.17009173861862,35.912110851156115,1520429.0787145984
2021-12-06,AVAX,35.97777286570997,36.293007767341,35.711385110690784,35.73505339670268,1373520.3869448882
2021-12-07,AVAX,36.16696125191718,37.22502377727666,35.55357231182272,36.798208904353096,1846896.470398558
2021-12-08,AVAX,37.1696546282222,37.410352542340924,35.2128534825511,35.63145948229405,1605829.4867000238
2021-12-09,AVAX,35.66753089256046,35.725797487436836,35.34460512695153,35.56523169539421,1756053.8423180133
2021-12-10,AVAX,35.47633788342387,35.542252580141785,34.61751627976122,34.94074952412919,1235523.3256626667
2021-12-11,AVAX,34.758078363019195,35.109090219275004,33.31045172749612,33.55249073416273,1498581.895285138
2021-12-12,AVAX,33.28799040421498,33.51106092891822,32.39548781914218,32.49512293237359,1036003.1351534592
2021-12-13,AVAX,32.18885588677088,32.63559214789269,31.800287773688794,32.34157895431225,1852577.3743316885
2021-12-14,AVAX,32.515917614670514,32.773755262608766,31.16939499114808,31.575561465220716,1128577.7864596786
2021-12-15,AVAX,31.476010472198105,31.754840409579817,29.538505943068536,29.848640824624596,1813975.6821527246
2021-12-16,AVAX,29.65962637651693,30.589736608371656,29.18504329065049,30.21056569036473,1399635.275934194
2021-12-17,AVAX,30.32609540063016,30.635828484766463,29.619111916378014,29.91421794045303,1289893.0418487499
2021-12-18,AVAX,29.789795190177912,30.384618094111868,29.612983105474395,30.15011961841314,1300542.5048514344
2021-12-19,AVAX,30.239659813139866,30.340206254894902,29.347717440023974,29.58316972657302,1999514.1573811779
2021-12-20,AVAX,29.578327305410298,29.85498952796466,28.931827216402947,29.031954920009422,1294472.0784104518
2021-12-21,AVAX,29.060218320758963,29.533515456523673,28.067684175085752,28.151973603612063,1815307.7010243272
2021-12-22,AVAX,28.060054951002765,28.524616871537376,27.77458545997323,28.402730114004,1789499.0714831885
2021-12-23,AVAX,28.17374740360999,28.472569203561704,27.26801257036408,27.291175062688026,1622988.905732446
2021-12-24,AVAX,27.46441023474388,27.48155883661142,26.608730702308915,26.769216830642254,1081699.4467712848
2021-12-25,AVAX,26.62040685737776,26.85257173635013,26.617133677532923,26.633172084398943,1454820.3132267487
2021-12-26,AVAX,26.53115201313401,26.725814130775408,25.49363145542886,25.72569993292195,1751459.344020615
2021-12-27,AVAX,25.65682971198686,26.092804134763252,25.08165969144486,25.14186852960067,1343806.9980304493
2021-12-28,AVAX,25.074594058827348,25.169609665061337,24.47163562236458,24.850593408940032,1220596.8810565535
2021-12-29,AVAX,24.75030623085266,24.87909430719619,23.94812209145902,24.18579662458289,1354482.138007099
2021-12-30,AVAX,24.1365645671992,24.853106229924492,24.12283555288438,24.647634513545913,1005175.5804001989
2021-12-31,AVAX,24.57979868633687,24.903893836485864,24.066912433309312,24.187254398595087,1881096.571285955
2022-01-01,AVAX,24.259007913004247,24.444604639053217,23.88810364208923,24.032755206010993,1946008.5192505172
2022-01-02,AVAX,23.968907330256723,24.1963185889262,23.613507584736652,23.673560533989036,1844756.7362256884
2022-01-03,AVAX,23.829304439669563,25.023149058732052,23.645879415167787,24.5141848905022,1222610.949142152
2022-01-04,AVAX,24.84732406865523,24.848198947123397,24.468848947569104,24.694026073947335,1469911.2371449198
2022-01-05,AVAX,24.741084127802022,25.074767426040978,23.78829059852517,23.792209734302308,1359851.3718098735
2022-01-06,AVAX,23.913895649816265,24.4089905886882,23.516502454500674,24.219040091367525,1231403.4149366645
2022-01-07,AVAX,24.26148174283227,25.787937734312624,23.989931963684363,25.405558379463034,3255268.7410549982
2022-01-08,AVAX,25.22248895852589,25.870983899360652,24.84383765445589,24.997430523993437,1222518.062343322
2022-01-09,AVAX,24.488630601364754,24.751335189132785,23.25004854162149,23.43168893179721,1163063.8279685474
2022-01-10,AVAX,23.46160238352165,23.53877608408165,22.426277304670286,22.74572125785288,1928349.7540935925
2022-01-11,AVAX,22.54438294047414,23.21365034690403,22.073321557041734,22.90404293217941,1767024.3220812192
2022-01-12,AVAX,22.966604119038795,23.352096572601535,22.44820760843907,22.60251286245505,1737582.1762965333
2022-01-13,AVAX,22.573103668089505,22.910812180237787,21.878423564742857,21.889188377526107,1766830.3972312165
2022-01-14,AVAX,21.714492903133664,22.284590516492308,21.519850680123234,21.840806995950032,1283150.8398732832
2022-01-15,AVAX,21.844546764835478,22.112604415143917,20.663497135507573,20.881573581324155,1482930.7288299145
2022-01-16,AVAX,21.035845636985975,21.248359201429913,20.98628215196254,21.191484053896158,1552540.043551116
2022-01-17,AVAX,21.00917128564886,21.041423521185433,20.052523073936047,20.278861735403577,1880096.2729372538
2022-01-18,AVAX,20.18952377620456,20.311902015911212,19.63752025335696,19.85036876492714,1228095.2906285273
2022-01-19,AVAX,19.748946521624628,20.594806892567274,19.50759198567427,20.44823651629252,1808438.2553224256
2022-01-20,AVAX,20.31635736678886,20.407072003069192,19.82486996665523,20.148691659149065,1601611.92365008
2022-01-21,AVAX,19.849128785121096,19.922476812607513,19.25038105855865,19.371343281165647,1593454.3977087806
2022-01-22,AVAX,19.24059421311572,19.646731288915973,19.157537987352555,19.57646791464915,1859828.1406364313
2022-01-23,AVAX,19.513366084081337,19.85139938465397,19.384894249015943,19.789248528645142,1316337.1395458148
2022-01-24,AVAX,19.658215052902897,19.986735059179587,19.53736336858557,19.669095501113265,1075733.4104642693
2022-01-25,AVAX,19.378413264041512,19.5633910966502,19.196306498470374,19.360997696409672,1551662.7281335208
2022-01-26,AVAX,19.17955834622007,19.85486370930648,18.916964480833173,19.471423371682054,1448134.4244058244
2022-01-27,AVAX,19.409233758121207,19.467631257164467,18.238486302158492,18.245922192919444,1854145.110666128
2022-01-28,AVAX,18.22243807799251,18.33311939918195,17.65628415493691,17.682041334437386,1227888.6541086326
2022-01-29,AVAX,17.73460267722177,18.083782708118328,17.520774941547007,17.71891080735475,1116684.4876401462
2022-01-30,AVAX,17.827779601253987,18.127591860546,17.464831499931968,17.67334928018268,1201440.8474693634
2022-01-31,AVAX,17.57559291098231,17.960354807694102,17.19177680726497,17.837205183162503,1285692.3156959817
2022-02-01,AVAX,17.793013767398687,18.151341599885935,17.55040651723642,17.891436512004415,1892147.247471968
2022-02-02,AVAX,17.918051318027317,17.97743971618007,17.376759140839265,17.580459684625165,1258423.6258290997
2022-02-03,AVAX,17.499176537528996,18.15881245193057,17.2814629509082,17.917668973894262,1177159.4649859632
2022-02-04,AVAX,17.899890898473522,18.043735364127674,17.458723245850678,17.61399683493492,1950041.8753483158
2022-02-05,AVAX,17.49654797604748,17.855015413569696,17.2823441643287,17.703317396517125,1640489.223526371
2022-02-06,AVAX,17.917669279363736,18.06897305781667,17.219821250414025,17.461206307831645,1364885.9024031954
2022-02-07,AVAX,17.338023922389098,17.642445445849326,16.95099423481698,17.144492919276015,1406189.1665686024
2022-02-08,AVAX,17.453402131728794,17.584106291799912,17.245189452636094,17.574127220266057,1984671.1962852788
2022-02-09,AVAX,17.56350477483846,17.739626639784642,17.323037050669498,17.489457689260096,1600489.4516045644
2022-02-10,AVAX,17.70275265817449,17.920634703303353,17.579077137065195,17.618194996341053,1472358.8903628
2022-02-11,AVAX,17.804793008179217,18.079347720751844,17.595399845935457,17.97480184958846,1641323.1043106325
2022-02-12,AVAX,17.73286344871774,17.984760020795193,17.694884821497066,17.71149220548862,1887656.9429359303
2022-02-13,AVAX,17.68856614053949,17.9260044825358,17.38430940083751,17.462379528375106,1623955.2633085249
2022-02-14,AVAX,17.34240867907731,17.625121352853093,16.31997540383789,16.447411793905562,1602711.394117574
2022-02-15,AVAX,16.42711220243504,16.597704641276625,15.659293610947778,15.807082905417637,1821577.364150289
2022-02-16,AVAX,15.623414867365351,15.827289218832505,14.518835204216602,14.76707407670265,1348803.9799026295
2022-02-17,AVAX,14.70869589523886,15.01016318695155,14.14905815871026,14.333173453410733,1697709.3085476106
2022-02-18,AVAX,14.268888189305123,14.435049695505477,13.741964110481682,13.902093300061303,1718943.3762452276
2022-02-19,AVAX,14.014391773268894,14.116076879186497,13.786205771844813,13.906728269424173,1913382.08844385
2022-02-20,AVAX,13.700971466700862,14.013515842647212,13.083469862255985,13.171289547910813,1857298.779400506
2022-02-21,AVAX,13.122298120326588,13.26308015225804,12.79994305116026,12.96883998691433,1081480.414672579
2022-02-22,AVAX,12.836707441172408,12.892998107705424,12.411906721642604,12.545833289813253,1979337.9871329942
2022-02-23,AVAX,12.61448184781529,12.683871418311826,12.030273686757699,12.121229788595064,1875788.2326911117
2022-02-24,AVAX,12.045144260256137,12.138312830336707,11.506181577261886,11.681628999779981,1642607.3265189629
2022-02-25,AVAX,11.704166270287272,12.007935263666647,11.582109216811421,11.825961907787512,1589047.2586363114
2022-02-26,AVAX,11.886069702411778,12.210862082490918,11.73770829775206,12.134915930105722,1699578.6200015042
2022-02-27,AVAX,12.143434014367733,12.226805355659362,12.031466032255889,12.199424705600654,1519462.6052589917
2022-02-28,AVAX,12.263100513774003,12.477597805327935,11.993044636337801,12.0934243973928,1062533.6256367844
2022-03-01,AVAX,11.95551116733483,12.110301323003872,11.312419391536345,11.453668736849517,1058514.0257156915
2022-03-02,AVAX,11.477077886969504,11.801819509103264,11.434776417903159,11.707209006500298,1588780.213739108
2022-03-03,AVAX,11.662833974024819,11.808878309602619,11.569181274814923,11.585255842265616,1263098.840449167
2022-03-04,AVAX,11.506693267509945,11.647224963267725,11.206684939928602,11.404952909981146,1512729.6957381412
2022-03-05,AVAX,11.489047396887642,11.745261657446001,11.44759192426757,11.626483454811837,1439414.4206274282
2022-03-06,AVAX,11.654594165316944,11.768442444564297,11.482189582059018,11.55248005887865,1622114.226875251
2022-03-07,AVAX,11.700696133112773,12.01248246726895,11.550802779883133,11.876771119673808,1052657.2763658226
2022-03-08,AVAX,11.931234503280324,12.050842517643535,11.535602274863875,11.625610454532147,1892011.649361265
2022-03-09,AVAX,11.734459132889942,11.735527454902554,11.250545979419462,11.41316352396796,1387704.896170321
2022-03-10,AVAX,11.398113568927188,11.46981632851606,11.295629060037584,11.423941429803753,1546592.6191872782
2022-03-11,AVAX,11.533473810994886,11.61394878687563,11.001380746935999,11.141112345201215,1307487.539676158
2022-03-12,AVAX,11.1070595581027,11.37614842940327,11.10610706723882,11.202342589095219,1583711.2103929112
2022-03-13,AVAX,11.17302653033368,11.178994434382767,10.864606685772213,10.915678786412776,1349730.3474643002
2022-03-14,AVAX,10.926925076330527,11.193431875233218,10.663458134214535,10.817278898853697,1367573.9015461095
2022-03-15,AVAX,10.818763529030923,10.829244185777105,10.648411679748582,10.790839719101822,1137676.9272752309
2022-03-16,AVAX,10.751947774828018,10.969627391121458,10.675398919454016,10.834290833949396,1429193.3821668676
2022-03-17,AVAX,10.84911748267591,10.975332569835242,10.60286741927897,10.754763589386977,1336746.2284049045
2022-03-18,AVAX,10.785765296519996,10.830813705353115,10.728705646540657,10.817221337428808,1718190.07902743
2022-03-19,AVAX,10.766207931148795,11.353410293688716,10.709581273333262,11.194995385857233,3015504.269941796
2022-03-20,AVAX,11.257154796253584,11.571174895549499,11.193117836508794,11.43817019460722,1803239.319090933
2022-03-21,AVAX,11.405834641990912,11.55321440800983,11.175603305126318,11.319017408669783,1239066.1830743726
2022-03-22,AVAX,11.396186758125445,11.628324337698196,11.369644871166166,11.52595287926891,1937481.8699273623
2022-03-23,AVAX,11.417385403579884,11.473697067806137,10.752045089695015,10.952149340803416,1110840.0330441457
2022-03-24,AVAX,10.944808313955336,11.231824118771467,10.849049750149025,11.009168275887365,1894873.5541212175
2022-03-25,AVAX,10.981269096064604,11.45191566117632,10.949030487479975,11.330007086369804,1763887.762710151
2022-03-26,AVAX,11.296956802136394,11.505807950042271,11.175426386201446,11.244806867822936,1671904.7816214724
2022-03-27,AVAX,11.212971069185071,11.316425597516345,11.065485888443403,11.234882372237164,1023052.2497056391
2022-03-28,AVAX,11.26208133602923,11.3562202564167,11.104302270512319,11.181969460703426,1185213.0427669438
2022-03-29,AVAX,11.035407388632448,11.052522854831672,10.905769744616183,11.045197558885395,1149381.0288242695
2022-03-30,AVAX,11.142394436305413,11.179553158434999,10.869880621389603,10.901539838686471,1577385.4683541553
2022-03-31,AVAX,10.85029807038702,10.949008346536916,10.768747264432049,10.827885617514484,1442793.4459093285
2022-04-01,AVAX,10.891262220061948,11.124834754186402,10.600055014430234,10.747963185237339,1018695.8651060476
2022-04-02,AVAX,10.694429104772155,10.821615072711735,10.454121548954223,10.600769442733244,1272744.5342544455
2022-04-03,AVAX,10.557904717816507,10.579579433575423,10.399641197407574,10.487042454602598,1534272.697155945
2022-04-04,AVAX,10.38555994292518,10.39030335126996,10.149236211107565,10.278307740524891,1854877.2351826383
2022-04-05,AVAX,10.277355916035615,10.49979901842203,10.274442096001094,10.464742953376476,1287935.549693238
2022-04-06,AVAX,10.470560991884831,10.663234107806579,9.673902885795423,9.830990264715885,1461449.9842565455
2022-04-07,AVAX,9.737893360293805,9.755000345134059,9.440065887307506,9.500606479610024,1726893.2929686112
2022-04-08,AVAX,9.437595495734103,9.73414688325585,9.362104950299848,9.654187566421353,1183337.6071046598
2022-04-09,AVAX,9.637647919328211,9.796505465973079,9.520409655165132,9.769572310524188,1997645.3062482749
2022-04-10,AVAX,9.787278139433337,10.410275690356057,9.638856947830568,10.21262093679226,3514091.243341654
2022-04-11,AVAX,10.275485819572497,10.418392424505537,9.990956249307208,10.093209623526205,1283471.4902261184
2022-04-12,AVAX,10.167637562769501,10.423532307334305,10.075780426332344,10.30991708288465,1079658.2727484973
2022-04-13,AVAX,10.278569991363119,10.411078734565084,10.045644218236834,10.062514698574367,1350274.9752822344
2022-04-14,AVAX,10.00986649561687,10.095328704050498,9.866506877304591,9.909086247756862,1570887.8925535541
2022-04-15,AVAX,9.909549455950598,9.979858368604388,9.759934231626092,9.877887151572672,1104720.7784456061
2022-04-16,AVAX,9.857571835762554,10.099601843308418,9.733894771330068,9.965001977779854,1544803.593960916
2022-04-17,AVAX,9.941449497885442,10.142941246262545,9.925586966920209,10.108164959481321,1906994.013104624
2022-04-18,AVAX,10.126299426524723,10.315899333231282,10.02996629810514,10.21571846273602,1120007.2574834467
2022-04-19,AVAX,10.185424723586559,10.339173637704958,9.858529393175031,9.877795314754644,1743132.0915534156
2022-04-20,AVAX,9.836856804432466,10.441288331793311,9.69579271402347,10.337964776421199,2982965.379856604
2022-04-21,AVAX,10.35921813256287,10.427799477667259,9.804246292442928,9.897283991549752,1338245.734717189
2022-04-22,AVAX,9.896598232505617,10.151038331935215,9.857801561406404,10.095594533031404,1625693.6883729037
2022-04-23,AVAX,10.078443873951368,10.333328890078153,9.912058752442292,10.31348014358055,1831866.3830224257
2022-04-24,AVAX,10.290646467787084,10.501837657442234,10.229847709598072,10.390042122297897,1270179.5651400483
2022-04-25,AVAX,10.29932520481396,10.369549422050193,10.158885852297498,10.258209157988906,1599113.512343546
2022-04-26,AVAX,10.387719871500792,10.621896824221345,10.313264117857933,10.477653691748138,1946974.9881855063
2022-04-27,AVAX,10.517677532721583,10.551469196033773,10.28449662198119,10.402750800733969,1578614.3191426634
2022-04-28,AVAX,10.362929694396048,10.463841119821929,10.259518910381123,10.296547663929712,1850791.5399836565
2022-04-29,AVAX,10.305816851368032,10.442536444595476,9.879317767027427,9.979503736209521,1787972.223549585
2022-04-30,AVAX,9.968591314621472,10.104333689476436,9.47683257171988,9.701585389073207,1234566.7083285016
2022-05-01,AVAX,9.754825253505564,9.810028581516073,9.254731581719053,9.355101796369757,1562034.4526941655
2022-05-02,AVAX,9.343509629942412,9.614974673566136,9.315054985503018,9.522301049331702,1611303.2369278187
2022-05-03,AVAX,9.433417707648534,9.557113665830967,9.038115802813211,9.053070326897648,1589458.146574337
2022-05-04,AVAX,9.00474176796401,9.363585381566189,8.910635075638444,9.350485223735099,3405830.2495013783
2022-05-05,AVAX,9.401914287469728,9.49334777247573,8.99477497538862,9.120346975783539,1571287.0131907433
2022-05-06,AVAX,9.146440423751951,9.664737681368315,9.064994285800207,9.531358529331433,3155786.5592971863
2022-05-07,AVAX,9.55226524023309,9.664844482892882,9.448308836468208,9.572541436742037,1417022.3332795785
2022-05-08,AVAX,9.487281976522782,9.563982094148558,9.222044590580328,9.310639330455121,1499912.9259981676
2022-05-09,AVAX,9.259155138801276,9.30287254940618,9.120084431050875,9.155408062739513,1613656.4747521721
2022-05-10,AVAX,9.133235760920119,9.3171543651915,9.06138198532926,9.22280017214853,1572544.43893824
2022-05-11,AVAX,9.148867538801612,9.420225978299893,9.062680799294531,9.280688121655686,1737963.9368518335
2022-05-12,AVAX,9.211613564908218,9.546535432328742,9.168071558233118,9.450709442908298,1643181.4227713284
2022-05-13,AVAX,9.358717494026068,9.426802894089583,8.806538238223212,8.828902165966781,1517373.9529281666
2022-05-14,AVAX,8.853514121157986,9.002808114668705,8.55579984584152,8.733252206436205,1459636.6495527024
2022-05-15,AVAX,8.775343621685199,9.11808477829307,8.709033426190912,9.053816405669828,1642198.7557969822
2022-05-16,AVAX,8.976288554655627,9.051018769452496,8.745080328103846,8.925679796041608,1479338.4319226798
2022-05-17,AVAX,8.887917692560098,8.903043568472995,8.637278725613772,8.704153197549058,1392359.6427549368
2022-05-18,AVAX,8.690663450788259,8.792652469506379,8.609738174969143,8.732315426159829,1476248.8481045857
2022-05-19,AVAX,8.59224337461032,9.028408314851236,8.558305135054926,8.92878768168006,3173050.517512895
2022-05-20,AVAX,8.90692171244418,8.97400434710598,8.71450849996425,8.846544802134304,1641785.1868604529
2022-05-21,AVAX,8.947700653201542,9.022690766963066,8.80895552397985,8.924229431793371,1280689.786100054
2022-05-22,AVAX,8.954517211973723,9.141881430619666,8.804476061556585,9.051000246597939,1157307.0875078004
2022-05-23,AVAX,9.066134906071168,9.384537670523926,8.928731208424182,9.330424673585316,1908111.9286210125
2022-05-24,AVAX,9.314827792005648,9.876693138380565,9.159175374751294,9.754404019254029,2453995.452589539
2022-05-25,AVAX,9.76164829284894,9.840719971477416,9.423139897539185,9.531743704600466,1550566.0973478386
2022-05-26,AVAX,9.502633760353811,9.630217959710361,9.23178212226162,9.359517308185431,1813953.839104154
2022-05-27,AVAX,9.346429522238097,9.80787890502854,9.335897827304464,9.723419176800052,2958665.96295135
2022-05-28,AVAX,9.506438332813048,9.516899189334138,9.097461909246743,9.225601431929023,1988484.1706857628
2022-05-29,AVAX,9.150160674493327,9.25773934628765,8.983320934948505,9.069880612346445,1395590.7258471686
2022-05-30,AVAX,9.027120389233728,9.412844826849673,8.85648383208318,9.277407500603548,1135323.2896051714
2022-05-31,AVAX,9.277750069271974,9.555084555940725,8.86888834895124,9.022236473839481,1903878.9971214714
2022-06-01,AVAX,8.98764747441344,9.165865072169892,8.838647808110998,9.040985794154174,1689492.1261380739
2022-06-02,AVAX,9.011737035902005,9.412379786410787,8.879473614379926,9.29631441652208,1242409.9734013646
2022-06-03,AVAX,9.35148404525098,9.736941822531458,9.252365559907112,9.71497243007116,2373583.544482585
2022-06-04,AVAX,9.735237690959194,10.110514087228134,9.608373339752108,9.97891018999061,1418798.9864966704
2022-06-05,AVAX,9.946344643412647,9.974349825181651,9.57319832211912,9.635705256118811,1201297.80349429
2022-06-06,AVAX,9.619949572058449,9.660368573578557,9.483144110010242,9.521649511485057,1081547.5242997615
2022-06-07,AVAX,9.49822085935697,9.718435522318881,9.192516905061725,9.293560079926191,1122717.2394508636
2022-06-08,AVAX,9.340088383713852,9.443434319791184,9.210536611593929,9.213561242055928,1596165.511152035
2022-06-09,AVAX,9.201133819846946,9.578426138942563,9.149472044460264,9.538349724534164,1887823.4913737562
2022-06-10,AVAX,9.50060439565333,9.730908220289646,9.173244937585817,9.178108721519639,1563654.9507719155
2022-06-11,AVAX,9.254932000149159,9.477648302361382,9.186996021487417,9.458566533996565,1096044.0097194626
2022-06-12,AVAX,9.542445748732101,9.626749447723133,9.303838389356335,9.3781299875885,1076310.6672867376
2022-06-13,AVAX,9.300222844880551,9.647690059155,9.219391791225984,9.58111920514677,1011259.3490508641
2022-06-14,AVAX,9.503479064283654,9.773774344179781,9.493714766318543,9.664463966159516,1977470.7007490585
2022-06-15,AVAX,9.73619251419189,9.892874566347922,9.729862364670497,9.77361229732117,1325324.0521222395
2022-06-16,AVAX,9.742890093999565,9.776380070207553,9.532171854049325,9.570215768841633,1665614.8194349296
2022-06-17,AVAX,9.394540253085726,9.534750695768063,9.176066590955221,9.277548116863603,1381181.5575409043
2022-06-18,AVAX,9.331168420222498,9.819447139411542,9.234396897184105,9.6969981376229,2234346.576054701
2022-06-19,AVAX,9.693815918766266,10.135144131328943,9.60769984534775,9.947437083816277,1369823.3531770576
2022-06-20,AVAX,9.879552068878754,10.299552962097525,9.78894437463346,10.236971886998205,1828832.8890672673
2022-06-21,AVAX,10.153122036525861,10.32706920988522,10.03677861504783,10.248696131116224,1043990.106768365
2022-06-22,AVAX,10.215535114763417,10.470239409640916,10.143829564702955,10.35930020907243,1571539.239971304
2022-06-23,AVAX,10.397915186094611,10.781055083089049,10.385606044381223,10.75224892606324,1397638.4110215078
2022-06-24,AVAX,10.892467843921986,10.946314277422234,10.544634627702006,10.614187259949526,1670982.3408873214
2022-06-25,AVAX,10.628984933461448,11.142571460560445,10.624435274895436,11.050453911338996,1885275.8113694047
2022-06-26,AVAX,11.01834454218155,11.176654197162874,10.799994179442237,10.899779931122186,1150762.7971973831
2022-06-27,AVAX,10.88526013156685,11.164265510271392,10.862090605778354,11.014380408069425,1764903.529300458
2022-06-28,AVAX,11.097428875404827,11.5710563445667,10.997615227147334,11.425927508502788,1944469.2515113694
2022-06-29,AVAX,11.508882485857816,11.98485804279356,11.403968486697293,11.798111434307495,1248808.5753179635
2022-06-30,AVAX,11.754496916014288,11.985209106037662,11.582225164835807,11.89742056669983,1819195.6359105424
2022-07-01,AVAX,11.846877862229677,12.427580180599705,11.720606503989886,12.349792734162465,3295233.810465797
2022-07-02,AVAX,12.338340007120248,12.475405811645624,12.108920620854141,12.279196964207735,1708808.3379024898
2022-07-03,AVAX,12.350654839646303,12.513115848516751,11.751405609447751,11.938727437474073,1497419.389443155
2022-07-04,AVAX,11.899465407215168,12.4994891731249,11.774662366076697,12.323774023662208,3059042.0034262524
2022-07-05,AVAX,12.316953480450067,12.449171714110902,12.236163373713076,12.422923213898125,1527584.4305906957
2022-07-06,AVAX,12.3538540168414,12.83996175174696,12.167396687590388,12.729823353836624,1818669.3934073285
2022-07-07,AVAX,12.701227068422568,13.155788393690711,12.648138397289701,13.048724312198123,1457498.7567384804
2022-07-08,AVAX,13.098742137709731,13.534857499981605,12.91778500747208,13.479325883507759,1585789.6514038339
2022-07-09,AVAX,13.566651529187018,13.949074652066198,13.417581967521336,13.923474220699445,1516579.7680273876
2022-07-10,AVAX,14.01135341127452,15.022162276714356,13.869730005512686,14.690353769649036,2032670.3599427
2022-07-11,AVAX,14.73965143881857,15.271209599455617,14.568919712484472,15.240420571622176,1744944.0202316078
2022-07-12,AVAX,15.147017568712839,15.81509602985765,15.039028607565058,15.665067240348577,1302488.4027659702
2022-07-13,AVAX,15.530286516836975,15.86834852142138,15.388913259669486,15.71264899490185,1167307.1423647588
2022-07-14,AVAX,15.878256969330264,16.590154828847204,15.642704744577468,16.326265790784976,1983023.0808513432
2022-07-15,AVAX,16.384180186077046,17.081718587687455,16.31079284662367,16.90811463679775,1802212.5661219123
2022-07-16,AVAX,16.958521489420363,17.484581308445993,16.64037970667672,17.409767527321094,1138166.435192513
2022-07-17,AVAX,17.416496291823105,17.838225590077478,17.29567582426284,17.6927807867173,1884360.1373776142
2022-07-18,AVAX,17.77011744191917,18.244793165926726,17.572201633665323,17.986017586472524,1024839.0044062234
2022-07-19,AVAX,18.032408070637633,19.07399380563453,17.912580741947707,18.888404638506014,2670067.3182573207
2022-07-20,AVAX,18.967571314332414,19.200964990688693,18.812422575441897,19.135133869927206,1690977.1613712555
2022-07-21,AVAX,19.15176024499902,19.59126236751592,18.904216224951103,19.311620117892286,1837267.5211185508
2022-07-22,AVAX,19.48735270462474,19.909366149279542,19.24183447775108,19.44565880704112,1643633.2898409145
2022-07-23,AVAX,19.462040044387024,20.427956288593542,19.2745871799949,20.319117275738016,3258180.0094469567
2022-07-24,AVAX,20.303356274180974,20.401194939864403,19.029839649350034,19.159483597547002,1470500.3343702643
2022-07-25,AVAX,19.241771778282587,19.49059183394307,19.028466602254873,19.203837495744466,1405726.2509893775
2022-07-26,AVAX,18.99968413611369,19.72921530074931,18.94301204223034,19.53060118590466,1686026.91323128
2022-07-27,AVAX,19.548169382634033,20.04697806832051,19.347743337278853,20.03425509122549,1139005.5762712334
2022-07-28,AVAX,20.21687995390484,20.874182405682866,19.939132282750318,20.67173776756003,1499941.3216391169
2022-07-29,AVAX,20.68095995377005,21.2914489340846,20.42211324867463,21.05396970575473,1185888.8374122626
2022-07-30,AVAX,21.10530004079929,21.346797708005678,20.849820403551615,20.884125335901466,1398046.9286014112
2022-07-31,AVAX,20.794549180436398,21.62152203595801,20.653175321177418,21.383356187963145,1456971.6077352667
2022-08-01,AVAX,21.36976284505771,22.32418704638213,21.25202654361297,22.17324342836347,3206406.942361455
2022-08-02,AVAX,22.05340797772822,22.057076890310483,20.37938279593848,20.610366074317458,1652335.8944289107
2022-08-03,AVAX,20.489748000179265,20.607825552431855,20.03365329477941,20.237400022635967,1259007.2206042714
2022-08-04,AVAX,19.9574468402007,21.12187345161925,19.921680209105034,21.057054737569526,3298058.740508037
2022-08-05,AVAX,21.085599584021445,21.515498597342265,20.836327529251882,21.488087163099937,1299057.9758017452
2022-08-06,AVAX,21.36706393526573,22.641415327892346,21.275518904088702,22.58402037853009,1982611.2037743959
2022-08-07,AVAX,22.751048215947833,23.99919154955409,22.745822299387747,23.809395597039043,2475695.6214048774
2022-08-08,AVAX,23.58729511739381,24.011773823885104,23.416468671783644,23.925445118953444,1751062.538874388
2022-08-09,AVAX,23.797018290881816,25.249973702103063,23.498756324824733,25.043644111470492,2144632.7856854657
2022-08-10,AVAX,25.214355489189845,26.84658529912499,24.859210125756007,26.432735968839125,2814090.394098683
2022-08-11,AVAX,26.248791112266776,26.544017507336033,25.983294229077487,26.220142476283772,1624146.6465102492
2022-08-12,AVAX,26.280755316472625,27.082117406543595,25.87474887630867,27.072476222519555,1967662.267651086
2022-08-13,AVAX,27.152148636003105,28.69270613594388,26.952617095234704,28.360762998520986,2591649.2888065884
2022-08-14,AVAX,28.071907575096496,28.36953649877892,27.251228207809344,27.39853977088134,1060640.5049914706
2022-08-15,AVAX,27.22354203620761,27.901831396201406,26.461989503610276,26.629600493822963,1763628.318591651
2022-08-16,AVAX,26.68629863675135,26.860988312857373,25.892728508107588,26.209031838324293,1910082.8364208252
2022-08-17,AVAX,26.00082471972457,27.508454250186126,25.823427628486765,27.32798944548296,2154108.2725099325
2022-08-18,AVAX,27.346955412005073,29.247575720943583,27.143757133161298,28.906828397681274,2960631.693899463
2022-08-19,AVAX,29.14948588305069,30.000870134042717,28.93012011093831,29.573406397657262,1299852.9325009054
2022-08-20,AVAX,29.83056549474064,30.2458411609004,29.63612209867769,30.229437192421905,1273233.3220916842
2022-08-21,AVAX,30.185656373470767,30.378426131026945,29.412568485636463,29.719569584337705,1736355.1038565189
2022-08-22,AVAX,29.696861649986655,30.17625156792097,29.45845275745444,29.72530642113357,1017977.0989973504
2022-08-23,AVAX,29.78932292363235,30.245943428559663,29.515267592702077,30.119000990546088,1169685.1380716888
2022-08-24,AVAX,30.097480337529728,31.70726718066684,29.76358830392571,30.844136355222822,1843400.1007420816
2022-08-25,AVAX,30.9162724668555,32.40968990340676,30.70033813949016,32.062415396470264,2154176.017204721
2022-08-26,AVAX,32.29437271028795,32.86514641204634,32.103891334197435,32.47666124010844,1363326.3891214838
2022-08-27,AVAX,32.200090585406684,32.60448056776588,31.707419097876638,32.238480638265045,1586371.0062063364
2022-08-28,AVAX,32.34898414520296,33.50099449152982,31.924917742707994,33.210611530994655,1106340.8552749534
2022-08-29,AVAX,33.07070151704064,33.43506764219545,32.40003145196741,32.57130342758759,1818994.7622964669
2022-08-30,AVAX,32.653882681959296,34.434367682915806,32.184061186344564,34.3086973289768,3092351.175714599
2022-08-31,AVAX,34.35028601732846,34.80915285249722,34.09917291154569,34.77190120426491,1227395.0380400354
2022-09-01,AVAX,35.15200438920753,35.32788573195815,34.75740216512999,34.812997203969154,1959870.4010159872
2022-09-02,AVAX,34.62232232854069,35.39740995025107,34.20815895775676,34.538913036051554,1966481.6262631204
2022-09-03,AVAX,34.60076937993083,35.57271423475174,34.21940957128729,35.16703724834846,1228145.3492390774
2022-09-04,AVAX,35.1318019264657,36.02846826279509,35.01933669775914,35.97128827512647,1225925.697179448
2022-09-05,AVAX,35.61755890388635,36.51042331164698,35.54791347783882,35.69539171122957,1951973.4140981175
2022-09-06,AVAX,35.39234532243151,35.813898204392295,34.58758465342622,35.14888897383165,1440810.7903479792
2022-09-07,AVAX,35.19360645312502,35.53867690364793,35.170948972050915,35.37826103494344,1223710.7343042663
2022-09-08,AVAX,35.20308595270181,35.35249733168159,33.87304655001378,34.0579762937954,1834551.7140837987
2022-09-09,AVAX,34.044199238535256,34.22666736816331,33.40590335047445,34.08782423744787,1399006.3170129051
2022-09-10,AVAX,34.28334023095958,35.462904109941434,33.828280078441196,35.349880479238074,1009506.5377233883
2022-09-11,AVAX,35.15417659150684,36.29199980046133,34.685858101670725,35.73612316806342,1881882.5048023704
2022-09-12,AVAX,35.752134434172135,36.23608422627967,35.46086239800605,36.00295794370512,1322475.8485187278
2022-09-13,AVAX,36.06202446570186,36.55719750476714,35.14305602198921,35.2437597525735,1898148.4279643332
2022-09-14,AVAX,35.021829672000976,35.762141195299996,34.77707203526843,35.38384747299326,1484036.608212833
2022-09-15,AVAX,35.672542664400886,36.257570466504035,35.11253120661861,35.6228751554661,1908536.6916050457
2022-09-16,AVAX,35.79505785413396,37.6121333739423,35.354319752245544,37.183839270708894,3224397.115218521
2022-09-17,AVAX,37.45909323671838,37.787557782849426,36.56486936943932,37.11191975554497,1888488.0476356663
2022-09-18,AVAX,37.04325990380676,38.842791439398546,36.44779695115321,38.398951301444605,2025199.0339855785
2022-09-19,AVAX,38.33596788932384,39.16956703315411,37.98396784188275,38.78430394375751,1774691.330666018
2022-09-20,AVAX,38.59710132705475,42.0643843838324,38.36213892106261,41.6381183106468,3335817.4538656054
2022-09-21,AVAX,41.71375264809364,42.13011485330668,40.39673538908327,40.87452601426623,1554591.1453215373
2022-09-22,AVAX,40.286893858227565,40.60245890522847,40.05984679906658,40.103685235858045,1502608.8895657787
2022-09-23,AVAX,40.18957151161314,40.958872314089675,39.404361006068605,40.47118801429351,1282976.5867087578
2022-09-24,AVAX,40.75072548323462,40.892492861018795,40.30280733115442,40.56630419839866,1137744.1684016772
2022-09-25,AVAX,40.562677965768096,42.59288659837627,40.04585175714934,42.050060186942964,2024980.993195249
2022-09-26,AVAX,42.27829854094518,42.54324544465667,41.94722301118866,42.49021520351053,1216775.7009620704
2022-09-27,AVAX,43.050627421202485,43.4858511455049,40.61216086359511,41.136721675845806,1985804.6910584497
2022-09-28,AVAX,41.27504577490014,41.477293732809365,40.151098435476975,40.55300135661691,1814900.1522579696
2022-09-29,AVAX,40.50031635160139,40.5212851723174,40.16745554398624,40.43957919352801,1648195.1101706414
2022-09-30,AVAX,40.417631979564,42.3523333407456,40.01748817240808,41.389767305452565,1633324.0852542063
2022-10-01,AVAX,41.37487062264779,42.10406491069988,41.058159791158204,41.95967228542278,1710386.1583613842
2022-10-02,AVAX,41.99879993807402,43.3900999119568,41.45059663902307,42.757323375877796,1506298.7439270809
2022-10-03,AVAX,42.53744455811993,43.83998888364183,42.32316700365109,43.142921258937065,1997053.0584448455
2022-10-04,AVAX,43.230464517621854,45.732789434606765,42.30315894062426,44.966402895308846,1804795.9507580441
2022-10-05,AVAX,44.354547143855285,45.6971717553019,43.92936206208912,45.21565321545228,1386437.9852512183
2022-10-06,AVAX,45.362113764647724,45.88625986113601,43.900161830682705,44.36548013985317,1868642.4967277504
2022-10-07,AVAX,44.608048778566626,45.064757852779294,42.80267905081366,43.80135343274247,1917153.9153724143
2022-10-08,AVAX,43.80489053328671,44.5007708975196,42.60335504880581,43.26605391292751,1743742.642077815
2022-10-09,AVAX,43.03862150502528,43.66170738262469,42.45519180834693,43.238234365108205,1929878.6085083408
2022-10-10,AVAX,43.4927040195349,43.93060258934487,41.81452543835359,42.104001093539864,1358561.7000005622
2022-10-11,AVAX,41.96434687740213,42.42189905076013,41.53804327960907,42.37959537014488,1163459.533079084
2022-10-12,AVAX,42.21794299635673,42.45942345428606,41.336644031722074,41.88564268692538,1857972.0987759589
2022-10-13,AVAX,41.71431645829094,43.67077292147895,41.28751771017974,43.53970453758829,3501966.1412450057
2022-10-14,AVAX,43.74406292754725,44.14813389708691,42.53245384714586,42.91608298274238,1529793.8598300794
2022-10-15,AVAX,42.71955380541002,43.80673598477076,42.64395488828667,43.624365109332395,1856079.0219034434
2022-10-16,AVAX,43.62094336483674,43.79918738703056,42.709282823190755,43.34983770994199,1156479.2254086328
2022-10-17,AVAX,42.78530364761404,43.266664623565816,41.978979589266046,42.29911764345798,1824955.4790044038
2022-10-18,AVAX,42.030559526238626,42.13276797106272,40.38724626170771,40.83918275523579,1151971.8568021124
2022-10-19,AVAX,40.50287108148933,40.93469161577797,39.79377614053986,40.65697313738769,1058326.4046653116
2022-10-20,AVAX,40.46112138932886,41.084688925116296,38.283602295434456,38.8419039511831,1192384.5042900455
2022-10-21,AVAX,38.534666199183334,38.76314604481322,36.53483109810343,37.11390270805335,1679006.8021355236
2022-10-22,AVAX,36.617968873095364,38.23039031057471,36.119509346603756,37.649910599398254,1039765.5765123421
2022-10-23,AVAX,37.91403162298667,38.57493626289017,36.57911180483562,36.810139522038256,1979919.8635680329
2022-10-24,AVAX,36.830799296837114,37.84027288447248,36.462292309440215,37.22350252261312,1918754.919603893
2022-10-25,AVAX,37.27898408023191,37.63976653477094,36.81391111417439,37.521485958614264,1812819.477713252
2022-10-26,AVAX,37.48780539370227,37.95491468567667,36.10589024541893,36.60153038766204,1631922.2725585226
2022-10-27,AVAX,37.036033375159164,38.6487942290188,36.80451856767768,37.96265702292163,1869297.6530498746
2022-10-28,AVAX,37.857542367356686,38.2089184812171,37.30622929984831,37.97254510179077,1415804.4760308948
2022-10-29,AVAX,37.84411133533934,38.50994406937564,36.83353427264717,37.20584418098089,1252873.0483026148
2022-10-30,AVAX,37.325857178437545,37.74453624920671,36.969981808192045,37.70503590285112,1546686.2630348525
2022-10-31,AVAX,37.50087164453652,37.74292492536044,36.417284652057084,36.717692435490434,1890142.5714212197
2022-11-01,AVAX,36.83396728808019,38.237669248567634,36.466505915252185,37.9208483101957,1674135.152089012
2022-11-02,AVAX,37.60517738972835,37.65621680567132,37.23359157542161,37.54569097017621,1156372.023966485
2022-11-03,AVAX,37.711068051108356,38.410320815333314,37.27073538986265,37.74679462822697,1164742.5134045943
2022-11-04,AVAX,37.67080341387213,38.14276885502971,36.540182973341736,37.1263925586633,1340759.9839678635
2022-11-05,AVAX,37.21030888413735,39.25891055861327,36.97650612206521,38.73878144741828,3585823.915575072
2022-11-06,AVAX,38.733312339500245,39.09133514973274,38.37846325449765,38.62719538144669,1475716.610429914
2022-11-07,AVAX,38.899658734920465,38.904793638650936,38.31263970784984,38.88933835378338,1168227.5055746862
2022-11-08,AVAX,38.82119602663443,39.34807523872968,37.9797699374099,38.22191590436192,1395348.6660930174
2022-11-09,AVAX,38.674314034616074,38.8372921187119,37.644237360600066,37.674756344603,1756098.9195811488
2022-11-10,AVAX,37.9028389219792,39.31072844342608,37.39377433882818,38.866119082615135,1182383.4733373907
2022-11-11,AVAX,38.79744480201061,39.064342213348105,37.163526209043624,38.00227761946836,1498422.204761269
2022-11-12,AVAX,37.91128978870258,38.07681289695374,35.15310796510991,35.624645333669946,1912822.0880894922
2022-11-13,AVAX,35.21647116255714,35.426526740075424,34.858708193522865,35.1593037409476,1295484.9131103011
2022-11-14,AVAX,35.187442423196856,35.619640140978376,34.20510773332331,34.72340094388287,1840051.3800618667
2022-11-15,AVAX,34.85056296553319,35.00705449353274,33.51379464733202,33.6124767499458,1784414.472049677
2022-11-16,AVAX,33.75219863341064,35.03240674579233,33.4630111987054,34.95557843247795,3295608.19573156
2022-11-17,AVAX,35.19873887943521,35.37881534856539,34.33836343679071,34.64168548902824,1475215.414140425
2022-11-18,AVAX,34.471350054035454,34.92025224007451,32.95944223693397,33.283574187081534,1501403.4783482065
2022-11-19,AVAX,33.179687298115375,33.475386024217414,31.96588815042824,32.307786849411514,1421615.066289232
2022-11-20,AVAX,32.295058705193206,32.62827706591768,31.83026077370807,32.093695142854926,1573231.641814826
2022-11-21,AVAX,32.13360788027544,32.47789438405498,30.963491779371147,31.334799747839043,1628181.9242744495
2022-11-22,AVAX,31.050405606531243,31.280775591926435,29.66090029182228,30.018511740772787,1514151.1806982383
2022-11-23,AVAX,29.87658188832779,31.45139031821086,29.742137472522266,30.96201673504721,3444749.809401394
2022-11-24,AVAX,31.481364805431113,31.55451259248982,30.360583515022043,30.53608433739312,1420797.8262499233
2022-11-25,AVAX,30.567462902277438,30.990342560727377,30.45969010213719,30.703964849042972,1439355.5906635518
2022-11-26,AVAX,30.530754441528998,30.903827980142935,29.92713263960226,29.97555499288011,1451673.0596919816
2022-11-27,AVAX,30.032528837101314,30.120937310254586,28.630149469724397,28.85374233954993,1054658.5723728272
2022-11-28,AVAX,28.55930256560745,28.933883429107734,26.775530988906922,26.910044310354326,1297116.15472275
2022-11-29,AVAX,26.838983151706323,27.151002872375155,25.806801809668297,26.225675011455053,1468637.8841242888
2022-11-30,AVAX,26.20849656082718,26.32861011115002,26.172924091711224,26.26440626278756,1553748.3329704069
2022-12-01,AVAX,26.317685733811054,26.650063728817916,24.98150216666215,25.361163959712837,1873138.6343394131
2022-12-02,AVAX,25.481597835350538,26.25480037666432,25.14179484687074,25.893602719225694,1014265.3581561834
2022-12-03,AVAX,25.88192003750636,25.929121132949682,25.18123344330383,25.208082323887957,1920185.5600039945
2022-12-04,AVAX,25.306789965454662,25.335180912767996,24.941923745926353,25.19900992645334,1075815.5042977226
2022-12-05,AVAX,25.298778654246714,25.703187029331414,23.77411831015806,23.95139239371893,1190490.2182634524
2022-12-06,AVAX,24.306931096316365,24.459986297423548,23.685256648454327,23.857153166488235,1998615.1196277766
2022-12-07,AVAX,23.79357262917676,23.96868250763036,23.214671854782388,23.45461649259591,1367447.6145132242
2022-12-08,AVAX,23.43392737677798,24.050159632841652,23.28095809473849,23.986669641792506,1121025.277268485
2022-12-09,AVAX,24.012604918237972,24.179483679193137,22.649128921644223,23.10820340088298,1447891.8304742153
2022-12-10,AVAX,23.078055341519224,23.74818119471491,22.70762677185416,23.38954235019361,1182311.5749896446
2022-12-11,AVAX,23.240281533082626,23.338259971364504,22.80503003979785,23.147934102879365,1907648.8429127033
2022-12-12,AVAX,22.969124694559913,23.532596115403464,22.864702996875657,23.379742378832912,1545404.8837907615
2022-12-13,AVAX,23.415109984801955,23.64448428524495,22.722212132464815,22.98798011848071,1457827.5269421965
2022-12-14,AVAX,22.953654626744598,23.276016198180397,22.521111903446663,22.775029329883463,1797774.8392054029
2022-12-15,AVAX,23.01897150320237,23.375357020234393,22.781562689448204,22.9246332079603,1524528.8734815796
2022-12-16,AVAX,23.031123030240465,23.441537877433255,22.62337680446961,22.65359912794263,1978168.969832763
2022-12-17,AVAX,22.680350064266996,23.130550311294414,22.618745944902212,22.681469099365614,1666878.7351178334
2022-12-18,AVAX,22.83763219324126,22.97100397528857,20.593147864309877,20.928326743792365,1023447.6322566479
2022-12-19,AVAX,21.08403730463982,21.304729128072722,20.56285860638715,20.721123820089193,1558237.5291276604
2022-12-20,AVAX,20.633973525733268,20.851920827623896,20.02284617810444,20.086408377630818,1325897.7783777975
2022-12-21,AVAX,20.02781965513323,20.588131066869668,19.704003950428717,20.373378509790268,1255440.2028955657
2022-12-22,AVAX,20.360137194800252,20.63905250359144,19.79337512100521,20.000686670313783,1997930.6941873338
2022-12-23,AVAX,20.097329152565834,21.0596277856116,19.89123458355529,20.889666100831317,2801139.5801361497
2022-12-24,AVAX,20.824416947560884,21.052821476417638,20.599071000082876,20.929673020323563,1085939.8573749396
2022-12-25,AVAX,21.073800136451275,21.453157398585986,20.993582714621986,21.0083524422446,1469640.5868836099
2022-12-26,AVAX,21.04993110421753,21.27535884227829,20.84409127330875,20.886910783744476,1336650.2596372261
2022-12-27,AVAX,20.90899258928093,21.74033418455207,20.816040096265894,21.33604327699284,1776026.461785931
2022-12-28,AVAX,21.39827121566873,21.56773499267907,20.290227539388162,20.391021676994637,1740199.1868262866
2022-12-29,AVAX,20.388026052805404,20.73969998135566,20.238431368214748,20.40341578148159,1068546.8825316685
2022-12-30,AVAX,20.467803440627492,20.637800332830402,20.32498564552992,20.405436232137884,1811652.7532524525
2022-12-31,AVAX,20.359765096814332,20.63643738893853,18.97743173958002,19.19508432799138,1416255.7479102153
2023-01-01,AVAX,19.2717140865224,19.543081996759472,18.565632729602353,18.815818538707195,1489470.4372082255
2023-01-02,AVAX,18.796261170265034,18.989341860639808,18.33691626676246,18.509884619297274,1171790.4801847113
2023-01-03,AVAX,18.71203152443955,18.91944070581288,18.571127792044866,18.655403997484797,1113570.8096128497
2023-01-04,AVAX,18.558197979604376,18.89783943089909,18.443332428725153,18.612960691610915,1273769.29057085
2023-01-05,AVAX,18.62505072927657,18.848777172788868,18.013843897266447,18.30143609900931,1462914.6467212213
2023-01-06,AVAX,18.532056203782584,19.053386712625898,18.2731528262548,18.850619066843397,1807727.4979203932
2023-01-07,AVAX,18.95194822487433,18.958095224483625,18.11621268923599,18.428433920700385,1589640.0302680272
2023-01-08,AVAX,18.440999826385372,18.66295867218446,16.801634588997604,17.012980122185784,1478433.1338586556
2023-01-09,AVAX,17.19151140495518,17.850828972484198,17.072054423114725,17.662217214877817,1883891.0091156266
2023-01-10,AVAX,17.694208392945452,17.945866855149156,17.61566932089971,17.8539644115984,1953260.0813958477
2023-01-11,AVAX,17.891894449249264,18.156292420445656,17.478868928268867,17.747507503200183,1249043.9305465035
2023-01-12,AVAX,17.553364103609393,17.702590771914387,16.517596242719822,16.702123933770576,1259938.0284501791
2023-01-13,AVAX,16.587332280535612,16.643709487794734,16.467682370460736,16.484987669280873,1511465.322531337
2023-01-14,AVAX,16.500396321056844,16.80935715928827,16.03630084223115,16.191063424824524,1608454.3941558022
2023-01-15,AVAX,16.3343511013221,16.48685234035017,16.19053470417625,16.416179205600788,1836621.766562936
2023-01-16,AVAX,16.57395076398256,16.887393308023878,16.50540645112245,16.857277795946104,1733605.9706343722
2023-01-17,AVAX,16.87853369276539,17.112109606712814,16.688312415249246,17.047326316358816,1799253.5888861595
2023-01-18,AVAX,17.17478689398079,17.27236758837515,16.374283104981114,16.40481990619678,1086904.902252941
2023-01-19,AVAX,16.382606897889627,16.545337900608445,15.241308434348703,15.362768626732281,1305896.003118587
2023-01-20,AVAX,15.344093984389307,15.59376320754213,14.89401223215606,15.090003434110708,1568143.5362937886
2023-01-21,AVAX,15.177198204429192,15.379239936674338,14.872840647145292,15.019770851652874,1374852.0501993028
2023-01-22,AVAX,14.991981034084963,15.391667417448915,14.890386922134851,15.307643679066238,1578723.0583669445
2023-01-23,AVAX,15.219289634084923,15.302799724322988,13.928725297336529,14.144996511237064,1114658.563362571
2023-01-24,AVAX,14.143809396152838,14.36146353083277,13.832674277982928,13.960333385409873,1260308.075958119
2023-01-25,AVAX,13.983037413665416,14.443966290846165,13.942049369740795,14.273048668896276,1867508.685860626
2023-01-26,AVAX,14.293547744730168,14.379626902409047,13.760284932435633,13.763183375625296,1907672.1056030404
2023-01-27,AVAX,13.809441193973601,14.019742084766804,12.953970149170464,13.097784487087315,1165958.110410244
2023-01-28,AVAX,13.063255414088127,13.106745622499533,12.841541757805524,12.961947191715462,1347934.690302947
2023-01-29,AVAX,12.980573012183596,13.159716992881005,12.85722079981342,12.997368757657581,1763229.3896009594
2023-01-30,AVAX,12.892996391868689,12.918458804091054,12.32258847873062,12.509687257314177,1323346.2413748377
2023-01-31,AVAX,12.548843325606759,12.782824005252474,11.955835163001135,12.036832651796376,1384751.5529372145
2023-02-01,AVAX,12.038046192221813,12.15381339806898,11.675115984429995,11.789461638958272,1299055.5166733516
2023-02-02,AVAX,11.821360625107832,12.168585479738281,11.69191049593391,12.070973368693709,1134113.937701987
2023-02-03,AVAX,12.025780688738282,12.255045529257805,11.958766917597783,12.041487744783833,1692357.9838967524
2023-02-04,AVAX,11.930009862390465,12.059343589143898,11.402650298743724,11.47969430182361,1745867.9833330025
2023-02-05,AVAX,11.582672916594781,11.673794298360098,11.073649523857963,11.219715604746252,1333653.3470192708
2023-02-06,AVAX,11.263661527768832,11.27795376718695,11.140604472701254,11.151215031158033,1966512.4915533508
2023-02-07,AVAX,11.248335212030915,11.484474739650901,11.19719838278517,11.318625013852174,1100565.2616516862
2023-02-08,AVAX,11.21600075902408,11.276283610071774,11.129926381189275,11.264143174635294,1310879.5597347203
2023-02-09,AVAX,11.327171307623086,11.537243992953211,11.223129642556877,11.331432474378296,1691728.7879743981
2023-02-10,AVAX,11.48307111706887,11.588386793223583,11.000113599322546,11.072577273217929,1976169.5770139669
2023-02-11,AVAX,11.124599959360717,11.137854894615364,10.930579040635354,11.089159986986456,1750596.8506442548
2023-02-12,AVAX,11.033442936929564,11.048386707489396,10.238687774981395,10.343035675394676,1732659.6758180736
2023-02-13,AVAX,10.405658609440703,10.460855325482914,10.404723432607215,10.457774132292435,1377332.283529112
2023-02-14,AVAX,10.450063668604871,10.545222919540775,10.303298794327453,10.489829767461382,1631627.153867833
2023-02-15,AVAX,10.505398605097003,10.636529499936415,10.383796872673392,10.448892794398706,1092602.0510263504
2023-02-16,AVAX,10.488262728212584,10.633009013726381,10.353852027555213,10.504020517017452,1959029.2312962394
2023-02-17,AVAX,10.565989357475441,10.70058265724132,10.144572780460397,10.202889652401993,1897888.5330969514
2023-02-18,AVAX,10.095602264326171,10.531658810123753,10.018575950100905,10.421120129586575,1902155.8116325461
2023-02-19,AVAX,10.364751313775159,10.479315093688713,10.283056783481342,10.335274890816377,1403088.2940899592
2023-02-20,AVAX,10.301442243286631,10.629242832783023,10.27620749341991,10.458145133291733,1533382.5048257087
2023-02-21,AVAX,10.350704362288337,10.702572974805115,10.291679115312732,10.593555738741196,1810497.930935215
2023-02-22,AVAX,10.53063000802942,10.533988330152848,10.180235158919553,10.262245538066722,1285337.5884281574
2023-02-23,AVAX,10.235834714500156,10.335117053857333,10.076705845702753,10.16224755997417,1166459.3039740722
2023-02-24,AVAX,10.189493416115804,10.258728609161198,9.54027068191528,9.60611514802169,1887676.7706951215
2023-02-25,AVAX,9.59760485542429,9.626038570965862,9.206172798524085,9.262795453907335,1265389.539291548
2023-02-26,AVAX,9.360341465720541,9.371888039342172,9.1922931847209,9.34026020747329,1769973.999953303
2023-02-27,AVAX,9.258037947763967,9.266564878006955,8.972146802448167,9.063316679609256,1756418.11418707
2023-02-28,AVAX,9.088259050955081,9.312643811982559,8.586007189856018,8.704968130206048,1681853.2658956014
2023-03-01,AVAX,8.73908548007303,8.839411207156179,8.316386238688379,8.457249815774478,1864817.1175667914
2023-03-02,AVAX,8.434044077357315,8.849777613109035,8.317517809292976,8.773790331507652,3057451.846649627
2023-03-03,AVAX,8.844804300921805,9.019498933611501,8.566521787982339,8.599918336782704,1790463.0768291233
2023-03-04,AVAX,8.543950353330363,8.548886921091738,8.378938089494891,8.398968135927854,1684326.3890915127
2023-03-05,AVAX,8.397164758192016,8.644090347428623,8.280397990096453,8.64350923922864,1480741.132125417
2023-03-06,AVAX,8.651060012488152,8.761684223773912,8.330259819412777,8.434020568579667,1363523.573988273
2023-03-07,AVAX,8.460139419371117,8.735335545757774,8.441674878601505,8.616026518417407,1949763.074730953
2023-03-08,AVAX,8.630255666639473,8.726107463747706,8.509305815906464,8.615766532740404,1173724.0948866673
2023-03-09,AVAX,8.656775991735628,8.749308964278057,8.575742123949567,8.69437096989637,1912237.9561690134
2023-03-10,AVAX,8.70993127279324,8.750161210636605,8.592230645364479,8.655503995739714,1253735.1172909443
2023-03-11,AVAX,8.645043033793302,8.68423352122624,8.342044511455732,8.4427050032618,1987961.5592169978
2023-03-12,AVAX,8.407512171774439,8.420007706421174,8.058904914649371,8.100592641356716,1748869.544640354
2023-03-13,AVAX,8.104697398855148,8.377325243921266,8.018727266351453,8.34138773939728,1176413.5616885084
2023-03-14,AVAX,8.389663628322447,8.471323816964535,8.184582981730015,8.296347685591739,1964859.6909370318
2023-03-15,AVAX,8.226214186626542,8.250195443645955,7.674769201596251,7.724740600555033,1213887.3343209117
2023-03-16,AVAX,7.755097525027107,8.301203318385916,7.683696199849291,8.145375410053488,3250896.3330548224
2023-03-17,AVAX,8.176341035305759,8.2178089631617,7.962799473199078,8.068695126776028,1217428.6743057768
2023-03-18,AVAX,8.02999579094238,8.09335972359938,7.624425850002812,7.753188867559607,1150926.7200324044
2023-03-19,AVAX,7.826055532661386,7.892242762154661,7.7335858903390315,7.766977212670564,1395406.7535189637
2023-03-20,AVAX,7.7180342495683,7.949206491418199,7.642589524635968,7.926867728589169,1745876.257804239
2023-03-21,AVAX,7.970174919729182,8.17784468943697,7.8995999595210655,8.091692541840425,1937110.0531982903
2023-03-22,AVAX,8.079701090669904,8.26515578145046,7.977256716876578,8.175095795863063,1719846.835353334
2023-03-23,AVAX,8.233704963444726,8.525891831464344,8.089014298019567,8.434899392706901,1197980.6009176741
2023-03-24,AVAX,8.507953237832576,8.86662189232628,8.431261897585902,8.729788538207227,1419709.943934865
2023-03-25,AVAX,8.73668721023118,8.825811325804318,8.534654786038798,8.670024211518353,1317293.2765675243
2023-03-26,AVAX,8.663001273831288,9.075924766533703,8.562305982941906,8.948325990470051,1383271.6429771562
2023-03-27,AVAX,8.995293431175993,9.043438230722563,8.868021677938497,9.024845448849362,1041661.954561798
2023-03-28,AVAX,8.98988062036911,8.998836281621884,8.852496098757399,8.900455671816994,1316885.302298351
2023-03-29,AVAX,8.891197882479648,9.101952221183009,8.747551200230898,8.989380372792496,1096089.7716820943
2023-03-30,AVAX,8.928072932926803,9.155462281316948,8.912197866317975,9.10109679830284,1235087.0662849934
2023-03-31,AVAX,9.064144791015224,9.163382219023312,8.7866591275733,8.806215961457994,1534270.696235187
2023-04-01,AVAX,8.79490783605299,9.090818008080971,8.73802261728193,9.018701173039407,1733831.2772659883
2023-04-02,AVAX,9.117326621572694,9.20536277691144,8.939895351632142,9.058561351529596,1157896.4762118654
2023-04-03,AVAX,8.982225800690037,9.067274141450916,8.880142632878027,8.980426593569488,1364497.3845143993
2023-04-04,AVAX,9.08925867601814,9.455651395464288,9.021053301589204,9.43784952447937,1845782.5442695543
2023-04-05,AVAX,9.365814194306008,9.516763238960918,9.25274757357562,9.439340502037092,1147656.2556508863
2023-04-06,AVAX,9.351445917094626,9.535060857717411,9.273755888706127,9.329255929431861,1110712.9842070637
2023-04-07,AVAX,9.265192339177405,9.6037732465282,9.23695991075095,9.520134086431778,1261044.3270582473
2023-04-08,AVAX,9.505245974341628,9.57127065775148,9.38630842588245,9.473609251419727,1292441.8403687223
2023-04-09,AVAX,9.550612245071704,9.693327957706092,9.43975724937736,9.533816655770687,1052863.612259994
2023-04-10,AVAX,9.590528240341829,9.71962572756426,9.190066311641859,9.223260087695095,1406119.5395786522
2023-04-11,AVAX,9.198111456157157,9.365457133920582,9.14281594147233,9.267910047795436,1214277.7592845326
2023-04-12,AVAX,9.228921422496025,9.61499057975482,9.099106094478746,9.523693736295801,1524867.5535910325
2023-04-13,AVAX,9.5757712197138,9.646859846223776,9.244496270908114,9.293628070695101,1965399.510465284
2023-04-14,AVAX,9.258798006483845,9.44868441182933,9.225102080335587,9.326074036439183,1602154.4447166421
2023-04-15,AVAX,9.3489945964494,9.74216900958017,9.242614511448318,9.63277040989532,1763735.9329995518
2023-04-16,AVAX,9.570581279486758,9.91951722578688,9.485024841305627,9.808258072967355,1655865.4485614887
2023-04-17,AVAX,9.85285029386208,10.192811392521799,9.797414609109842,10.098669888589383,1907577.6615863615
2023-04-18,AVAX,10.147585832087147,10.707264818122518,10.07851813881586,10.629108951659765,3127989.6201211195
2023-04-19,AVAX,10.518246627710695,10.61673819159745,10.244901220420566,10.31026730837411,1701511.9564004336
2023-04-20,AVAX,10.377293777425805,10.525281436268779,10.341606897231767,10.442805052267829,1697972.6435163775
2023-04-21,AVAX,10.384097693286856,10.540011442264005,10.279929688302238,10.454571390793037,1074123.1113248407
2023-04-22,AVAX,10.507972098367748,10.969963439432277,10.413675811210979,10.752909807141432,1858696.7276225574
2023-04-23,AVAX,10.627911567165862,10.672239630709214,10.377554736652117,10.47027188207377,1879909.6572209222
2023-04-24,AVAX,10.526483359889731,10.825610517108627,10.472030222998102,10.742923691279083,1396593.5802383178
2023-04-25,AVAX,10.600107614669364,10.77418648663661,10.132586088445068,10.248964775876827,1214997.1684034625
2023-04-26,AVAX,10.372540701309195,10.452489274105668,9.962610455254154,10.008614011385308,1576690.716525365
2023-04-27,AVAX,9.953963813983462,10.303575165815774,9.899637998732512,10.155253086167733,1008244.6951165225
2023-04-28,AVAX,10.20136753828407,10.227699268110069,9.921904474282483,10.042032924746122,1939183.1257805093
2023-04-29,AVAX,10.033564447267866,10.152755513588168,9.924343243399793,10.053344028740874,1101171.0680558644
2023-04-30,AVAX,10.104812231737615,10.288059366473554,10.023619901672824,10.216105716211164,1271889.5505360912
2023-05-01,AVAX,10.219044646641962,10.441874906232297,10.155592958416204,10.36314013820018,1674458.5339862413
2023-05-02,AVAX,10.340644279102827,10.362835065395718,10.22054654626484,10.287021136532749,1251521.1490000456
2023-05-03,AVAX,10.302942912532389,10.464455362329929,10.19753313767553,10.425797714853285,1946098.226774752
2023-05-04,AVAX,10.354681773987746,10.614954555614016,10.228457480631395,10.59017077349287,1979698.244599416
2023-05-05,AVAX,10.563805623523168,10.777317464211599,10.493155689047176,10.655396507392728,1132911.6948398321
2023-05-06,AVAX,10.682176585592211,11.247918077378706,10.658567518751775,11.121590450319353,3147701.9731854103
2023-05-07,AVAX,11.082412616618518,11.592337240434823,10.921680358429798,11.404327188248955,1685795.5535484029
2023-05-08,AVAX,11.413551186647249,11.4309087088447,11.16950507307558,11.264236389515533,1899166.9418809125
2023-05-09,AVAX,11.226283166581563,11.9164601566706,11.069401290739535,11.760706533561677,2123481.610411723
2023-05-10,AVAX,11.791052863871846,12.101959914536165,11.630433020211822,11.966090141176771,1813979.6663156026
2023-05-11,AVAX,11.933204709120979,12.45555273952652,11.818613717038698,12.424233112395369,2247132.743026263
2023-05-12,AVAX,12.456447911362991,12.902901749139408,12.343602670647245,12.715292900664737,1635475.8178237127
2023-05-13,AVAX,12.790345776698716,12.985697834087832,12.760053971747517,12.850062281299738,1131189.4190495657
2023-05-14,AVAX,12.935848559631738,13.298106159603533,12.810737709898431,13.086300054252535,1117937.7218867654
2023-05-15,AVAX,13.050456374971223,13.386397186614609,12.87703403404299,13.302224483095303,1551909.2404494495
2023-05-16,AVAX,13.316493305155959,13.525967596244415,13.271683407955141,13.334618937357165,1250782.7757207842
2023-05-17,AVAX,13.395432506403171,13.556446602629705,12.825799483445445,13.0726607708443,1253700.7748466427
2023-05-18,AVAX,13.223129640342128,13.657363376343394,13.078385131165637,13.55108055139886,1847644.2213358344
2023-05-19,AVAX,13.497734396005356,14.156204918094696,13.401929918148753,14.040206293423045,2161956.083960544
2023-05-20,AVAX,14.157692436346656,14.740703037483087,14.046478971954414,14.634917268413458,1356127.7015343595
2023-05-21,AVAX,14.698298377242333,14.850083265942889,14.576565506490311,14.779279667676793,1140011.972585686
2023-05-22,AVAX,14.711240767140485,14.854367007745733,14.061111653208174,14.201156178997037,1084911.5692854857
2023-05-23,AVAX,14.303666301129141,14.32272994507337,14.176250864491525,14.320492827588517,1842844.9111561088
2023-05-24,AVAX,14.31727686871391,14.723260081045488,14.305235597077104,14.625775406204164,1872528.7797636488
2023-05-25,AVAX,14.597275757206626,15.078033696093154,14.417996368660638,14.949079117773339,1747263.7779262257
2023-05-26,AVAX,14.985352905682866,15.445897779737022,14.857595474886612,15.231858477726318,1426237.084633506
2023-05-27,AVAX,15.261892269397169,16.137917045607338,15.051205891889015,15.920182613007205,2193652.1816328983
2023-05-28,AVAX,15.9663350937265,16.026131938833124,15.775860918749979,15.877168406966074,1892669.9623772367
2023-05-29,AVAX,15.851029545323993,16.095545921148805,15.29347356478964,15.562355298337932,1235583.6471791316
2023-05-30,AVAX,15.56128371432817,15.983273302789076,15.409585083324627,15.87852340417836,1268985.0968842134
2023-05-31,AVAX,15.897043112215421,16.25670634045481,15.748762991924405,16.001802570209236,1079165.3184595644
2023-06-01,AVAX,16.020280879016642,16.20056071308241,15.773437399515453,15.92240037156557,1665769.4739951873
2023-06-02,AVAX,15.855750111018116,16.143935050360938,15.75093988511207,15.989584895766251,1002481.6623820075
2023-06-03,AVAX,15.885067309636733,16.64227793948553,15.602318754073707,16.46846923714667,2297537.199901372
2023-06-04,AVAX,16.29854064374065,16.985128171344204,16.23586527384895,16.897508208448393,2394297.820144052
2023-06-05,AVAX,16.73966028192824,16.936709614307198,16.320436209855025,16.44257430654642,1712188.0660677555
2023-06-06,AVAX,16.505673856875006,16.858972653438506,16.409049488871815,16.724306512299446,1647243.13575443
2023-06-07,AVAX,16.75748545118763,17.318229230896666,16.701334380091495,17.191350937079783,1440031.5587608642
2023-06-08,AVAX,17.362273081349407,18.161896443943643,17.31811028363023,17.93303254342842,1887559.1900888472
2023-06-09,AVAX,18.058032598685227,18.942446688279,17.877016267224004,18.715717691056966,2060544.9417911572
2023-06-10,AVAX,18.823389514876695,18.874311014929678,17.849145692519127,17.9704767807527,1289311.5525121985
2023-06-11,AVAX,17.92948473742599,19.22669908686669,17.77234549251984,19.057614195024602,2103012.3604849433
2023-06-12,AVAX,19.117917996338953,19.33059429720856,19.048137331825778,19.11525971773134,1528833.0295175675
2023-06-13,AVAX,19.161435716066983,19.764599946721287,18.963470069076003,19.760870420927116,1005267.4102390115
2023-06-14,AVAX,19.951010627886067,20.35175845365736,19.82391398035086,20.096188787074816,1222712.239436636
2023-06-15,AVAX,20.09909205076227,20.362363399291976,19.51218684822698,19.78331334714324,1422704.8323332479
2023-06-16,AVAX,19.684687417593302,20.287770148624908,19.520738645592367,19.913759980749226,1236520.0500751024
2023-06-17,AVAX,19.715741598483866,19.902825239885207,19.71455202426727,19.863804166152054,1254826.9930632052
2023-06-18,AVAX,19.919770619195244,20.22588500577663,19.625029608611513,19.950536547345983,1071803.1392699282
2023-06-19,AVAX,19.843902137494258,20.26652173568799,19.746651464919506,20.17995358987831,1513104.0206194294
2021-01-01,LINK,6.9395171318787146,7.202169926069796,6.907650511230464,7.103753130128014,1535257.2337750106
2021-01-02,LINK,7.047231544935339,7.118093475339636,6.847387904595899,6.980318009073303,1584294.0515623703
2021-01-03,LINK,6.927535566642042,6.979211008117051,6.728535696262426,6.751225281133175,1310054.327818504
2021-01-04,LINK,6.776626248597302,6.88672883725533,6.735639416954077,6.842333724749426,1007750.0529030323
2021-01-05,LINK,6.936544058343113,6.9773464454724765,6.702408737001942,6.710016518994228,1176597.0015704026
2021-01-06,LINK,6.740221440935544,6.841628101610055,6.504734348818956,6.533876846626934,1540096.6086066554
2021-01-07,LINK,6.524001497681504,6.747678946805695,6.49551052053759,6.646664087034553,1517674.5538783434
2021-01-08,LINK,6.596557903556743,6.634034831388712,6.401253128537791,6.50251891900929,1607642.7986466708
2021-01-09,LINK,6.524378240792282,6.574948881847807,6.297156423831094,6.380937003529206,1553390.9277520517
2021-01-10,LINK,6.3839122278897475,6.439576173176649,6.072027640859961,6.1241316331953755,1783216.048754777
2021-01-11,LINK,6.09780688567953,6.161081909922878,6.082481989083115,6.092151723448742,1873103.2979031971
2021-01-12,LINK,6.089685651278905,6.398032500875242,5.9849502805578245,6.371119355298493,1880559.6277278578
2021-01-13,LINK,6.358015767564927,6.53557704700536,6.316409294585164,6.4628289219026644,1976916.9395476603
2021-01-14,LINK,6.436949039919288,6.558416163201799,6.285938304687816,6.396695318432184,1665486.0139613608
2021-01-15,LINK,6.344560746220972,6.39688207234163,6.142897850597641,6.208388111471995,1919918.885443926
2021-01-16,LINK,6.18958242701546,6.379291379608846,6.102626025042036,6.375129202438177,1026729.473241657
2021-01-17,LINK,6.375401676314508,6.446384014368749,6.285432780358215,6.425528661609953,1319218.7093343409
2021-01-18,LINK,6.482749752939247,6.714726370307181,6.352497705652243,6.65293989777743,1519709.3814053123
2021-01-19,LINK,6.618265582819958,6.648401469882965,6.317576984885624,6.393333676879156,1880218.530607579
2021-01-20,LINK,6.4078802696184525,6.480611728257977,6.139376191567672,6.272213062301665,1291474.7691820855
2021-01-21,LINK,6.284343166918752,6.373228592175302,6.080900520409997,6.129739542246976,1987462.8831132015
2021-01-22,LINK,6.056525556295797,6.172422727857562,6.0252681423123535,6.131998253135592,1496171.738837845
2021-01-23,LINK,6.120043359252939,6.20472149961851,5.924596471510689,5.943010100477837,1973661.682894098
2021-01-24,LINK,5.95564866415166,6.26509538638858,5.934441401116567,6.1698468409115295,2395402.5736608235
2021-01-25,LINK,6.157231633627404,6.223256832180728,5.751336315143498,5.8409440272750155,1448047.464627242
2021-01-26,LINK,5.856448267279442,6.0300640110140415,5.828165837453076,5.9021201378959,1941040.488902276
2021-01-27,LINK,5.879595759872381,5.940914055464052,5.564826301682698,5.604087320314752,1601827.020722422
2021-01-28,LINK,5.582385409009379,5.626705418680712,5.3131282176619195,5.368523320972811,1544666.3430411331
2021-01-29,LINK,5.377059815277975,5.669190887920787,5.269431712819084,5.57237615134614,3317952.409793583
2021-01-30,LINK,5.615831998668713,5.677161827283691,5.568076480689535,5.622754165245787,1310810.3572642906
2021-01-31,LINK,5.698502903142942,5.77589448499496,5.598151634909551,5.622965304759078,1214728.0635977064
2021-02-01,LINK,5.586942562648788,5.642541783256015,5.41285113212168,5.413492952446428,1378148.82776104
2021-02-02,LINK,5.452532252249213,5.530237720451283,5.391095532950229,5.475118773131248,1591509.1161455263
2021-02-03,LINK,5.487350526152233,5.876677592456174,5.43942149275728,5.759163244681555,2063395.0915245484
2021-02-04,LINK,5.787816239649923,5.841284920566799,5.608143716601835,5.698294672885642,1461782.1558662434
2021-02-05,LINK,5.751082693801607,5.973579033322931,5.738211277194526,5.914766423012424,1479927.8428643637
2021-02-06,LINK,5.960564059087547,6.004641444982444,5.824959566822632,5.901097799867944,1483847.2098302771
2021-02-07,LINK,5.932618116352061,6.144842383545852,5.911882878143329,6.031460266142773,1327215.8332874707
2021-02-08,LINK,6.019951376832781,6.103452523636013,5.95458096287302,6.063390225055284,1791756.3782334223
2021-02-09,LINK,6.076053932410497,6.132619816121355,5.779498693577063,5.809329425267373,1159732.7783522625
2021-02-10,LINK,5.801971426839813,5.8485915581719885,5.758389710094406,5.805413452850431,1370053.141851818
2021-02-11,LINK,5.786259976806184,5.870156200052128,5.742194694906665,5.8522245652966784,1428275.6436771618
2021-02-12,LINK,5.8893252384252275,5.955454977966534,5.591279229325237,5.626587108500155,1367655.0194314679
2021-02-13,LINK,5.60698111657766,5.72986345895557,5.587252197277264,5.700150698257136,1377576.8920429887
2021-02-14,LINK,5.665286979015727,5.751429911388043,5.483917566206935,5.52970487237989,1601567.7489734818
2021-02-15,LINK,5.510735097846896,5.554500103695815,4.941875204922699,4.981516729577654,1206815.0961019632
2021-02-16,LINK,4.966916328422451,5.089113142941624,4.943388476849001,5.041574627057514,1438811.8030776216
2021-02-17,LINK,5.031922238703268,5.11954949864802,4.934866475270815,5.016386306311786,1232530.2564450982
2021-02-18,LINK,4.989545751545546,5.062215090046208,4.854914187289585,4.869926665149786,1450451.7911654722
2021-02-19,LINK,4.854215723856815,4.864939464608385,4.735766716495664,4.787248547238215,1173378.7588053716
2021-02-20,LINK,4.734149712781183,4.929514738185717,4.686440962627953,4.867529657755121,1764364.3321174402
2021-02-21,LINK,4.849051638465003,4.896913554822133,4.735755401448327,4.786453470249983,1868719.8709101032
2021-02-22,LINK,4.78167973155552,4.789087861249415,4.61949109137777,4.655483452299354,1343673.1661279278
2021-02-23,LINK,4.658064593955491,4.714492167250277,4.6292139472095775,4.683278672013756,1036748.7174626562
2021-02-24,LINK,4.695142391606416,4.731260925185989,4.484898800833695,4.505364471044189,1640518.517678831
2021-02-25,LINK,4.50124012542508,4.661997709670426,4.4628930200911965,4.631596550409119,1073951.797280875
2021-02-26,LINK,4.671340605144479,4.680573007954684,4.534858052359391,4.573751806509675,1448538.6868898105
2021-02-27,LINK,4.544588756019561,4.598038729343886,4.437968410066993,4.457923554557729,1747767.3512855629
2021-02-28,LINK,4.49340723245202,4.5042984423725825,4.373295495631164,4.433734875640202,1955100.9362134773
2021-03-01,LINK,4.442835351079854,4.462712052781638,4.177617670886936,4.240833838210979,1160612.415047762
2021-03-02,LINK,4.201484347809091,4.250306332860816,4.149901984093035,4.16346044146729,1723345.5503811487
2021-03-03,LINK,4.192225349434458,4.2822592664602395,4.128416235944549,4.252563490720863,1238706.5459843199
2021-03-04,LINK,4.286178829778918,4.337418834083348,4.197976892058002,4.241004737307875,1523004.6450611574
2021-03-05,LINK,4.242877037394315,4.274866615196377,4.000574847755214,4.063488279099554,1577929.2878081503
2021-03-06,LINK,4.0630456201590786,4.124928271117941,4.0557243296951375,4.107629276442133,1338788.7337865045
2021-03-07,LINK,4.1012366879076,4.1653977151828245,4.044270574970022,4.065440883191356,1058581.3864768022
2021-03-08,LINK,4.04518459331816,4.126436044393717,3.969227105156174,4.040072587901449,1409434.060103008
2021-03-09,LINK,4.021306265033744,4.04461396203469,3.9056437656004173,3.9364230876013373,1186399.4033385809
2021-03-10,LINK,3.909433225913259,3.9430873897794116,3.9016233848671433,3.901982108653828,1659221.4059445995
2021-03-11,LINK,3.8923994814232232,3.9267634960783258,3.735277297424271,3.8109740942751857,1552363.9386870556
2021-03-12,LINK,3.78158728244006,3.7954156989698737,3.656563358356832,3.692207355907426,1830561.3217717975
2021-03-13,LINK,3.7035219813951623,3.7464982405947933,3.6820614103068183,3.685480896724592,1763716.5017613964
2021-03-14,LINK,3.723650249249541,3.758266566502483,3.6118515365648842,3.621073470546675,1965044.751820646
2021-03-15,LINK,3.5990373089979113,3.682426668068019,3.537620102622052,3.66160535217131,1139253.1882365544
2021-03-16,LINK,3.6567235120618165,3.699798742738549,3.6062736181328794,3.6574311210510713,1899336.7789092343
2021-03-17,LINK,3.610737103703186,3.683393509881026,3.571485275826169,3.663025374684566,1645577.5046321994
2021-03-18,LINK,3.6765820769386686,3.9756424059541575,3.624735468781703,3.915094298028946,2665477.4032410523
2021-03-19,LINK,3.929148689460623,4.0639815587207275,3.8599694397378705,3.987638270070519,1812260.8337773825
2021-03-20,LINK,3.984103121827782,4.001169637127497,3.676821636988598,3.705278321644569,1542254.3707773357
2021-03-21,LINK,3.704221539429711,3.762687546221734,3.6755887800687193,3.7287756587351986,1649628.0075056977
2021-03-22,LINK,3.738250708285551,3.8284550295175825,3.7031656619732,3.790261554164122,1499457.9176103298
2021-03-23,LINK,3.7787275480286104,3.8119747051170734,3.7576725473768904,3.7616456377891447,1990677.5797570418
2021-03-24,LINK,3.7879683196226104,3.8553682121292105,3.7344767032801176,3.810055598688225,1116153.772503323
2021-03-25,LINK,3.8367009114487183,3.9025954476740825,3.7913452578818503,3.865842792084357,1139226.7133845224
2021-03-26,LINK,3.9085109127651108,3.952108946016116,3.835255747514378,3.843593673619161,1187150.6197955944
2021-03-27,LINK,3.8367805885406856,3.929777545588588,3.742853739830352,3.9133078447120817,1046851.0576673538
2021-03-28,LINK,3.9454692245837144,3.976827747145944,3.8785739695900125,3.9372226686916294,1208108.3798369518
2021-03-29,LINK,3.9830153715655223,3.9859904189630453,3.862923313302968,3.872766079392802,1964955.841107697
2021-03-30,LINK,3.900075336664025,3.9534888073253938,3.8637191922400422,3.9004548889572503,1225802.3668543173
2021-03-31,LINK,3.88779583532295,4.041301443219886,3.85657902380714,4.015730919277511,1270166.624555155
2021-04-01,LINK,4.042296459558172,4.0799940359931135,3.953701714509869,3.98336166191571,1713744.7839705495
2021-04-02,LINK,4.013091553055784,4.138313217091656,3.9566383751663885,4.119128246358999,1401382.962154539
2021-04-03,LINK,4.0659826436992335,4.2701604577304595,4.034564835656786,4.258824943784359,2546171.1219730605
2021-04-04,LINK,4.2756084118253606,4.3671984478739505,4.13614329146203,4.193246206045748,1011374.3570065523
2021-04-05,LINK,4.2400635310473165,4.280063244096633,4.12244126996073,4.136772044036983,1697228.116534947
2021-04-06,LINK,4.136716547929192,4.211093768267776,4.132966567373592,4.170374403571312,1247917.474773616
2021-04-07,LINK,4.178249752967826,4.245431580389963,4.016120578252899,4.097249470898161,1507996.509959491
2021-04-08,LINK,4.099643422564828,4.174162021386375,4.049451431461627,4.154111840354587,1342084.303217251
2021-04-09,LINK,4.179912196455847,4.27028411505156,4.051424007265765,4.059254180139738,1578442.6153916752
2021-04-10,LINK,4.0477450117480895,4.13886797565448,4.006505011092607,4.12720341844441,1319182.2872155523
2021-04-11,LINK,4.125701722311264,4.145268387412184,3.9689028841009915,3.9881287216387276,1767613.397033928
2021-04-12,LINK,3.9642037657717375,3.9996743172615132,3.7899236816431277,3.805237023630176,1067251.5358250006
2021-04-13,LINK,3.8394523125582776,3.8699854115912555,3.677517434484782,3.6808221046546183,1665898.0739757032
2021-04-14,LINK,3.6767409020101214,3.67898391628719,3.510707545065886,3.5248474765991546,1134010.0344049945
2021-04-15,LINK,3.4990346846780684,3.514488743001713,3.2868392301381886,3.3280832308162993,1608492.6920422898
2021-04-16,LINK,3.306502288136419,3.534777372619509,3.251251752847498,3.499383967663072,3412098.1728159464
2021-04-17,LINK,3.48672019275416,3.495209080882278,3.4295347703955428,3.4584279893908336,1721602.197141892
2021-04-18,LINK,3.4417164332164503,3.4546949167627465,3.3191425616255734,3.3247118584812476,1929605.9317421627
2021-04-19,LINK,3.3481459366620223,3.5386616138836544,3.3027521940387974,3.4738241059104027,2803515.3877333747
2021-04-20,LINK,3.4760942315354466,3.5019377629315085,3.3127640735711807,3.35040898521016,1531445.3787384948
2021-04-21,LINK,3.356381593524613,3.4830270494516204,3.3199372521304036,3.406003306625517,1127738.475682415
2021-04-22,LINK,3.4339812334224034,3.7030885589111926,3.3860495008301195,3.6366341276590712,2694647.007460644
2021-04-23,LINK,3.617321417713775,3.6614956239704846,3.59003881582726,3.6148429109863494,1248268.0316375338
2021-04-24,LINK,3.6303444555273745,3.6594055720232688,3.610934852959904,3.6279250272911523,1103023.4357069694
2021-04-25,LINK,3.6138171170762323,3.694316773371358,3.583092981655043,3.655239239648349,1857982.8680581525
2021-04-26,LINK,3.6443734020955914,3.665414386004305,3.490374493217602,3.550760093009032,1657683.8428267075
2021-04-27,LINK,3.5527735197456405,3.627516311326364,3.5269354184855883,3.592469107118492,1368811.9462609785
2021-04-28,LINK,3.6114331055922237,3.633878475307019,3.5314287412643246,3.580494279673764,1195000.2074820432
2021-04-29,LINK,3.5980196780901093,3.615139744192562,3.4518200006681266,3.4866268452844156,1067186.5443173219
2021-04-30,LINK,3.4939140745371127,3.6514604344332873,3.487531911721539,3.6247612736725183,3166966.073801989
2021-05-01,LINK,3.6358368812462616,3.6577550837706325,3.4173988722192665,3.4555920626921943,1790253.1038303326
2021-05-02,LINK,3.472998041574997,3.5514845701230957,3.431694310613888,3.5249840871601674,1085877.440183088
2021-05-03,LINK,3.516974974603329,3.634052584396219,3.488035347495504,3.5976871251591147,1057375.9767394545
2021-05-04,LINK,3.6047175234095024,3.750978385010186,3.580568191440719,3.7095199122868574,1743098.8829748246
2021-05-05,LINK,3.700131106831876,3.7175026988716042,3.593199264028267,3.6251841141365175,1455302.6290028885
2021-05-06,LINK,3.6225437809862733,3.655345764398161,3.5226011928449568,3.5593963365965564,1579244.758951791
2021-05-07,LINK,3.5710258851513563,3.5825193569110794,3.4141847083438117,3.451549389465469,1647034.974622628
2021-05-08,LINK,3.4237956376929133,3.4578628977250965,3.2487609886071067,3.2980489102793387,1092025.3658219494
2021-05-09,LINK,3.284749453715141,3.3615611999947173,3.259997404551668,3.32746031947156,1143350.4045461854
2021-05-10,LINK,3.30679741855939,3.4252026757115477,3.2635773785101665,3.4039543244732586,1919113.0664782156
2021-05-11,LINK,3.418111868256692,3.5757306129519453,3.3936839657287363,3.5599773829987496,2203032.4820271484
2021-05-12,LINK,3.5401494786119354,3.6467021607367065,3.515828432936045,3.603241623484387,1505929.563435568
2021-05-13,LINK,3.598317960240603,3.706496013094451,3.5731828884479397,3.6709812036607943,1699183.7714074864
2021-05-14,LINK,3.6849586175621494,3.7125184672367344,3.6124063213015787,3.649673263551915,1799594.6352132345
2021-05-15,LINK,3.647447285556965,3.675058381625667,3.5632967407705505,3.58740785180677,1781138.0442812752
2021-05-16,LINK,3.5596146771832444,3.6716089016928395,3.5214953550680623,3.633980239805918,1801400.7946182166
2021-05-17,LINK,3.618168251254772,3.626243669920959,3.588363552751179,3.621379934171454,1175654.8938172357
2021-05-18,LINK,3.6047152221777954,3.625874648148359,3.502352732223266,3.5335643361585225,1201329.5870968706
2021-05-19,LINK,3.5436701805012145,3.5747332423998346,3.3982631902064493,3.4299902126293045,1297356.2925024938
2021-05-20,LINK,3.4363589165776256,3.4449776828441183,3.3868338282597006,3.417026822245101,1472061.6387726099
2021-05-21,LINK,3.4297920753759144,3.480567384915947,3.3871042284309256,3.4123217342612024,1486609.9265002846
2021-05-22,LINK,3.4019369743809156,3.404586187498407,3.238144207607507,3.2715954273117163,1091855.331850168
2021-05-23,LINK,3.2566801622689425,3.3631996287930623,3.2431035562552513,3.3447370744522202,1190479.2158875114
2021-05-24,LINK,3.3590004762845913,3.406819162831912,3.3048767106738395,3.386621994033721,1485372.8706445897
2021-05-25,LINK,3.3877802094935343,3.4572858928970533,3.297983247156616,3.3366369963481977,1102604.6603306795
2021-05-26,LINK,3.346368939975704,3.518258520634522,3.325738835123911,3.44175976326492,1256419.2604858237
2021-05-27,LINK,3.4457192808447714,3.6374199245607732,3.432227333878097,3.583430966340812,3035113.7176899128
2021-05-28,LINK,3.6043483264645104,3.791726627247711,3.5876968406916627,3.7590446647016704,2299981.3352566874
2021-05-29,LINK,3.756487762507367,3.9167566623287287,3.7083152808183626,3.867504856810178,1034572.9796720654
2021-05-30,LINK,3.8836030996974658,3.889646736549701,3.7865800037900255,3.8319468553950813,1309959.8523310656
2021-05-31,LINK,3.851812619030838,3.8674011916732196,3.6786190323801917,3.704456079286071,1671010.9657503574
2021-06-01,LINK,3.722067985011811,3.8455462443814192,3.6849238019506783,3.7600190752394123,1232679.2214422212
2021-06-02,LINK,3.7795390930702237,3.8931501360001857,3.7486323058407183,3.881459299339254,1635619.6659101255
2021-06-03,LINK,3.8901592100788167,3.9421388147655385,3.793126749149096,3.81452240330931,1824083.8826523975
2021-06-04,LINK,3.8045913048204536,3.9053772636958572,3.796403550966928,3.8721451186142635,1270308.6783086436
2021-06-05,LINK,3.8819458384320042,4.176381450552282,3.822486937272055,4.150899771547188,2989365.095421543
2021-06-06,LINK,4.139895940277994,4.153679073832608,4.09913401106603,4.119613186046045,1581879.7994870378
2021-06-07,LINK,4.089208123169444,4.1454699552203635,3.8572038996513704,3.9023731461073665,1099198.2526311774
2021-06-08,LINK,3.924032544355748,4.110488536216385,3.8795700496704546,4.085646581720906,1950811.0617500998
2021-06-09,LINK,4.137125305917456,4.1965995038945225,3.9558613629388977,3.9852928763709023,1133202.7348664436
2021-06-10,LINK,3.9687583676601834,3.988723187084505,3.8976960493008543,3.9432169171486633,1651506.8925581956
2021-06-11,LINK,3.950160713958389,4.196436930032194,3.9092484199916275,4.16538467906928,3273616.294244277
2021-06-12,LINK,4.152639267744625,4.186019083384569,4.022891845167867,4.0625444660504275,1722015.4122155032
2021-06-13,LINK,4.045328520602591,4.207522881385967,4.018075644429301,4.161698683465009,1958793.2120532012
2021-06-14,LINK,4.142040937589789,4.304885225067321,4.116354490586721,4.232154312639453,1937292.9730211003
2021-06-15,LINK,4.225829892281746,4.4114299452537935,4.167773876540344,4.3669333273152615,1144358.7139623328
2021-06-16,LINK,4.359867535299851,4.445876349403427,4.347760021017963,4.424056919988911,1103214.4898873959
2021-06-17,LINK,4.436611892627546,4.622993110094609,4.351838485480747,4.603882893530645,3200163.7475425126
2021-06-18,LINK,4.5626205731939065,4.610419584459447,4.5307029644529795,4.536638406368725,1657351.850274933
2021-06-19,LINK,4.536995842880974,4.573832581424522,4.418863801617208,4.494265873778473,1780072.8113202564
2021-06-20,LINK,4.486659042391708,4.665283446526064,4.467033168976056,4.636220929556088,1180190.9203781683
2021-06-21,LINK,4.665901521285092,4.747018308130474,4.650640834836076,4.715742700958854,1235010.7424751755
2021-06-22,LINK,4.767881512140016,4.793792319584893,4.538997759036141,4.557366948129907,1502882.8489784002
2021-06-23,LINK,4.555956741068235,4.6921822520975685,4.490711842220793,4.628165120499852,1563034.8855147057
2021-06-24,LINK,4.693014088324315,4.713576288809113,4.567304967880746,4.613412985962367,1405972.8905877592
2021-06-25,LINK,4.610075075308821,4.666709955756677,4.379847773899794,4.419668293880746,1067756.0704291137
2021-06-26,LINK,4.440119338745527,4.524425729964153,4.412022180523172,4.461031605247272,1297437.0959455757
2021-06-27,LINK,4.454170113116308,4.506137098909213,4.363298410322866,4.3947119016950005,1585252.7648386422
2021-06-28,LINK,4.41040428799999,4.450738224751905,4.30622651970858,4.319324324773881,1461596.5037549143
2021-06-29,LINK,4.310972160973932,4.571787513801909,4.27370465058951,4.560764847776954,3394069.5538576604
2021-06-30,LINK,4.534999233873456,4.802096214147784,4.5215762058383815,4.785196265223898,3172439.222264541
2021-07-01,LINK,4.781163694609884,4.904209581497988,4.74923740166802,4.812894060839829,1794358.3111970355
2021-07-02,LINK,4.840438399872685,5.061936438004515,4.808555076925724,4.989331308750715,1652774.5405609566
2021-07-03,LINK,4.940768815244018,4.998010928932532,4.896592936566879,4.946561592171873,1371544.8301716286
2021-07-04,LINK,4.9818765787978005,5.2067465441428675,4.908361300518565,5.1731926991587285,2249643.3710279837
2021-07-05,LINK,5.111193221435697,5.1844554230957,5.076545693963556,5.143053942891365,1205880.5891109882
2021-07-06,LINK,5.104668349896804,5.271044289698029,5.041998063654354,5.183595198500832,1013574.855123538
2021-07-07,LINK,5.152456257846326,5.181786342722939,5.036817783780563,5.08001369791966,1170361.2795157766
2021-07-08,LINK,5.081087647327993,5.1303465489625815,5.018604200178402,5.100557738983336,1061193.1684257074
2021-07-09,LINK,5.129148632744814,5.204439862226771,5.029152342896877,5.118852736206438,1182894.930424592
2021-07-10,LINK,5.108656881413644,5.357484471689503,5.07872338046071,5.311805511280317,2059171.6937906798
2021-07-11,LINK,5.309099923974367,5.490998690701892,5.240892046214745,5.403807564770478,1876380.7687000788
2021-07-12,LINK,5.397497797470968,5.436880841353491,5.348659663002626,5.366415273003573,1219269.565382771
2021-07-13,LINK,5.37448759536522,5.731140386797795,5.329886211615419,5.720832219583046,2923582.565918026
2021-07-14,LINK,5.659974746820011,5.705411988212088,5.435275447252213,5.479409823394569,1393232.736312437
2021-07-15,LINK,5.532519685502293,5.826875303491347,5.46724658131068,5.748842230750581,2534454.100907156
2021-07-16,LINK,5.793527895516572,6.008573265008658,5.72826469038046,5.933350728980008,1792647.0208010748
2021-07-17,LINK,5.9430949001139375,6.006686333211805,5.876503247761875,5.931108082400223,1251379.03433099
2021-07-18,LINK,5.948330767778841,6.181231197364003,5.899190838006163,6.115751742975123,1306604.6475396291
2021-07-19,LINK,6.189491394612347,6.270209936487632,6.149659243994376,6.211082184317216,1710394.8070426278
2021-07-20,LINK,6.171328812609677,6.419085946694583,6.084275174967717,6.303948179020201,1246608.2940870696
2021-07-21,LINK,6.348307925327883,6.506478638531458,6.2810841567824305,6.418620165952933,1216027.2981652336
2021-07-22,LINK,6.425382758210928,6.680449469928321,6.3823207462720015,6.582568235026495,1724535.8389031168
2021-07-23,LINK,6.556050725947258,6.711904621811198,6.473513052944065,6.624063010551183,1485297.3153900914
2021-07-24,LINK,6.6484208650931516,6.8009386810858485,6.625577425216562,6.728423002824701,1510198.6962030602
2021-07-25,LINK,6.789856682809299,7.166255269202182,6.761716534264259,7.153387658926636,3412492.1214236985
2021-07-26,LINK,7.123454072320444,7.258409042331768,7.058584587673501,7.18267842943708,1148928.0067157282
2021-07-27,LINK,7.256487970710222,7.462776355314525,7.182226607409103,7.403939608529306,1193259.801432219
2021-07-28,LINK,7.384241001001462,7.459839575993218,6.9834161382320055,7.052845698254144,1459118.3185969552
2021-07-29,LINK,6.989427073490523,7.250477823115057,6.895959833902099,7.229172508398388,1679736.906459421
2021-07-30,LINK,7.317075544380892,7.7092479983370445,7.273235836367674,7.6134206957247805,2900590.34614852
2021-07-31,LINK,7.5397518479742685,7.938921405772978,7.443062687985716,7.879351657432128,2034777.4001927522
2021-08-01,LINK,7.842706992888586,8.220264021834604,7.7465227652036,8.102930551145842,1529914.244677732
2021-08-02,LINK,8.144427785194384,8.164919164669717,8.096045855726052,8.14006809787507,1456312.6353781547
2021-08-03,LINK,8.197530609314205,8.342062511934419,8.129611385094274,8.246103037246373,1121909.2427611975
2021-08-04,LINK,8.284455647331894,8.57304631377856,8.151773006722582,8.486044682379681,1333082.1980667072
2021-08-05,LINK,8.499325168319357,8.630459353003781,8.460700551579745,8.579315984602507,1458032.5822970613
2021-08-06,LINK,8.561947245621349,8.594356094849466,8.431534522560137,8.5082582036442,1166172.8861244249
2021-08-07,LINK,8.530597337385387,8.993646165495646,8.470789634860001,8.882152138641807,2225771.962334921
2021-08-08,LINK,8.807485470601673,9.204674113869505,8.806651236859514,9.138614332017028,2997040.506708632
2021-08-09,LINK,9.231128869159951,10.005509565960457,9.227079746641019,9.79727161149275,3164840.4736297717
2021-08-10,LINK,9.796073428033862,10.14882666248129,9.731895777753653,10.011318617628529,1769048.054798964
2021-08-11,LINK,10.050041567278928,10.206021527446065,9.65393579802828,9.811819589766095,1237275.8150604384
2021-08-12,LINK,9.816676181761249,10.203873276247762,9.699246517988586,10.082083085068913,1234742.0044179354
2021-08-13,LINK,10.127782005341558,10.561283509503852,9.966240555087689,10.502354553555229,2910440.415095707
2021-08-14,LINK,10.581497759717934,10.643326754394181,10.296403489084154,10.36423929990352,1678146.7121474154
2021-08-15,LINK,10.290755359824917,10.630749668820927,10.19809785385087,10.519691785651164,1595360.091755762
2021-08-16,LINK,10.550032865029474,10.760227334841204,10.471803189246241,10.70649725522039,1047623.8905913628
2021-08-17,LINK,10.744375683926076,10.90125888704909,10.566737075908682,10.84289945985423,1089838.8027638055
2021-08-18,LINK,10.879546647213068,10.892843873340091,10.702858810045505,10.78261894782967,1815261.0579269188
2021-08-19,LINK,10.773609079935154,10.790696040184145,10.648688098348805,10.72030420179118,1149865.3426020765
2021-08-20,LINK,10.630836647018654,11.203809457574792,10.51136132501893,11.176754886846668,2484541.0605379282
2021-08-21,LINK,11.104415520161094,11.357532127570744,10.991444955989332,11.253833370410975,1643769.274603356
2021-08-22,LINK,11.36031613708315,12.182161042402948,11.286750159787745,12.17059191902554,2923682.933461544
2021-08-23,LINK,12.066309583693558,12.489822282000013,12.06017372196012,12.363948806370749,1858459.9278859524
2021-08-24,LINK,12.414296302669007,13.06110284450375,12.273803971116347,13.028345169965867,2542462.0426224363
2021-08-25,LINK,13.104820079747228,13.25850737119621,12.61533131719575,12.832941265932423,1636731.1364083989
2021-08-26,LINK,12.853469059037593,12.963020626065926,12.697078835365748,12.788694923313187,1579866.1099496582
2021-08-27,LINK,12.75378690555637,13.198662190567454,12.629335524377463,13.112303576417586,1581439.9385895794
2021-08-28,LINK,13.186100687420709,13.902763655657449,13.003044557118516,13.708324561127734,2691315.127156375
2021-08-29,LINK,13.771464500861788,13.875226146719266,13.377000311530832,13.471023275771635,1680401.0106651788
2021-08-30,LINK,13.50427389859568,13.69756689591597,12.727487760671218,12.969597034983906,1946618.7875883216
2021-08-31,LINK,13.004975445351164,13.759057209298843,12.90954259915063,13.603893110464728,2773314.003478661
2021-09-01,LINK,13.470597396049621,13.790351316870568,13.307844617210067,13.754959006124032,1665703.2095195178
2021-09-02,LINK,13.721129850374338,13.867904631158407,13.477287818575684,13.545605146991988,1262150.7085273364
2021-09-03,LINK,13.515995222539308,13.773566901826701,13.334473231265184,13.624880517662655,1653591.127359961
2021-09-04,LINK,13.713261145648106,13.954732770331937,13.655977861999451,13.857942392456115,1890069.3161093635
2021-09-05,LINK,13.804809902586976,13.898759118531801,13.560054991680737,13.80485357271371,1707544.7959841804
2021-09-06,LINK,13.949073370144173,14.40689324855838,13.885832723000435,14.200130197566246,1030085.7930476824
2021-09-07,LINK,14.121356245348586,14.479327693627775,14.042531723809283,14.296857186964326,1500316.6652837505
2021-09-08,LINK,14.353621262473746,14.971660743521298,14.160139229615321,14.833238318564966,1491446.5843063553
2021-09-09,LINK,14.882960656555943,15.068706345321404,14.60878841303333,14.688175944687565,1836407.9660550905
2021-09-10,LINK,14.61194512848644,14.702243363175224,14.13724062373061,14.352570964218035,1110790.3254756716
2021-09-11,LINK,14.52042690118629,15.046927749963617,14.405954343185478,14.901662340872543,1316275.4691698211
2021-09-12,LINK,14.826509320285734,15.040288970228472,14.3054584223483,14.353660524213293,1828148.8966393175
2021-09-13,LINK,14.414362721099046,15.013871048369579,14.32077690595247,14.982433542467078,2979078.3466744986
2021-09-14,LINK,14.877519644061868,16.080981737163224,14.747632437565704,15.995712328344547,3530729.8649342107
2021-09-15,LINK,16.017156023726695,16.83193474116271,15.983377246860952,16.699368900425227,2540268.441711492
2021-09-16,LINK,16.73535953969752,16.883837530325774,16.488107965263463,16.700629889626114,1325805.1260306435
2021-09-17,LINK,16.62986414037885,16.847554974086993,16.219606622353844,16.395997988221065,1339463.10889624
2021-09-18,LINK,16.32664782134685,16.418562254574937,15.494177949747625,15.68441359172708,1073677.776227036
2021-09-19,LINK,15.701972324894829,16.077458467614765,15.572882419312919,15.935417760114623,1534661.8873499236
2021-09-20,LINK,15.843807359505247,16.481164378140946,15.771775402012711,16.23338620970839,1091580.5338234527
2021-09-21,LINK,16.274728210036734,16.28850987999374,15.755167973564705,15.965746565216044,1059849.500942959
2021-09-22,LINK,16.0573859602453,16.108527544322044,15.737947853677692,15.886495097276656,1750762.4108875627
2021-09-23,LINK,15.755506542950625,15.995064928809647,14.764402733514334,14.966547546220646,1173518.8572529482
2021-09-24,LINK,14.91288060310444,14.929004114912521,14.561196875910607,14.757318611212597,1923628.9070387403
2021-09-25,LINK,14.870142279653454,15.076545633003112,14.62285468446612,14.723818488565811,1918441.9380272678
2021-09-26,LINK,14.675224903965564,14.76941706841752,14.41160042332754,14.417736140166333,1557416.419266706
2021-09-27,LINK,14.631932514305092,15.415985901100768,14.420240956189234,15.104380094372978,1137003.6198089928
2021-09-28,LINK,15.136866523334326,15.290482216421928,14.694134147162954,14.827193765394702,1376236.8372708687
2021-09-29,LINK,14.788292470000043,15.106669173022084,14.548368877365677,15.042346372721656,1695666.6407862175
2021-09-30,LINK,15.136126693197276,15.484916939210384,14.762139769689231,14.79741882775727,1055661.0357168221
2021-10-01,LINK,14.781221383281336,14.952635868589075,14.64135675623817,14.775684923985654,1390268.2460773494
2021-10-02,LINK,14.741529370978284,15.3552127190505,14.622980547630826,15.20722411190246,1543159.02613997
2021-10-03,LINK,15.2549898643379,15.365267704267266,14.83325716923949,15.021011459903056,1821707.9705226284
2021-10-04,LINK,14.971599675554925,15.384026117252947,14.83435858132167,15.136329550970606,1602145.0256373165
2021-10-05,LINK,15.314739415897,15.862472018546445,15.174290295913739,15.798243526555265,1262061.622404084
2021-10-06,LINK,15.959554423462684,16.95024907542012,15.724693934644584,16.78780644714966,3224459.073741588
2021-10-07,LINK,16.90167840554735,17.472891101408,16.6827950076831,17.10198174290385,1135414.6549031688
2021-10-08,LINK,17.136753564075423,17.31313794322281,16.803412851188202,17.12509625275537,1084149.2551597222
2021-10-09,LINK,17.356575806918226,17.51427670133102,16.69652779471507,16.810660994853137,1848162.1506427485
2021-10-10,LINK,16.92824728212359,17.918312032826417,16.638670103510083,17.793433616451708,2025913.0614571776
2021-10-11,LINK,17.89624197767658,18.184012920304383,17.648362423409715,17.925055387367035,1992618.7749630397
2021-10-12,LINK,17.915313132170436,18.43607511229396,17.6960230888195,18.34068648898004,1116262.5380290158
2021-10-13,LINK,18.274407432370086,18.40014316092171,17.89023194822633,18.01156771233097,1086544.0628591974
2021-10-14,LINK,18.11016935218284,18.98851187304676,17.912849312002432,18.707005919528623,1539150.9477343527
2021-10-15,LINK,18.898497057768424,18.99904712934946,18.472518976984755,18.51677728404682,1266989.8853838362
2021-10-16,LINK,18.50500852867925,18.663995312000793,18.082447718226906,18.15240225547868,1805970.1181454665
2021-10-17,LINK,18.176796375668438,18.22041462160059,17.976582538547966,18.12978522332578,1377771.2485672373
2021-10-18,LINK,18.14510498421272,18.16025515923594,17.36093578531983,17.552538029611583,1854386.063319476
2021-10-19,LINK,17.468250998551508,17.858129666642633,17.13837950979488,17.697840913828852,1225143.7568187753
2021-10-20,LINK,17.750595282917473,18.24782610772001,17.474057565106545,18.217115310428618,1564982.433099819
2021-10-21,LINK,18.059047501242535,18.21643105432513,17.632404208762495,17.718525940705582,1073196.5311953183
2021-10-22,LINK,17.581198846274216,18.250927722744223,17.390453883640088,18.06374765501686,1679223.4732239563
2021-10-23,LINK,17.939042904658738,18.202217331436202,17.696128320089553,18.024075752242698,1143411.1724988103
2021-10-24,LINK,17.976163644776676,18.08086342241736,17.595289052030466,17.694923980638418,1561358.1441657885
2021-10-25,LINK,17.583651727229924,18.20394128274875,17.311372276451603,18.03417179111759,1766189.0537508486
2021-10-26,LINK,18.14331208208801,18.284185347121188,18.013310302677972,18.207546530578668,1481591.830053938
2021-10-27,LINK,18.302187253924963,18.438013400301024,18.142590147275765,18.258946104384258,1353922.6151091745
2021-10-28,LINK,18.257719868648394,18.59542239899565,18.042382749197632,18.225247655293984,1045721.6751441456
2021-10-29,LINK,18.02405932420223,18.553493829496368,17.764972216877993,18.255555674220563,1995023.780662643
2021-10-30,LINK,18.256278872270904,18.865744994353307,18.08039169752216,18.768477614503027,1526345.836819157
2021-10-31,LINK,18.678880391458673,19.00152680167846,18.67373960592953,18.967185262630416,1596969.5645872338
2021-11-01,LINK,19.00515782619521,19.99887008118839,18.862598037971466,19.748180330187843,3220305.6619628365
2021-11-02,LINK,19.91279679999381,20.624358093572887,19.767994427624465,20.52746526307922,1445097.1942167627
2021-11-03,LINK,20.206521706385992,20.432105802336928,20.014797584302666,20.352581507773458,1983182.7386416483
2021-11-04,LINK,20.392762248193677,20.471553635216303,20.043278991751993,20.136985967540376,1536738.383958228
2021-11-05,LINK,20.09009477498577,20.75832251254087,19.777954059065824,20.504590421511836,1422582.421977901
2021-11-06,LINK,20.588993771032534,20.94237536691907,20.58528904166176,20.845024264292025,1977727.9158676027
2021-11-07,LINK,20.617124948038093,20.70434857078413,20.43890600799751,20.68896729370904,1961124.560192787
2021-11-08,LINK,20.68449856012772,21.348786898592873,20.43998892839365,21.13286064297978,1068992.1920191247
2021-11-09,LINK,21.15454555889722,21.77701434541949,21.00617577240023,21.737413601102656,1692917.2475176167
2021-11-10,LINK,21.87426648462898,22.158919893695874,20.98641077214681,21.357320659513068,1501157.0447775754
2021-11-11,LINK,21.307426166492235,21.6239167236773,21.180866622466382,21.514844514897575,1979664.7159748797
2021-11-12,LINK,21.639645738271117,21.656631339028987,20.697556501196278,20.997865483191276,1363981.411179829
2021-11-13,LINK,21.081436586024466,21.40459701286559,20.747940942390763,20.781337018755703,1223422.516271037
2021-11-14,LINK,20.65881370576728,20.69766077484942,19.440973566017504,19.642692314267435,1076800.2848254768
2021-11-15,LINK,19.762664946433702,20.016617300475808,19.146590723669593,19.34086852011092,1135366.2498401986
2021-11-16,LINK,19.308771527718196,19.676352856517077,18.816548286482732,19.0357344598245,1799847.6879428718
2021-11-17,LINK,19.02604003325342,19.122555981936433,18.58905661138837,18.833025749042605,1116025.0957762287
2021-11-18,LINK,18.84159419570297,19.173735047648993,18.500817190931315,19.154562009659237,1254453.6823548407
2021-11-19,LINK,19.271057240482474,19.601540414529637,18.219222360246924,18.448422135441177,1973752.3420385704
2021-11-20,LINK,18.53535852707326,18.861943611501033,18.051664611491848,18.287529946234592,1884752.9577333496
2021-11-21,LINK,18.412921597067932,18.445279010007756,17.541553236349117,17.599579257355277,1158344.4066862306
2021-11-22,LINK,17.507974451882085,17.77859162064123,16.760129663217175,16.988215349012744,1732350.499494038
2021-11-23,LINK,16.934136983421237,17.11992445127312,16.178295893557692,16.241767850510556,1485079.1821546822
2021-11-24,LINK,16.016898619873214,16.480881905427886,15.466135975061508,15.669077170757337,1258627.5388963863
2021-11-25,LINK,15.627649618755504,16.048190988101545,15.54998148998517,15.948573951205967,1167413.4115002041
2021-11-26,LINK,15.968911181309437,16.424511441940272,15.804319494963712,16.275715375089522,1189467.8526830638
2021-11-27,LINK,16.31489406418038,16.340331862949725,15.707714532213997,15.764643079181258,1280186.2672956223
2021-11-28,LINK,15.86895799232343,16.803535874890414,15.725347430151336,16.593228984182982,2582239.661041347
2021-11-29,LINK,16.636024412224405,16.80640867313543,16.143868649377623,16.291893347613303,1892097.0625244724
2021-11-30,LINK,16.23892253248869,16.417660600680726,16.10441578839797,16.290870909598596,1912319.9763367705
2021-12-01,LINK,16.24483416223867,16.24904286596921,15.970094584554081,16.13130869888925,1007689.0813797475
2021-12-02,LINK,16.12845154964995,16.31519215223592,15.383997660778714,15.554760954840368,1025316.8386745872
2021-12-03,LINK,15.624228680978822,16.40369132648973,15.498146005449136,16.11842430055953,1844034.1139870544
2021-12-04,LINK,16.015642834884783,16.231003603774994,15.508479329571017,15.734284742371687,1270347.9482805594
2021-12-05,LINK,15.70497037500996,15.920930722829809,15.465620791995068,15.474067324018066,1939786.093227872
2021-12-06,LINK,15.43515025727931,15.924085342470198,15.297588653344917,15.720210448264918,1497543.0791655246
2021-12-07,LINK,15.864096402804988,15.935703464596568,15.16268789699915,15.355158000206156,1144766.551383774
2021-12-08,LINK,15.433186849840205,16.342101506941148,15.294713249230819,16.140512734314463,3452393.362891086
2021-12-09,LINK,16.09495588453798,16.298616309983174,15.936386042545365,15.944176301595242,1882936.709027162
2021-12-10,LINK,16.089006487307163,16.275763085196004,15.870715611681595,16.24312049442003,1868086.413878339
2021-12-11,LINK,16.22037873086048,16.28347050486215,15.29325575217324,15.578051823567497,1476756.0230192477
2021-12-12,LINK,15.457255371694805,15.52011720115099,15.036411742136922,15.222502171800185,1049261.4626839147
2021-12-13,LINK,15.296552727750585,15.79369608011358,15.235886549862894,15.637020020564258,1345176.1076692066
2021-12-14,LINK,15.584570504576414,15.903506329812858,15.171815222408648,15.253630843409935,1899944.3207917155
2021-12-15,LINK,15.17773767089996,15.335019956353303,14.842210504206282,15.031632611063067,1398194.399428869
2021-12-16,LINK,15.126789457022634,15.131204314379682,14.616793084107044,14.843247707312699,1243297.869982796
2021-12-17,LINK,14.974956244851619,15.116146263761973,14.922193101377824,15.002056834052382,1812694.3234879063
2021-12-18,LINK,15.069320860260484,15.075633041764412,14.932019844410833,15.039683364469957,1395221.5829480211
2021-12-19,LINK,15.010542640999361,15.451753344385555,14.961067696636409,15.261266411105295,1800288.858959355
2021-12-20,LINK,15.241058757363225,15.43055376125937,14.343495952334157,14.549392355820768,1347682.39518611
2021-12-21,LINK,14.535647832073805,14.646259384528445,13.739463766142102,14.016748463323058,1424453.4806974633
2021-12-22,LINK,14.043526139614112,14.713738127213917,13.993930692855642,14.464486633035643,1850798.464282987
2021-12-23,LINK,14.465633394653374,14.591485730808554,14.379066243319212,14.445867710746867,1956886.138283503
2021-12-24,LINK,14.39553729493999,14.648065222669912,14.192410261477093,14.423583346088998,1189828.3903252885
2021-12-25,LINK,14.352145532731095,14.833008193444686,14.226830567049323,14.7425942183688,1549375.7809176082
2021-12-26,LINK,14.630729452626138,14.647127199783805,14.141359486888785,14.266776004274176,1988969.9838803264
2021-12-27,LINK,14.259535471509807,14.620021821276469,14.063836539424777,14.362470447050834,1434119.541685496
2021-12-28,LINK,14.325993015676401,14.597216402847012,13.892839258925687,13.975606416984897,1516588.2438127224
2021-12-29,LINK,14.088805913823723,14.266621375241778,13.926835941038627,14.134985475175277,1698892.5804304066
2021-12-30,LINK,14.174077200003655,14.488216071145676,14.06183607023325,14.263475793793056,1127815.1050536851
2021-12-31,LINK,14.191636622498908,14.335371829754143,13.87232793655152,14.00128696195203,1126489.180938965
2022-01-01,LINK,13.950710716265124,14.068911942435966,13.107420915605402,13.260519776989122,1297154.1607685073
2022-01-02,LINK,13.194529067753269,13.349627641529109,12.680102746714299,12.690825441921687,1279521.3616224753
2022-01-03,LINK,12.742853479183903,12.823919226244891,12.589466256345542,12.719149749256198,1434359.976683089
2022-01-04,LINK,12.7772753389331,12.81090606357013,12.13326295672609,12.247469977370162,1442353.3940147327
2022-01-05,LINK,12.312100121593664,12.397047879476277,11.86942160803323,12.075796514525058,1103798.4475056143
2022-01-06,LINK,12.116287773175515,12.34478167343174,11.566514018246345,11.707067024718867,1443563.5038026157
2022-01-07,LINK,11.69868506783665,11.842122250288524,11.58152589014543,11.803271515851595,1537031.0335710114
2022-01-08,LINK,11.717869541617869,11.873901026631072,11.449936861799427,11.522094318356029,1861674.3142274315
2022-01-09,LINK,11.405467696842281,11.655263777013591,10.939941994842378,11.066729222199072,1443766.607322043
2022-01-10,LINK,11.08941794157457,11.139109625322092,10.778484860821528,10.90401604207613,1047958.7797727463
2022-01-11,LINK,11.013897174387283,11.028330215852392,10.177764340443952,10.3004501234256,1861680.2463765235
2022-01-12,LINK,10.362181138492101,10.46547522280326,10.30139368482544,10.325126401586298,1624154.0364462826
2022-01-13,LINK,10.40788098421883,10.480421275096443,10.309151158765271,10.402540794135477,1820803.9981761046
2022-01-14,LINK,10.401389327015723,10.603152455380942,10.329234801460677,10.520684521955216,1008432.0174170482
2022-01-15,LINK,10.431827771512344,10.762342168340385,10.420950513076175,10.661420688046375,1772778.2673770185
2022-01-16,LINK,10.54290033251502,10.605024336772694,10.334022553705964,10.463552116831664,1777237.0111801308
2022-01-17,LINK,10.488857242268237,10.542330332623115,10.125602685952108,10.251986507598557,1138576.5964734817
2022-01-18,LINK,10.283761818315776,10.57707015478639,10.12654378891073,10.474058278552704,1566021.7765312525
2022-01-19,LINK,10.523785642935794,10.659013210176923,10.280258868867858,10.383943854081116,1047702.8678270095
2022-01-20,LINK,10.309951616447956,10.327090345577952,9.65070459169745,9.727437303668678,1914378.6096275228
2022-01-21,LINK,9.779701042375704,9.868939617276762,9.728998366899733,9.790370602662867,1497900.0274138672
2022-01-22,LINK,9.852404054034029,10.043739355024053,9.82255885334403,9.962202518467073,1870238.7988512346
2022-01-23,LINK,10.015419828593064,10.08201523357315,9.599072365225885,9.683212494460623,1416325.5609770382
2022-01-24,LINK,9.762978219467653,9.767496178003947,9.451609820218607,9.538380995988966,1195489.7256469107
2022-01-25,LINK,9.54033755061114,9.717689072116077,9.415211129863206,9.466021594245529,1175836.0692806102
2022-01-26,LINK,9.459109168353386,9.600289880682599,9.381556383316124,9.406180430196624,1193574.0032584749
2022-01-27,LINK,9.40408747630675,9.644416847052224,9.351967768973077,9.507774737576407,1875352.46040441
2022-01-28,LINK,9.530876215956063,9.553891401920788,9.141832534108254,9.260898267219764,1128754.6801069165
2022-01-29,LINK,9.273393947476755,9.325349783862993,8.884404864016139,8.945888083645185,1192230.1175533468
2022-01-30,LINK,8.942613141246163,9.05541385088582,8.560771778863323,8.691778545300997,1509562.3267741126
2022-01-31,LINK,8.646730135643791,8.691533786382521,8.202888117649538,8.322302051822929,1795727.1819853305
2022-02-01,LINK,8.303375727600619,8.54396754883685,8.234483296486449,8.391044668313837,1914344.374551095
2022-02-02,LINK,8.39567561203592,8.635016144271905,8.324358008660084,8.567507814348557,1956673.090757739
2022-02-03,LINK,8.593464181205436,8.749534447295035,8.417727917654805,8.509999719546206,1174035.5042053591
2022-02-04,LINK,8.480569546602725,8.601528668717382,8.047041471515476,8.098007224437769,1360281.793655528
2022-02-05,LINK,8.002337730624834,8.037585785966368,7.8750380423909245,7.979913530364034,1286102.3938372144
2022-02-06,LINK,8.012018752410075,8.266765486635398,7.934672096877041,8.128934576520434,1763783.4602275202
2022-02-07,LINK,8.141525969556536,8.213079791772506,7.774414142140692,7.886874728358245,1486829.1940940486
2022-02-08,LINK,7.884436946592179,8.115811675661995,7.846282183705208,8.004144585408657,1519331.2981181508
2022-02-09,LINK,7.98187668473727,7.990675700240727,7.566042003683059,7.5683953575920615,1500705.6913462454
2022-02-10,LINK,7.5362577355518825,7.5875774326157535,7.311135715673728,7.34700961153517,1589622.2079500593
2022-02-11,LINK,7.373801320808278,7.45216849416669,7.105132151018189,7.15057363035599,1184006.734407324
2022-02-12,LINK,7.2585310549500655,7.3952641931876135,7.194423571983855,7.350211872290314,1176412.075749429
2022-02-13,LINK,7.353778619300071,7.353801253446191,6.971303018737292,7.103048690997547,1023427.3111541539
2022-02-14,LINK,7.021919703850411,7.064044849366374,6.9131736603552145,7.016398239438623,1594993.1220072461
2022-02-15,LINK,7.061145533376302,7.084593142297739,7.0462382704801865,7.08249656550629,1867029.5330830093
2022-02-16,LINK,7.049309043725168,7.115055479747867,6.636477358089096,6.7155040614064605,1577952.1314802452
2022-02-17,LINK,6.725380444488747,6.796495885911334,6.406424597317316,6.4792782468178745,1891195.7589646734
2022-02-18,LINK,6.445590421724369,6.448731221974397,6.390516076541579,6.404024467412986,1714235.5171619437
2022-02-19,LINK,6.332772470149234,6.41639010336461,6.159948848026799,6.226974946986178,1252539.821623559
2022-02-20,LINK,6.281380447522343,6.445043411560316,6.228646019818704,6.338656388611777,1479541.2097607695
2022-02-21,LINK,6.36972038923504,6.408569211830894,6.242030136060607,6.250125444897317,1691844.2033057709
2022-02-22,LINK,6.245602501092548,6.306356959256758,6.033177360457704,6.090571776716804,1919123.7937767212
2022-02-23,LINK,6.155509129637991,6.22064015153529,5.683568251049623,5.755579024395825,1380093.0542541025
2022-02-24,LINK,5.777312766298356,5.887738564635086,5.581294205972356,5.639666148774034,1893265.0808952837
2022-02-25,LINK,5.647727917137288,5.685184729523876,5.454003186270612,5.504329214470338,1897788.9077379908
2022-02-26,LINK,5.48333526722241,5.57761230613801,5.396652429800787,5.5445245091532955,1600131.5539467079
2022-02-27,LINK,5.493219526850838,5.510701011755217,5.178113317328011,5.23843415263639,1669528.566925944
2022-02-28,LINK,5.2405255301317135,5.257194374716629,4.911005126319645,4.969031846409851,1470240.3078896697
2022-03-01,LINK,4.937677692236996,5.020819961503448,4.858470026365008,4.96837567270179,1314773.5707588017
2022-03-02,LINK,4.957693312913309,5.013257924164607,4.9134037826600805,5.003893589145128,1445729.6467983504
2022-03-03,LINK,4.967041369781254,5.0197313730178905,4.793706528058243,4.849297808911966,1703635.1233785318
2022-03-04,LINK,4.842582649690593,4.913210931081384,4.773090291985117,4.895899967112671,1139223.41167432
2022-03-05,LINK,4.889041909799813,4.935368136590138,4.679994754848136,4.756872878973002,1812002.5435358898
2022-03-06,LINK,4.772322018918279,4.840405314526598,4.514515422075953,4.522414066344959,1025297.4934283117
2022-03-07,LINK,4.562868024180925,4.617089100755261,4.419784965895818,4.448284480919288,1121568.0233252048
2022-03-08,LINK,4.463320703109087,4.4727778252475385,4.2354861576401674,4.271841577502877,1854856.5234765678
2022-03-09,LINK,4.3285699407667195,4.35941797276039,4.089599833520002,4.163832162083835,1220054.2838150293
2022-03-10,LINK,4.14731121941575,4.194162075205815,4.034587443853632,4.045381255295743,1753496.9327391319
2022-03-11,LINK,4.060306356396395,4.120139116281802,3.99234370517801,4.105596882077167,1348920.4398715172
2022-03-12,LINK,4.0951773398311335,4.107485733411023,3.8328093205205875,3.856034537479668,1763333.987105297
2022-03-13,LINK,3.860984072087445,3.8843451195418597,3.55031357972082,3.579080281828907,1520930.5699372077
2022-03-14,LINK,3.574748764631857,3.609887612956887,3.4072024687191664,3.4388281542949053,1109192.8763314383
2022-03-15,LINK,3.4227541060312463,3.523869159360018,3.4109644170868463,3.4996807969566923,1690743.9050940876
2022-03-16,LINK,3.484084352419319,3.512481284048805,3.3865718019425675,3.4150201990794975,1441780.9698190207
2022-03-17,LINK,3.4166101637136705,3.4646457760739344,3.279845182533552,3.3233740678328902,1045576.0535817982
2022-03-18,LINK,3.2978455895588206,3.2989993329147076,3.1342860846038056,3.1654695726564306,1098140.7041457868
2022-03-19,LINK,3.186655799058066,3.2086572699093128,3.1447599646976743,3.1767134426834382,1670006.6977563356
2022-03-20,LINK,3.179408183771252,3.2301634199952565,3.1235379781141344,3.20101661081251,1098365.1904803605
2022-03-21,LINK,3.191433538003638,3.2146404587839936,2.9629753229071154,2.974965142527091,1587955.200983225
2022-03-22,LINK,3.0005355221173753,3.0151839863419854,2.8967984843116503,2.9164722926013926,1875912.4654444156
2022-03-23,LINK,2.9023864801861623,3.0348730483914954,2.849457252805046,3.018388055131072,2629053.7395834597
2022-03-24,LINK,2.999581239050412,3.1019205207264826,2.9575930683212226,3.0918566042772033,1756268.8304984856
2022-03-25,LINK,3.1108768946192047,3.1797150007511075,3.081609609406173,3.091786809210855,1889314.0542558942
2022-03-26,LINK,3.1275095214322906,3.180271659350663,3.1040430577733518,3.139145572744749,1079248.0345014862
2022-03-27,LINK,3.1503061788390783,3.16060133158694,3.0084539308470806,3.0185722258381813,1906818.8926575119
2022-03-28,LINK,3.014042068496895,3.106352376114908,2.980089259490814,3.0562748785286016,1443757.8249539796
2022-03-29,LINK,3.063011671690844,3.381314451573011,3.0283012655470567,3.3289889219591897,3389408.7199983313
2022-03-30,LINK,3.3427140025684565,3.5337513639948956,3.2849267721654556,3.477293459661057,3482100.566162313
2022-03-31,LINK,3.4876977968661116,3.522683784266367,3.411013555837816,3.4458439789301787,1583360.956108566
2022-04-01,LINK,3.4641543234183865,3.468219744927266,3.4252579999776085,3.4476173039028293,1784412.604942975
2022-04-02,LINK,3.455799660309243,3.466857733355227,3.3992282199349444,3.463688121681483,1922715.9833251953
2022-04-03,LINK,3.4567357724732415,3.538993659259419,3.4430229506420784,3.524882511361546,1267026.4620333929
2022-04-04,LINK,3.511756651956595,3.553276038581108,3.4071754330925055,3.455463719930586,1601300.8360807989
2022-04-05,LINK,3.4695210002507015,3.635190224964978,3.462070865115192,3.598263808217846,2477631.7180851554
2022-04-06,LINK,3.6004952630346057,3.7298334191915656,3.549016433627475,3.6786973863963097,1796151.607709239
2022-04-07,LINK,3.74000085737548,3.7482247011470657,3.526868431688621,3.5415009412742293,1737704.6891943128
2022-04-08,LINK,3.519204909244698,3.5394974659987994,3.465862552050596,3.5294632666970793,1490680.9432311591
2022-04-09,LINK,3.562303368874658,3.577176261609149,3.510213955266808,3.5234526214602764,1735520.2884741828
2022-04-10,LINK,3.5412715883463934,3.557892797317697,3.404436845686184,3.445548950041346,1692794.9109397577
2022-04-11,LINK,3.428229324241129,3.449136206291611,3.4141096273700056,3.4303738258695873,1110133.1463099036
2022-04-12,LINK,3.4200787014015335,3.4587059391860255,3.3793727258791226,3.4266908078135203,1874366.6695394148
2022-04-13,LINK,3.436173060570903,3.443386323283156,3.2185881501056293,3.2439177123515455,1768554.0492467359
2022-04-14,LINK,3.2420237235492992,3.2794952520438247,3.1446774700329065,3.18717462212471,1303579.0646842737
2022-04-15,LINK,3.199686108464211,3.2965170429984783,3.172099145463619,3.2548006173432813,1581264.432038477
2022-04-16,LINK,3.268186368899259,3.3838774761738146,3.266945904845671,3.3784437323780163,1625017.4972950222
2022-04-17,LINK,3.402804003125568,3.426318515286865,3.2672481676364082,3.3100167710628248,1268591.8929071557
2022-04-18,LINK,3.342426398373934,3.4419839708687094,3.325727207196755,3.3695454093978894,1460085.2150648818
2022-04-19,LINK,3.3685527618766398,3.4167357867203627,3.279650504199643,3.30158600917158,1831377.989615834
2022-04-20,LINK,3.3031875075905566,3.3270501682002234,3.2122308569778344,3.220774863809656,1059467.4497011546
2022-04-21,LINK,3.2276523698279327,3.388266091141687,3.182531728926552,3.351816883143376,3502463.777306263
2022-04-22,LINK,3.3375588550875572,3.352456364908565,3.2719236105166583,3.3153450867569023,1322730.000328073
2022-04-23,LINK,3.3347872282799096,3.377045718312516,3.2899204740251853,3.2985932015644925,1176940.328374117
2022-04-24,LINK,3.2762751207945224,3.4256231147043885,3.2521060131785204,3.3696321107178266,1291017.996086811
2022-04-25,LINK,3.3767490545920715,3.4774583333896,3.3363187825390943,3.467368426985901,1008114.021509924
2022-04-26,LINK,3.464318925468098,3.4787965365098086,3.4244955748826253,3.4720897308582,1844583.3545059124
2022-04-27,LINK,3.5037641344795247,3.608250011941384,3.453744642569148,3.604794523833647,1184433.28725595
2022-04-28,LINK,3.584258947438089,3.6344039747166783,3.4884474163643295,3.526054486790667,1919547.3509165999
2022-04-29,LINK,3.5161252775284955,3.6828530949791727,3.4807688295692034,3.647318416090716,2303475.487148057
2022-04-30,LINK,3.660289954653322,3.6678759644375623,3.571633024197911,3.577761538455046,1575055.5335131376
2022-05-01,LINK,3.579694954705229,3.6307766335895053,3.523672384164663,3.6057037677069106,1653547.4228156086
2022-05-02,LINK,3.5656101863975302,3.622928588877788,3.4643377912609226,3.474783623743723,1487337.085099357
2022-05-03,LINK,3.4752997763717595,3.6018530620306697,3.4390463354682335,3.567620375166789,1152288.6752985572
2022-05-04,LINK,3.598122437666799,3.6314380567931397,3.582990019235705,3.629981739367488,1503049.573697072
2022-05-05,LINK,3.6412552447614543,3.68074754493675,3.5761278808787846,3.5918423833244364,1980331.4761846017
2022-05-06,LINK,3.6249670865327652,3.6501015006354467,3.5501669318655127,3.5673219369588787,1587103.4732516112
2022-05-07,LINK,3.549273619205526,3.6021859983803814,3.508345231933627,3.5431920771585586,1984202.970720093
2022-05-08,LINK,3.5540668269554363,3.6677542620677492,3.5302023914259357,3.617441314121981,1122648.468972527
2022-05-09,LINK,3.6443217712350187,3.7678025467651124,3.623323786594768,3.714692089658281,1666067.9957711536
2022-05-10,LINK,3.752086142126092,3.9420713936279563,3.721179385040749,3.884477767898675,2577624.2156273504
2022-05-11,LINK,3.831019321154259,3.8580829720961733,3.7716438947617448,3.8307754627976576,1305938.4566741693
2022-05-12,LINK,3.8348835261599574,3.918931627731308,3.8071292347127548,3.8793382480407974,1371018.4694909712
2022-05-13,LINK,3.8768986407809694,4.007246128781644,3.8618168693316393,3.9522894122284407,1148368.1021046843
2022-05-14,LINK,3.9294901114745624,4.202981045503231,3.883704416024501,4.118373636022999,2813037.4101812663
2022-05-15,LINK,4.102837772888513,4.305176271671386,4.070975465323569,4.245977370796782,1193958.000006345
2022-05-16,LINK,4.140221682148149,4.208337907214231,4.095244203263487,4.1187166997777584,1279169.915811969
2022-05-17,LINK,4.1161461321924335,4.279501794830636,4.099073497640916,4.168980354515096,1904230.098055363
2022-05-18,LINK,4.1234783320608095,4.175957529780171,4.040866241393579,4.070089043301133,1563282.0508445953
2022-05-19,LINK,4.076168464152397,4.117630712948259,4.01368672613566,4.014403283212018,1730177.3047985916
2022-05-20,LINK,4.014939890245929,4.135907945270327,3.9385748824362126,4.1016338032787045,1651670.8389315885
2022-05-21,LINK,4.085717338436469,4.134906650735582,3.9915125605640935,4.039456986271968,1412084.7018363716
2022-05-22,LINK,4.074228493708323,4.082577350520921,3.914320083747421,3.958907673736841,1601228.690368928
2022-05-23,LINK,3.969717525932866,4.258338550251361,3.963959800916209,4.193642998536249,2789789.928034309
2022-05-24,LINK,4.141930944142943,4.182514648195928,4.077204259270478,4.10831268813631,1821521.1692106212
2022-05-25,LINK,4.111534175581355,4.165379425880628,4.075832087440915,4.131606676719173,1941039.0945317312
2022-05-26,LINK,4.106139141470426,4.166114436422475,4.05711469642039,4.083285699819223,1769312.388790171
2022-05-27,LINK,4.141739199410471,4.205936751024208,3.9333357758429517,3.9494591423094083,1455030.4675421794
2022-05-28,LINK,3.9463825352153274,4.008269851274901,3.908505148957929,3.9732871332257305,1884049.28876558
2022-05-29,LINK,3.9510578437125408,4.041636792048964,3.8445129812654635,4.00723542136721,1487129.5271550897
2022-05-30,LINK,4.012096232545331,4.170067157126062,4.007309761799326,4.142389771912551,1791994.0878599496
2022-05-31,LINK,4.179106569237472,4.277036801120685,4.142569996492353,4.1762337373012155,1931925.7150297281
2022-06-01,LINK,4.148700974420347,4.240003553269424,4.113495011972558,4.207651675487797,1381969.3766756353
2022-06-02,LINK,4.191759881556544,4.248924737610927,4.090266147346124,4.144849374776993,1631267.0313611839
2022-06-03,LINK,4.1590607965204835,4.2013123020450385,4.135537635262059,4.151765872086267,1112110.5927428107
2022-06-04,LINK,4.142493234793247,4.212145365329397,4.103093873197289,4.198371297967706,1901096.1136610236
2022-06-05,LINK,4.1754897711106045,4.2401902274483625,4.149268008391226,4.214006193344829,1714605.8880847832
2022-06-06,LINK,4.213059898170284,4.277683757136943,4.1622191451778265,4.270284266006725,1882024.6929676316
2022-06-07,LINK,4.2836124248332,4.508218836640173,4.255950574914459,4.470321828658704,2017397.5805587452
2022-06-08,LINK,4.493963103945606,4.636643619009659,4.459815961992076,4.6087038205375075,1453080.6547029903
2022-06-09,LINK,4.594468908315586,4.637090637013587,4.4906089609012545,4.503617165467331,1581462.2415125251
2022-06-10,LINK,4.559631373828696,4.623419969324434,4.531366319267141,4.608268994875918,1514957.6471852546
2022-06-11,LINK,4.587169374245593,4.744170571594569,4.515924428746953,4.681708607293724,1318669.848864435
2022-06-12,LINK,4.735676523573559,5.11259368789132,4.71695529351372,5.038571186828208,2212680.047299282
2022-06-13,LINK,5.047987562100536,5.364690725774515,5.024676713061039,5.31865667414507,2337414.94415842
2022-06-14,LINK,5.2897112800695485,5.486180542041132,5.262000476880986,5.400996218873502,1106078.6189390165
2022-06-15,LINK,5.388577784425849,5.445543473147919,5.242517356572681,5.297611247436975,1376789.1583501822
2022-06-16,LINK,5.260854839778101,5.313618866528047,5.215192402253346,5.2628058278068615,1688155.8401333422
2022-06-17,LINK,5.2517101245123525,5.354174368347462,5.157690661015658,5.331758413246339,1170860.4562532357
2022-06-18,LINK,5.338950919097551,5.356965094627624,5.2070885117190615,5.295502222078014,1433544.7990449425
2022-06-19,LINK,5.329006165067236,5.5741227988381645,5.288115800761749,5.52801111522244,3072853.0653970577
2022-06-20,LINK,5.528450202460424,5.653825375902031,5.520755916013638,5.605502193831796,1004848.3760369971
2022-06-21,LINK,5.598701364280633,5.746479563471997,5.5207257239813865,5.6280813054136525,1204166.0715395922
2022-06-22,LINK,5.624615708809337,5.831530576964822,5.5525325248195765,5.718021466257206,1766327.2501460412
2022-06-23,LINK,5.694180367791308,5.769108456513301,5.625115660295047,5.743179884661121,1333310.5462578437
2022-06-24,LINK,5.787249046249574,5.958537225887049,5.728561163700202,5.8815069089327645,1561449.8463936879
2022-06-25,LINK,5.846040776123291,5.8479694813936485,5.715687441226083,5.7839937792579414,1896482.5246889514
2022-06-26,LINK,5.769185534889276,6.096639859653576,5.739879768062379,6.037149027626518,2710686.2325676153
2022-06-27,LINK,6.0052024397154,6.078637177653739,5.853562008171925,5.905227035504314,1933302.3228559762
2022-06-28,LINK,5.94415319469455,6.142324496235767,5.888498823322785,6.065804285761831,1256002.5576858663
2022-06-29,LINK,6.05320670442934,6.21542183918681,5.978955082783045,6.1319559204153915,1396919.475366766
2022-06-30,LINK,6.211013567278215,6.431445806070886,6.144856885094154,6.428025613667735,1849318.9782352753
2022-07-01,LINK,6.429046445070934,6.640481639609828,6.3247408851696205,6.61454863239896,1438751.902849675
2022-07-02,LINK,6.634582456250648,6.682471900225742,6.50176117110651,6.526369781667187,1979058.595949128
2022-07-03,LINK,6.535120624752002,6.5776600514153145,6.353949778912512,6.3996365584228165,1226177.5185263413
2022-07-04,LINK,6.378367196224949,6.550977702846344,6.2980588906298065,6.460163094006698,1464849.2057923602
2022-07-05,LINK,6.422421342962414,6.732301851829545,6.326476528391964,6.662948361054332,3045659.7987035466
2022-07-06,LINK,6.581561024838766,6.631871104941596,6.4706994615770395,6.614260370592873,1529188.892244794
2022-07-07,LINK,6.598082003171189,7.241085771387843,6.531819663039997,7.194555755002765,2082007.7738984346
2022-07-08,LINK,7.115077782759937,7.1348721088699305,7.006469588530328,7.027035106222407,1687430.7303641571
2022-07-09,LINK,7.07885268502928,7.186001279722192,6.952128066342603,7.115948253120133,1895709.8312411967
2022-07-10,LINK,7.11480588742869,7.174949290976375,6.907213502159081,7.055222113725418,1437213.6361048284
2022-07-11,LINK,7.072638873027793,7.515672876641874,7.070992202170411,7.504282804405978,3027726.5303210197
2022-07-12,LINK,7.466482088293501,7.683533595351423,7.394504600407623,7.649176761877406,1008189.693667707
2022-07-13,LINK,7.677855528890251,7.860643964290551,7.595961065075389,7.815840027914543,1368601.2910556959
2022-07-14,LINK,7.819190327435094,8.079035567442409,7.709621043377879,7.950726245909119,1200386.8828771452
2022-07-15,LINK,7.95745808541262,8.646836320288726,7.948523914514267,8.568160573301233,2165383.4529492734
2022-07-16,LINK,8.610754410942555,9.208999200786065,8.467372353306912,9.045823970125776,2868057.2364264103
2022-07-17,LINK,9.038862093139123,9.439423728873626,8.908191029643948,9.419118502658913,2355318.7619076315
2022-07-18,LINK,9.310719148428438,9.824016384326836,9.296652888007147,9.746900630120996,2233278.931259664
2022-07-19,LINK,9.80623003610309,10.02212559180465,9.762983281383688,9.847822436236942,1483491.7691218
2022-07-20,LINK,9.855913229626507,10.40464406766768,9.82444602688052,10.369456271865966,2490777.266900783
2022-07-21,LINK,10.405822269796428,10.495795258493326,10.345519829498636,10.408571474579352,1174742.8165927066
2022-07-22,LINK,10.358816143410415,10.94990120217151,10.342456294422377,10.734404035600107,2184146.473991593
2022-07-23,LINK,10.745664759902763,11.106567555290258,10.581057220324634,10.941505686536633,1714126.7530877227
2022-07-24,LINK,10.96391226127799,11.04554228604698,10.890038540891835,11.013222885605005,1917813.775782805
2022-07-25,LINK,11.001631930453726,11.15254558338521,10.344560911298887,10.500423704739715,1553539.902025193
2022-07-26,LINK,10.574079981225863,10.890149154391413,10.40233068961502,10.794092404834974,1718123.692250602
2022-07-27,LINK,10.801687956725603,10.992126515133466,10.680208039479798,10.989425524274733,1918697.8789661573
2022-07-28,LINK,10.897136720677421,11.128974353203628,10.733462132054964,10.952023152142221,1211547.086779878
2022-07-29,LINK,10.870274243612892,11.032421842151773,10.700884697293738,10.78508828321295,1595138.2777056054
2022-07-30,LINK,10.768249238279607,10.783648072470516,10.568075920958906,10.642421858140604,1134826.977760325
2022-07-31,LINK,10.60746388665922,10.828996365152225,10.436564854158794,10.710999265545702,1474421.6023946498
2022-08-01,LINK,10.72599835604733,11.065855474125533,10.564205852883497,11.032102665778561,1876910.0979802862
2022-08-02,LINK,11.034655055528779,11.15779461199876,10.859572948406974,11.036478645548152,1211248.7322943797
2022-08-03,LINK,10.97031593378291,11.534790647969164,10.904595257151273,11.369886819745163,1911487.9664317037
2022-08-04,LINK,11.27507689162749,11.437185529079404,11.109241222939966,11.379193493021223,1240248.8865925036
2022-08-05,LINK,11.245578756713707,11.517961918625913,11.228775978309427,11.432179759654955,1807827.9366753863
2022-08-06,LINK,11.443341545175182,11.5301511135281,11.199272858060413,11.282232616444412,1564568.6269747997
2022-08-07,LINK,11.271393479398853,11.311426180220657,11.0865932217885,11.249034839244295,1551872.4072193098
2022-08-08,LINK,11.214938603353723,11.5945453894113,11.191659536934932,11.431970762141358,1124517.2579270878
2022-08-09,LINK,11.474368591200443,12.30749360221804,11.299502458891883,12.081833286172362,2512945.4409426935
2022-08-10,LINK,12.037052668402605,12.535469884125389,11.942609669560072,12.3040838146788,1170369.1220246847
2022-08-11,LINK,12.397630840206084,12.41554557458273,12.223345718452094,12.278000657434868,1496723.6059466803
2022-08-12,LINK,12.361743386851371,12.523563400686145,11.979107392309595,12.071800007280284,1348939.5768250595
2022-08-13,LINK,12.002835266199451,12.077624357862675,11.670520298556704,11.735632203253322,1716542.050995475
2022-08-14,LINK,11.72359842133645,11.76256465942267,11.549221564513575,11.690614134572861,1316938.8227713043
2022-08-15,LINK,11.577740814569008,11.659419935997475,11.270126845080254,11.43789316240641,1443926.9056762436
2022-08-16,LINK,11.484020733838392,11.637352580835259,11.37280457443685,11.588111237492262,1613741.107640846
2022-08-17,LINK,11.609502566316428,11.970702125654489,11.533093775823852,11.774668415223745,1373760.7806013243
2022-08-18,LINK,11.825276398726027,11.834189626049822,11.455359161878373,11.706191266442412,1043083.6928261569
2022-08-19,LINK,11.674347385381829,11.84864037602219,11.654714414239304,11.7822876416536,1192951.0988377933
2022-08-20,LINK,11.771014833233844,12.224260414101833,11.669567159182476,12.066956221164682,1395631.5602635206
2022-08-21,LINK,12.107016795959924,12.670091148883666,12.00065419237924,12.458069128731305,1782806.3702555648
2022-08-22,LINK,12.671426316244347,13.126141518841042,12.544643338759165,13.070756147716432,1164055.2765210732
2022-08-23,LINK,13.05644004214221,13.706802976339885,13.002696319888264,13.463146556132855,1375165.9484527053
2022-08-24,LINK,13.520239033633247,13.687294874535734,13.254494189172451,13.386370373358,1915346.881946117
2022-08-25,LINK,13.396512504939377,13.962386006472325,13.298691143822447,13.73746971991599,1521265.0448711403
2022-08-26,LINK,13.769095358670304,14.347344982069448,13.686402171674766,14.142247916563207,1552453.934191778
2022-08-27,LINK,14.219391379220358,14.339093372768863,14.153133154615265,14.169035782817215,1700899.965073118
2022-08-28,LINK,14.169315981621276,14.301908610974749,13.761531550903461,13.822067344812545,1498154.381584873
2022-08-29,LINK,13.804421461441523,13.968050968307844,13.192400825902414,13.379598966268702,1819060.4466115916
2022-08-30,LINK,13.230003727470391,13.382531859828296,12.379726762062361,12.560398344711773,1716764.0205198915
2022-08-31,LINK,12.648918776585695,12.964328250868835,12.563316478461815,12.953057001201815,1953596.358023283
2022-09-01,LINK,12.767413909040183,12.858920254368826,12.437231653972974,12.626611849647416,1046177.1289989983
2022-09-02,LINK,12.633020331720775,13.068944494860574,12.592911290628788,12.834048741773733,1204353.006481038
2022-09-03,LINK,12.727476950137014,12.99145994253916,12.537690207501091,12.852307229516784,1901219.5702844923
2022-09-04,LINK,12.93084726484572,13.102815035660813,12.37717676905521,12.504362961962759,1819570.4064166306
2022-09-05,LINK,12.447555925854934,12.543095807326083,12.268323029133674,12.46839425335746,1810775.544963404
2022-09-06,LINK,12.46851353209954,12.668936118635946,12.138622288551447,12.260635672930118,1135536.646739824
2022-09-07,LINK,12.105851450608302,12.467680782694039,12.05792365150292,12.436894966061935,1090830.3294016053
2022-09-08,LINK,12.550439876998484,12.73462380716978,12.469676062286771,12.6102133981949,1355215.3457901226
2022-09-09,LINK,12.529664265121012,12.574368022249594,12.155237092780268,12.244387476699517,1524028.1030245621
2022-09-10,LINK,12.164497875406164,12.56205443486806,12.02371553098621,12.36649572958806,1954577.8983920084
2022-09-11,LINK,12.32037879783596,12.558218617734306,12.304751606979552,12.504017573273188,1991045.6020427968
2022-09-12,LINK,12.423740760721317,12.597836478746364,12.076788754522514,12.212012502424473,1714031.9702938325
2022-09-13,LINK,12.241251604887216,12.444266014395126,12.170084521295706,12.17025652079149,1735109.4290171769
2022-09-14,LINK,12.108169468373589,12.195304553455554,11.822060062905189,11.930610662275972,1667216.6979704616
2022-09-15,LINK,11.8655810577173,12.105747289423984,11.640669697209214,11.799464416029341,1602523.0734483409
2022-09-16,LINK,11.763605489759208,12.099795849927633,11.636263079945717,12.012575544764053,1559100.5982280541
2022-09-17,LINK,12.006606001596403,12.094069369101398,11.666880460835362,11.807656530471277,1873132.4895635725
2022-09-18,LINK,11.697444448688964,11.92608741663605,11.614393929690788,11.875906243811114,1489454.0713857682
2022-09-19,LINK,11.737883091854448,11.857712049229614,11.594201928279551,11.70075837761749,1968068.3560108156
2022-09-20,LINK,11.77218861120134,11.951399460962786,11.747820041916412,11.762144774054772,1204515.1159724374
2022-09-21,LINK,11.755946780371525,11.81799222973528,11.553146096777946,11.6946496795443,1714801.2479703636
2022-09-22,LINK,11.741675643306806,12.20031929227954,11.602291343017363,12.169520414299283,2134833.731414296
2022-09-23,LINK,12.118643606421994,12.176526519679678,11.372590401300824,11.473975265082641,1429900.7122814134
2022-09-24,LINK,11.563131087903377,11.790525003721894,11.32580830814025,11.728588608231716,1007266.360903433
2022-09-25,LINK,11.68642399353505,11.813649394200805,11.341615265520652,11.483831536336579,1953021.914721351
2022-09-26,LINK,11.557137933070825,11.57781586743378,11.063618917234095,11.188137605425402,1969641.4716723578
2022-09-27,LINK,11.259594970517853,11.641280417877624,11.133897292078933,11.631883494293353,1064282.215944676
2022-09-28,LINK,11.591324003543637,11.647045235450612,11.506498624290986,11.61225254613379,1681040.040681197
2022-09-29,LINK,11.693861895529038,11.894638328674457,11.597854510417314,11.80136647289396,1732906.599974861
2022-09-30,LINK,11.779269810964944,11.968155988595598,11.69636046167071,11.898077987741907,1938393.1563257568
2022-10-01,LINK,11.856423032398983,11.89162704476837,11.38663572176132,11.465584703965794,1723168.1849687349
2022-10-02,LINK,11.475664174336123,11.963414177066795,11.375986622488899,11.801771536802269,1505938.2411294132
2022-10-03,LINK,11.694589601462447,11.895720232852558,11.432260805854803,11.876789811394667,1425718.7579978253
2022-10-04,LINK,11.970731247930955,12.03487353181875,11.78314120416833,11.814865870024617,1414496.2886061005
2022-10-05,LINK,11.847026126754542,12.33376428264378,11.723420847188558,12.248217899457913,1685079.3489467865
2022-10-06,LINK,12.228535241024108,12.374671575132233,12.196550018883988,12.225954443373427,1902451.6904572507
2022-10-07,LINK,12.275245796246447,12.481675074862299,12.20959091057031,12.43220517481752,1747121.630937245
2022-10-08,LINK,12.316134246023095,12.488698551643935,12.140216169737961,12.300258823886763,1945601.8465292696
2022-10-09,LINK,12.278574349849174,12.448265360688067,12.158213591536935,12.295369972334985,1388457.7184019769
2022-10-10,LINK,12.223892475937985,12.710883310562812,12.150229269391717,12.526799470273463,1092414.3596030418
2022-10-11,LINK,12.47334707211404,12.556395742778827,12.386678115624763,12.47746833666886,1021891.7503850817
2022-10-12,LINK,12.5204663698634,12.680116360357625,12.195182987194912,12.249260518570766,1737366.8541222943
2022-10-13,LINK,12.154888963488641,12.292428185832726,11.744578450615336,11.893316618205434,1955816.353226088
2022-10-14,LINK,11.869037293877556,12.355895359172395,11.793727070993075,12.259857784076386,1955390.5385562365
2022-10-15,LINK,12.209649675573798,12.790570182369517,12.068922166339703,12.538679747513301,1239539.0285626533
2022-10-16,LINK,12.483473609932778,12.563616875988483,12.38966769835419,12.461460656353626,1464026.8276459647
2022-10-17,LINK,12.589777462173252,12.655432623773075,12.331825449240363,12.556304883490428,1941234.183011158
2022-10-18,LINK,12.412452060799094,12.79534242308709,12.218397721857109,12.758937224550719,1971806.5488842572
2022-10-19,LINK,12.825195095161947,13.047523300409406,12.353257309312086,12.46362263934258,1689832.5006476166
2022-10-20,LINK,12.537077923128738,12.714976550114063,12.449436834252964,12.50689621543144,1999130.894997637
2022-10-21,LINK,12.403831308262891,12.925554458723886,12.2186563435799,12.692621953122162,1292017.4026676414
2022-10-22,LINK,12.774681992080156,13.601166097953469,12.687681088406288,13.497535167262875,2142955.537063517
2022-10-23,LINK,13.640083865014526,13.740809827576268,13.214519525262325,13.27323012176735,1125919.1483633204
2022-10-24,LINK,13.344178862016333,13.363339740331698,12.651385126173215,12.747846040634457,1976660.0563676655
2022-10-25,LINK,12.705143943114926,13.265524722616364,12.571151979419817,13.194595536600847,2461787.2865562937
2022-10-26,LINK,13.15263478417361,13.61797116991054,12.976366026380967,13.504596527999173,1300931.2487775513
2022-10-27,LINK,13.634299167418515,13.938204258487705,13.539449433797868,13.814745737037958,1022990.9751934785
2022-10-28,LINK,13.797432895155861,14.071729464625493,13.29836147604201,13.524363994805306,1097960.4639655824
2022-10-29,LINK,13.415828838326838,13.606901482336799,13.211249503309347,13.50395400893779,1300475.6916252105
2022-10-30,LINK,13.54737507667384,13.816837764651384,13.192506105320234,13.361101768940028,1479835.0805233018
2022-10-31,LINK,13.512400716548877,13.638723188528267,13.028989391384304,13.050444535538281,1999936.0039337648
2022-11-01,LINK,13.085632891491839,13.155839283358679,12.928752574153785,13.028469845105095,1584900.8190446154
2022-11-02,LINK,12.891306514449271,13.031458932114239,12.624242241238402,12.709207039033336,1112951.5852832883
2022-11-03,LINK,12.750163483249557,12.826369456713346,12.318067411662897,12.458997438085154,1321874.892490114
2022-11-04,LINK,12.433294098684527,12.48708357206971,12.060999923917484,12.12920750262012,1317780.3159938606
2022-11-05,LINK,12.153034617203819,12.224219925628928,11.6411310604337,11.776681143469501,1074067.7715341768
2022-11-06,LINK,11.792109516907747,11.807366177916862,11.517866885921629,11.657374085934828,1727839.0441353125
2022-11-07,LINK,11.704938333558918,11.829937861539639,11.401508627426617,11.51589416289893,1177355.5480240693
2022-11-08,LINK,11.448294872311282,11.56900990334591,11.201000264199692,11.244615788382564,1897272.5094905992
2022-11-09,LINK,11.276688267247033,11.936333075631877,11.157706420981748,11.840870263138939,2805281.543260822
2022-11-10,LINK,11.8856360997734,11.988467946481322,11.590003098287067,11.686497465128719,1572752.3250408692
2022-11-11,LINK,11.607146827995864,11.763444890833505,10.99635551987919,11.109284330604982,1070272.9969815575
2022-11-12,LINK,11.151782262098774,11.276539778067674,11.055769271319255,11.268867533540583,1086121.3471108442
2022-11-13,LINK,11.224190016505968,11.318282979403714,10.481347110057676,10.534233075018358,1753238.0277712636
2022-11-14,LINK,10.604345468690648,10.86954149814783,10.55903557782852,10.77548263315451,1965540.587603332
2022-11-15,LINK,10.806445385811198,10.886191287778706,10.188043457800315,10.32755712359924,1854045.9487058038
2022-11-16,LINK,10.219209481985768,10.338688445464161,9.489438380629773,9.606559431934429,1640938.052677432
2022-11-17,LINK,9.653411400694651,9.670787296696613,9.105391664914844,9.202947730783643,1387038.8338606532
2022-11-18,LINK,9.190998804715921,9.645693392715993,9.07296013628361,9.47067759812818,1970759.0236362913
2022-11-19,LINK,9.472526812791928,9.61738862581954,9.374118580512517,9.380296151845702,1434848.7958623709
2022-11-20,LINK,9.47084613007211,9.494809165733459,8.961352701692228,9.066281628127712,1261262.244227616
2022-11-21,LINK,9.009146671928463,9.176585399648935,8.44387129714115,8.560724472136926,1311751.5858226782
2022-11-22,LINK,8.591063021625239,8.78537274903815,8.523276640936276,8.644411676737741,1603197.9432316925
2022-11-23,LINK,8.594524528596061,8.656564526473483,8.51535561180703,8.633144759991254,1946256.277450208
2022-11-24,LINK,8.607041152200042,8.921652138844864,8.58804202472847,8.804635897212334,1328802.7777500807
2022-11-25,LINK,8.803658507829999,8.863380038253476,8.771888427137197,8.852695164477487,1901425.5310133104
2022-11-26,LINK,8.750641445366957,8.848273980516128,8.636496742580443,8.64777217439506,1668304.7254733911
2022-11-27,LINK,8.723508842245923,8.736663089430206,8.548793088124224,8.651746976175419,1624264.4971317274
2022-11-28,LINK,8.58803283116166,8.829758400582257,8.572240559620278,8.78404897545723,1671108.1076411153
2022-11-29,LINK,8.677917324006335,8.717547043598659,8.54700407588811,8.587854447803194,1738282.2321123036
2022-11-30,LINK,8.627520447913328,8.689901692214802,8.570875688715962,8.673330303160181,1515595.6806984362
2022-12-01,LINK,8.625522474174927,8.822082876726508,8.588269311201277,8.711998904614848,1265835.905220313
2022-12-02,LINK,8.776180929265715,8.950447557849094,8.652822374333894,8.865376383185431,1341894.845021279
2022-12-03,LINK,8.833803390547136,8.892293103533133,8.799796627375404,8.828283744759549,1837020.954190797
2022-12-04,LINK,8.844651777346325,8.870588170462897,8.645227245657063,8.657006742432177,1734141.430103054
2022-12-05,LINK,8.649486882194624,8.673925459813972,8.544295559312035,8.581311572164987,1201384.692609141
2022-12-06,LINK,8.554742771712842,8.748736970816582,8.179582717712009,8.267007773945966,1319212.3738454564
2022-12-07,LINK,8.296179699835296,8.516172141190495,8.224056142348209,8.360405810791791,1575632.6978219193
2022-12-08,LINK,8.442895600123114,8.48143460103953,8.142819952213575,8.231873380740671,1730165.6226634537
2022-12-09,LINK,8.17885008385802,8.269780993965657,7.279303061584899,7.3224129578230235,1442791.435345072
2022-12-10,LINK,7.338579125203287,7.488078749907095,7.296974110161031,7.362703241671499,1206959.2688744676
2022-12-11,LINK,7.374086244351154,7.450530671426386,7.086898813183762,7.209046432094045,1800268.167335745
2022-12-12,LINK,7.192959548631,7.296833571955122,6.906055965570508,6.909102275102563,1182680.5136682505
2022-12-13,LINK,6.861060785666731,7.012687847200512,6.550804938685478,6.703092904805102,1563833.4928585489
2022-12-14,LINK,6.6362785981430585,6.754009390756355,6.555795554842822,6.635890624628365,1796349.8930009753
2022-12-15,LINK,6.586900730087536,6.599593840765594,6.284777053318009,6.3082255191359895,1786884.6993554966
2022-12-16,LINK,6.330429001006164,6.530247339704354,6.319941694748733,6.3789106851869875,1150678.5953784583
2022-12-17,LINK,6.361576578126545,6.441255963164545,6.181393586384961,6.250155046902478,1612322.9060326084
2022-12-18,LINK,6.285822101647955,6.294732459622026,6.012445837918643,6.043540099245274,1827108.5930302036
2022-12-19,LINK,6.158115943063199,6.39872784942009,6.118421096048269,6.3857224118372615,2778212.8908447307
2022-12-20,LINK,6.423941962921621,6.441226942124408,6.122615054000221,6.229728387416721,1406627.345637656
2022-12-21,LINK,6.209802104752232,6.245392544647826,6.0201530237780725,6.056384325909916,1320995.9150980355
2022-12-22,LINK,6.052873357051784,6.2302054021864315,5.949887370535634,6.187750258132288,1774499.0107160471
2022-12-23,LINK,6.1885578631937115,6.217094670323229,6.043093796884247,6.13520503487753,1751918.2022475856
2022-12-24,LINK,6.110042377005792,6.19974108149892,5.951645316318219,6.005461007907049,1549958.6935462344
2022-12-25,LINK,6.075688486358826,6.141950503559331,5.784199918032506,5.872629384241958,1166106.267495402
2022-12-26,LINK,5.831467029325352,5.969311353284844,5.749319457662382,5.81900716282301,1403692.6296054975
2022-12-27,LINK,5.81009565273915,5.8863054429189905,5.7653327531890515,5.801126984827906,1956160.1978112678
2022-12-28,LINK,5.84897025712909,5.90133161146929,5.640531329834631,5.676803755747399,1675491.6101402054
2022-12-29,LINK,5.629275005182469,5.894698911252048,5.624651039526442,5.842618656233832,2024875.9370623226
2022-12-30,LINK,5.849084981270917,6.11243221520283,5.829111598908889,6.05764098992012,2560110.3309650184
2022-12-31,LINK,6.066014499311708,6.306909630654698,5.972595863545768,6.220424156363675,1262008.631542937
2023-01-01,LINK,6.278128476324083,6.55700954965654,6.183558828334223,6.466150817289358,1092681.9202339773
2023-01-02,LINK,6.508020824902883,6.632859700195538,6.379354045435928,6.392275581151124,1496148.3813036073
2023-01-03,LINK,6.349265266198305,6.478771393047032,6.3094466106136835,6.46543323365792,1244427.2528378202
2023-01-04,LINK,6.487762948182168,6.867411607881843,6.373637386848225,6.689506486570381,1728574.8342748133
2023-01-05,LINK,6.650175642413602,6.703636891158562,6.57177996957173,6.607846223489041,1172527.762447189
2023-01-06,LINK,6.5414984292295,6.6195064911311245,6.2065044648862235,6.245622484344724,1090625.312714498
2023-01-07,LINK,6.265701463734546,6.276606675791612,6.179101207851683,6.23277685980049,1541313.3349929077
2023-01-08,LINK,6.264323451624873,6.344986249856651,6.165291569967296,6.205715252800757,1432304.647983968
2023-01-09,LINK,6.234299502414917,6.290897829907396,6.086959996776897,6.120887958955495,1143342.1427655318
2023-01-10,LINK,6.1247104942327475,6.189578337878146,6.052995290700818,6.162501224044955,1583973.841514961
2023-01-11,LINK,6.159212163366465,6.216389986971654,5.9316950565498985,5.988998328120293,1182884.480992383
2023-01-12,LINK,5.944458458858695,5.99814694616255,5.906160831396278,5.9189932717696045,1925537.399766288
2023-01-13,LINK,5.871163979022792,6.184561751541139,5.844506839393877,6.095251326762636,3066808.498194311
2023-01-14,LINK,6.064520497195892,6.144083484978956,5.999764727600688,6.074850971148363,1410635.6483113284
2023-01-15,LINK,6.125080284383976,6.186495576046283,5.992727083908412,6.0391046403553466,1711248.898654702
2023-01-16,LINK,5.977695244546916,6.052213208477802,5.898701658667428,5.988094554459193,1054676.081430799
2023-01-17,LINK,5.929225911621402,6.037828323179578,5.681432571377013,5.719053586009292,1849695.7990692405
2023-01-18,LINK,5.734636356185353,5.769915558387696,5.588983133964464,5.666785856796283,1994801.0267256598
2023-01-19,LINK,5.660636611666322,5.759675044116734,5.535655512866403,5.5672572464163705,1254648.9500454064
2023-01-20,LINK,5.639961274770113,5.823478627524103,5.565027396139546,5.7443828297463995,1945417.5634052278
2023-01-21,LINK,5.790100408846823,5.80926841664574,5.307181998363008,5.337725701359393,1086565.4741165768
2023-01-22,LINK,5.355874220062158,5.57846748118451,5.300037957094577,5.49891728193717,1314823.1192769737
2023-01-23,LINK,5.505307270894689,5.597213789965691,5.34913483465498,5.394886637973784,1813483.8566900569
2023-01-24,LINK,5.399224441533256,5.561667370184217,5.330833192269404,5.534499046806806,1756546.7483952066
2023-01-25,LINK,5.512517996188676,5.5224664145650655,5.468635385645842,5.50500263627922,1539702.6403442677
2023-01-26,LINK,5.505344263213318,5.54042315924628,5.257961617488096,5.2741077558058205,1821147.666329391
2023-01-27,LINK,5.271953354407832,5.350156115442087,4.9682189026130885,5.016095092441432,1860262.2502506564
2023-01-28,LINK,5.019481000042008,5.071429190922172,4.792118635993624,4.845664352507161,1191062.7757997517
2023-01-29,LINK,4.848438489377542,4.901750391100169,4.721546199037912,4.75280064747449,1405975.9812447124
2023-01-30,LINK,4.787281766015194,4.827058052571119,4.654579836829271,4.69505813516698,1122936.3927197524
2023-01-31,LINK,4.695096324940655,4.735932700261637,4.574853165803369,4.599948483502001,1137860.3247711787
2023-02-01,LINK,4.591824161397461,4.651336719183153,4.570065249457762,4.625678965729697,1086935.154507786
2023-02-02,LINK,4.623839943488649,4.624761945186184,4.560622159692166,4.611613568521783,1302906.9336351093
2023-02-03,LINK,4.5846725136938895,4.586836761116751,4.293388348175819,4.34018822024759,1899496.2471427605
2023-02-04,LINK,4.350608373215515,4.390487057028174,4.1940203306821,4.200562490789977,1167920.2958634235
2023-02-05,LINK,4.179380591378488,4.2857304486705985,4.131026424891346,4.2616139380692895,1331208.3219133338
2023-02-06,LINK,4.200618811755484,4.255779025177466,4.097695878110007,4.146288302427958,1573431.5534840869
2023-02-07,LINK,4.134877175268619,4.168080031793045,3.9872044647703024,4.0307899938928875,1284789.73679699
2023-02-08,LINK,4.042671842927275,4.161158656263662,4.029080373568062,4.10095108822275,1519260.3473379652
2023-02-09,LINK,4.107205220515384,4.161861078982453,4.088031770825886,4.152908338607933,1546505.6782885792
2023-02-10,LINK,4.16122344938915,4.332193968539092,4.122985335947877,4.260831186157313,1458122.4393367795
2023-02-11,LINK,4.274615252716575,4.313469994387502,4.112149352124659,4.150244088608371,1484876.333131893
2023-02-12,LINK,4.155920238562005,4.3016864138493,4.103258916171376,4.254237218027018,1408262.164867193
2023-02-13,LINK,4.215320773354083,4.259781057333301,3.9496843796652112,3.985720172258708,1387670.1982666228
2023-02-14,LINK,3.9532969020252597,3.96791506290025,3.7589793116640116,3.78227719925188,1961281.077187333
2023-02-15,LINK,3.797764010713531,3.798484772509051,3.7529667794244537,3.771980731414316,1957556.6149837717
2023-02-16,LINK,3.7659786111635762,3.766067759495915,3.5258794985776962,3.52775662195473,1078994.062967959
2023-02-17,LINK,3.5526859191128004,3.6412218252814337,3.513659947790946,3.6235191892785314,1381022.6021647365
2023-02-18,LINK,3.621870288018914,3.663844859617307,3.5668353413077183,3.5800369278993562,1123628.880022063
2023-02-19,LINK,3.5588586939840616,3.610031420979336,3.514497626091643,3.564440057876977,1576846.8344614054
2023-02-20,LINK,3.55647844094429,3.639813240034267,3.507259307404254,3.62577242992102,1547041.8015523646
2023-02-21,LINK,3.6562527348690623,3.696685569863237,3.6302812638511437,3.633002144488509,1219508.199691468
2023-02-22,LINK,3.6403644266279143,3.679988707786218,3.553707972170499,3.6048357470317662,1891286.2878839355
2023-02-23,LINK,3.5776496624095686,3.6135635292459627,3.4768841923972023,3.4997750053935968,1429736.7412193087
2023-02-24,LINK,3.50084106469887,3.6136105112752213,3.462792527996588,3.5689842842395847,1896394.384360454
2023-02-25,LINK,3.57483963086596,3.5800166288376487,3.523970677381949,3.551658913884677,1666759.6794019218
2023-02-26,LINK,3.5890319596257774,3.6186709997140927,3.4203322777862786,3.445079019247541,1725495.209535289
2023-02-27,LINK,3.469953148356618,3.5558993469154294,3.42840848301612,3.5216231340057935,1056181.9115615608
2023-02-28,LINK,3.5364839503003105,3.6368722143458205,3.518208905002072,3.6139568304088843,1725506.7437076753
2023-03-01,LINK,3.616529376179523,3.637436126224732,3.4626681894374802,3.4795564345284467,1118238.4303655094
2023-03-02,LINK,3.505920807743981,3.5493621121917913,3.4048412318128918,3.44991757653325,1633240.295561977
2023-03-03,LINK,3.458440088947101,3.5265403971788496,3.42742361360538,3.522872417470123,1562875.4336392668
2023-03-04,LINK,3.5297082994169915,3.56938730401315,3.452553455924477,3.4899735971059833,1961588.6417571357
2023-03-05,LINK,3.505751305433465,3.5261421777046613,3.27235703122718,3.3160824785050997,1376609.7645361284
2023-03-06,LINK,3.31583554091757,3.3253010814403856,3.278235862266451,3.303727908082298,1151001.958812711
2023-03-07,LINK,3.293500486450115,3.3653900398208707,3.2415291422099672,3.344511824633108,1348282.2663929353
2023-03-08,LINK,3.373775169880978,3.428364385897504,3.3564154139670412,3.4226316906390992,1150565.1909823383
2023-03-09,LINK,3.3960110914981776,3.4159477233254485,3.277531281130499,3.319603887959719,1028129.8563403309
2023-03-10,LINK,3.3236715982360527,3.4142693550287633,3.3106733606100076,3.3858119613937476,1531454.2324851507
2023-03-11,LINK,3.397325553155907,3.4048538505288635,3.2205846700549583,3.27521306960142,1502562.8360016244
2023-03-12,LINK,3.2852213090645948,3.388390785607065,3.284886684399937,3.345980764914492,1275491.5796524368
2023-03-13,LINK,3.347333444528212,3.457924964788617,3.346032100097239,3.450854094107961,1640126.4891555156
2023-03-14,LINK,3.4183878381500468,3.448229866894112,3.3941258176892397,3.435489638950055,1866363.3708073152
2023-03-15,LINK,3.393020822649088,3.508756275130804,3.3778681886303956,3.489391056507541,1538650.6286936256
2023-03-16,LINK,3.4807854353479892,3.5043905988576434,3.3386662635671187,3.3616125629131672,1868108.0703168171
2023-03-17,LINK,3.3395756208112988,3.4148905169091575,3.291514359952697,3.4024375173872765,1765987.2966977556
2023-03-18,LINK,3.400281696909522,3.6730145975210062,3.3673907417000177,3.6339878823707727,2694053.765636361
2023-03-19,LINK,3.6171525015169035,3.6286298609087178,3.5328118505648756,3.575877695595537,1773558.9642235143
2023-03-20,LINK,3.5599700676359363,3.6147710732448033,3.3917866855857244,3.420686088717222,1312585.7455614225
2023-03-21,LINK,3.436253020019938,3.48790685439309,3.408608959051569,3.485584250458212,1068395.9329299007
2023-03-22,LINK,3.4485397644317355,3.4674260267486896,3.3331973000466033,3.375768216030149,1468781.1213241061
2023-03-23,LINK,3.38955212039304,3.4515048154157135,3.341990843232785,3.394218509315945,1189967.9716928948
2023-03-24,LINK,3.410235082745906,3.582914384379407,3.383118057104971,3.535059453307919,2479472.898776196
2023-03-25,LINK,3.5432880739273926,3.6204149683879328,3.5275549189850284,3.562339495617922,1847114.359718806
2023-03-26,LINK,3.593375001018378,3.6038425338337876,3.455133412858798,3.4924922438678734,1612193.7038329367
2023-03-27,LINK,3.503902142815694,3.5505742687548394,3.3383030820434305,3.3484233757629003,1604875.999572873
2023-03-28,LINK,3.347315413846379,3.3726480229140776,3.3283268308118705,3.3630378786237913,1679442.5250862695
2023-03-29,LINK,3.3815614272650194,3.4275375107813337,3.3292956013324244,3.40605010619968,1889533.514012618
2023-03-30,LINK,3.4042468921839726,3.5896323950727447,3.3742743875228642,3.5224234837262074,1749863.0991569732
2023-03-31,LINK,3.5093235574552364,3.5507905924739296,3.4317346456849496,3.466917637846538,1763510.1712511347
2023-04-01,LINK,3.4771143760461087,3.5057689795298086,3.406444641537348,3.4264178108578016,1940436.165794721
2023-04-02,LINK,3.380490548253705,3.385361933576034,3.3273534751435414,3.350165299182869,1019683.5377460846
2023-04-03,LINK,3.3636797140327435,3.4322385691142756,3.3471633525035025,3.388227741977661,1297811.1366850361
2023-04-04,LINK,3.3610314874495355,3.4096338052834243,3.2125220612709655,3.2309452188469465,1950695.129701165
2023-04-05,LINK,3.2175471005990914,3.2571485212312905,3.057817395418045,3.083985315024751,1637521.0973192258
2023-04-06,LINK,3.1014469053227787,3.182369618987322,3.0815514916096194,3.126545754395053,1672079.3787812295
2023-04-07,LINK,3.125238359116823,3.1584482378406706,3.043429333024482,3.060192833148217,1316384.099142538
2023-04-08,LINK,3.043075415644486,3.1006487379226395,3.017846006737068,3.039661368044064,1190939.2392204485
2023-04-09,LINK,3.0197532347957226,3.0780327693383716,2.9618846199184268,3.0634195914585622,1085960.4879547167
2023-04-10,LINK,3.03712240923616,3.0796870142411383,2.9072612941375646,2.9248754485913193,1056354.8249827032
2023-04-11,LINK,2.916173054806964,2.9875441634833697,2.891601402460265,2.963991811347013,1704510.4195478496
2023-04-12,LINK,2.9634710269417868,3.037276910133366,2.9423054288965056,3.0092667992777407,1229141.6254134981
2023-04-13,LINK,3.029520608636637,3.0535590523564284,2.9636814643639346,2.9747668903325657,1427649.7740823175
2023-04-14,LINK,2.987078429049044,3.0881882003572234,2.965550549920335,3.072245909312324,1644714.8973533714
2023-04-15,LINK,3.070903114606628,3.145616134714828,3.055867165896204,3.135902783717336,1984654.1090939902
2023-04-16,LINK,3.13396171356923,3.1592285133960187,3.0390121419577816,3.051644406998942,1618059.4695739893
2023-04-17,LINK,3.0624337032271636,3.11201566738625,2.974528412046416,3.0216355432231774,1456484.734765283
2023-04-18,LINK,3.036940335183616,3.0887742295630938,2.9810639245576946,3.012422475611152,1160090.3190668174
2023-04-19,LINK,3.052949417492383,3.0576481129196864,2.9938108472674414,3.0484897473492896,1761310.3422353058
2023-04-20,LINK,3.0667106583453583,3.224144361628712,3.0350350531747767,3.1955353468523175,3035276.3225572724
2023-04-21,LINK,3.1809283954584977,3.365780518976049,3.1686412929405083,3.344328186396099,2558756.1845902544
2023-04-22,LINK,3.3439716809460216,3.3539463388230946,3.277648924500982,3.305639616819927,1305525.186400665
2023-04-23,LINK,3.299150734441249,3.3983523977500107,3.2917095189531573,3.3644364778679328,1196775.8020587845
2023-04-24,LINK,3.360106696770476,3.397671604826797,3.3128831474156843,3.33120077683324,1486999.5785779126
2023-04-25,LINK,3.3868126877401528,3.4352468634838567,3.244917530743056,3.289830743723194,1945382.9011634488
2023-04-26,LINK,3.3072659907618025,3.400084103532665,3.2776588611358326,3.368947955018897,1511321.993825412
2023-04-27,LINK,3.354983396541566,3.396553970023842,3.311445380499064,3.3696167799354253,1475033.8496748256
2023-04-28,LINK,3.3645994363250176,3.4372652454940433,3.25293655767812,3.272037452070498,1195067.8515750908
2023-04-29,LINK,3.263293331589357,3.2919696520885795,3.2586290622049017,3.2899748050060196,1008043.8480804506
2023-04-30,LINK,3.321422236863474,3.339900647819942,3.2234061412966466,3.2510361433106967,1547827.4328123173
2023-05-01,LINK,3.23117278164944,3.3219995894100647,3.2033213750689873,3.3155500461587435,1876232.909210025
2023-05-02,LINK,3.2983612269850386,3.424724794413605,3.2623443778289896,3.3921279623685936,1966353.9694474807
2023-05-03,LINK,3.3655283879342637,3.37618536192194,3.190307123342633,3.2234351903339427,1900936.4018663627
2023-05-04,LINK,3.205505344012803,3.316606498541372,3.1726322633265203,3.309874995897026,1099107.963968495
2023-05-05,LINK,3.3332901019719485,3.3720546910684255,3.297468172638525,3.3345542892263635,1125705.4042396904
2023-05-06,LINK,3.333383458679756,3.384631901696632,3.288973118939583,3.307785780711569,1632637.2851192635
2023-05-07,LINK,3.282505633867072,3.472101400281899,3.280724352202336,3.440120905113032,2093183.0796324944
2023-05-08,LINK,3.444067206180773,3.495592160631854,3.2175014223969285,3.252457848047971,1984386.8797289454
2023-05-09,LINK,3.274920278143159,3.310776984648067,3.257499326164485,3.262320619813553,1392420.425353066
2023-05-10,LINK,3.254101440468724,3.2996071350322875,3.1080455277514805,3.1321738088196387,1007873.7950119225
2023-05-11,LINK,3.137459454452284,3.345801932517559,3.1187800976309634,3.2952245744049393,2831345.28692997
2023-05-12,LINK,3.284037835644208,3.3589109493746894,3.166433523637495,3.21335752492061,1980051.113338601
2023-05-13,LINK,3.180938295212453,3.308514172207405,3.1663171119381794,3.2510804864279677,1373985.2494297079
2023-05-14,LINK,3.278148208677957,3.313867492468468,3.2522716430684313,3.28337650590586,1274643.1957124155
2023-05-15,LINK,3.2971925652112763,3.354085090963445,3.2963933178335068,3.3354632439381082,1140608.1022191672
2023-05-16,LINK,3.364009960399984,3.365254850385437,3.3299584443070387,3.3558146379496856,1849614.8872694063
2023-05-17,LINK,3.3766313933628735,3.430059504346473,3.322832458067944,3.4216580674520225,1819522.0401899333
2023-05-18,LINK,3.430838692924708,3.64529452924625,3.407642208290646,3.6038455956973783,2421241.1141112014
2023-05-19,LINK,3.595218830059432,3.6391784767714466,3.474156783575403,3.5230715963596153,1864977.8124551945
2023-05-20,LINK,3.5411805912540726,3.7108101864130285,3.516307649476043,3.687566669750556,3009306.4662941536
2023-05-21,LINK,3.68942795072245,3.7432763283533097,3.5907391800697677,3.6408829210127243,1586521.711498002
2023-05-22,LINK,3.686237389378933,3.7091079418214066,3.645245940134564,3.69486089637554,1009282.3895010259
2023-05-23,LINK,3.7105298113555687,3.8144162738372924,3.6271687650831526,3.671917344206647,1065446.3676334943
2023-05-24,LINK,3.6706746602397464,3.7061753165807843,3.5826617578550004,3.6056188933138476,1856937.1982880249
2023-05-25,LINK,3.6034758757319523,3.649034086554584,3.594681488238332,3.624886020815098,1296499.5816543815
2023-05-26,LINK,3.633074223100154,3.739897310351003,3.615788353399341,3.6837352645560935,1338131.883878726
2023-05-27,LINK,3.708271676933791,3.7295528400554514,3.5689667223480797,3.60401804681401,1862961.2280100703
2023-05-28,LINK,3.601191412017433,3.69214275560175,3.5829773413257184,3.679980579443796,1842075.413545233
2023-05-29,LINK,3.688522248610408,3.824655555952931,3.6700281373306636,3.8114582740720166,1998807.5065732636
2023-05-30,LINK,3.780003777110225,3.871268140093229,3.7386725612369274,3.8262978760462087,1339063.1222136973
2023-05-31,LINK,3.800742257818938,3.84987968587826,3.5172499294049344,3.5558253201899492,1056962.5822269493
2023-06-01,LINK,3.568884693756413,3.6567856306238276,3.5380390233251076,3.6159896036760215,1684648.4680288788
2023-06-02,LINK,3.6253651507550466,3.638369874333916,3.5445882003081493,3.6015687964191403,1566738.2905065431
2023-06-03,LINK,3.5698002378664495,3.6351394376916515,3.5261581271634386,3.598995074273933,1487885.0122951102
2023-06-04,LINK,3.5925017021499,3.6828749208141347,3.5325445213579405,3.6445197611944002,1214261.2750350302
2023-06-05,LINK,3.639717108568663,3.689599178849943,3.6345446781943096,3.6486250803790905,1268983.2633733426
2023-06-06,LINK,3.65387655021684,3.6688404898176254,3.546568004920132,3.5565599359735653,1559369.1063575472
2023-06-07,LINK,3.535417203696129,3.5945729959482904,3.4273505709090513,3.4461447781703605,1481297.7954849526
2023-06-08,LINK,3.4433638542676035,3.4991596864291856,3.4267116144936143,3.4641924593942615,1187577.6075599021
2023-06-09,LINK,3.4715850413319673,3.606812022193593,3.4459015635985506,3.590695330417044,1497768.0417199587
2023-06-10,LINK,3.6042208029204525,3.643665522785203,3.540778823862331,3.625511038810117,1404644.437278235
2023-06-11,LINK,3.602347041510527,3.801038398521686,3.574281051309607,3.7596043867466737,3044032.201233939
2023-06-12,LINK,3.780974963661327,3.85104508288139,3.7327220201231297,3.824466210394413,1841941.8445202748
2023-06-13,LINK,3.7787299085762145,3.7904866890759332,3.7453513357702146,3.760648092024238,1514157.8517948617
2023-06-14,LINK,3.751034085564751,3.8862072046792653,3.7419893609245714,3.872444653851226,1106878.2577806248
2023-06-15,LINK,3.84270086893647,3.867131628637624,3.7127218867365426,3.73025428715562,1335042.240596861
2023-06-16,LINK,3.719114038306431,3.87041805384425,3.6781799347277144,3.80660467695884,1473277.1878263208
2023-06-17,LINK,3.830641125980253,3.8641222554804515,3.813175897748461,3.818523560824003,1407944.476858355
2023-06-18,LINK,3.8448440716468104,3.980091480905655,3.841753353028961,3.8994135480048904,1960818.2921920957
2023-06-19,LINK,3.875309740669923,3.953521358890254,3.8080585537016653,3.911080136526167,1629228.110420904
