date,ordinal,equity,cash,gross_exposure
2021-01-01,737791.0,100000.0,100000.0,0
2021-01-02,737792.0,100000.0,100000.0,0
2021-01-03,737793.0,100000.0,100000.0,0
2021-01-04,737794.0,100000.0,100000.0,0
2021-01-05,737795.0,100000.0,100000.0,0
2021-01-06,737796.0,100000.0,100000.0,0
2021-01-07,737797.0,100000.0,100000.0,0
2021-01-08,737798.0,100000.0,100000.0,0
2021-01-09,737799.0,100000.0,100000.0,0
2021-01-10,737800.0,100000.0,100000.0,0
2021-01-11,737801.0,100000.0,100000.0,0
2021-01-12,737802.0,100000.0,100000.0,0
2021-01-13,737803.0,100000.0,100000.0,0
2021-01-14,737804.0,100000.0,100000.0,0
2021-01-15,737805.0,100000.0,100000.0,0
2021-01-16,737806.0,100000.0,100000.0,0
2021-01-17,737807.0,100000.0,100000.0,0
2021-01-18,737808.0,100000.0,100000.0,0
2021-01-19,737809.0,100000.0,100000.0,0
2021-01-20,737810.0,100000.0,100000.0,0
2021-01-21,737811.0,100000.0,100000.0,0
2021-01-22,737812.0,100000.0,100000.0,0
2021-01-23,737813.0,100000.0,100000.0,0
2021-01-24,737814.0,100000.0,100000.0,0
2021-01-25,737815.0,100000.0,100000.0,0
2021-01-26,737816.0,100000.0,100000.0,0
2021-01-27,737817.0,100000.0,100000.0,0
2021-01-28,737818.0,100000.0,100000.0,0
2021-01-29,737819.0,100000.0,100000.0,0
2021-01-30,737820.0,100000.0,100000.0,0
2021-01-31,737821.0,100000.0,100000.0,0
2021-02-01,737822.0,100000.0,100000.0,0
2021-02-02,737823.0,100000.0,100000.0,0
2021-02-03,737824.0,100000.0,100000.0,0
2021-02-04,737825.0,100000.0,100000.0,0
2021-02-05,737826.0,100000.0,100000.0,0
2021-02-06,737827.0,100000.0,100000.0,0
2021-02-07,737828.0,100000.0,100000.0,0
2021-02-08,737829.0,100000.0,100000.0,0
2021-02-09,737830.0,100000.0,100000.0,0
2021-02-10,737831.0,100000.0,100000.0,0
2021-02-11,737832.0,100000.0,100000.0,0
2021-02-12,737833.0,100000.0,100000.0,0
2021-02-13,737834.0,100000.0,100000.0,0
2021-02-14,737835.0,100000.0,100000.0,0
2021-02-15,737836.0,100000.0,100000.0,0
2021-02-16,737837.0,100000.0,100000.0,0
2021-02-17,737838.0,100000.0,100000.0,0
2021-02-18,737839.0,100000.0,100000.0,0
2021-02-19,737840.0,100000.0,100000.0,0
2021-02-20,737841.0,100000.0,100000.0,0
2021-02-21,737842.0,100000.0,100000.0,0
2021-02-22,737843.0,100000.0,100000.0,0
2021-02-23,737844.0,100000.0,100000.0,0
2021-02-24,737845.0,100000.0,100000.0,0
2021-02-25,737846.0,100000.0,100000.0,0
2021-02-26,737847.0,100000.0,100000.0,0
2021-02-27,737848.0,100000.0,100000.0,0
2021-02-28,737849.0,100000.0,100000.0,0
2021-03-01,737850.0,100000.0,100000.0,0
2021-03-02,737851.0,100000.0,100000.0,0
2021-03-03,737852.0,100000.0,100000.0,0
2021-03-04,737853.0,100000.0,100000.0,0
2021-03-05,737854.0,100000.0,100000.0,0
2021-03-06,737855.0,100000.0,100000.0,0
2021-03-07,737856.0,100000.0,100000.0,0
2021-03-08,737857.0,100000.0,100000.0,0
2021-03-09,737858.0,100000.0,100000.0,0
2021-03-10,737859.0,100000.0,100000.0,0
2021-03-11,737860.0,100000.0,100000.0,0
2021-03-12,737861.0,100000.0,100000.0,0
2021-03-13,737862.0,100000.0,100000.0,0
2021-03-14,737863.0,100000.0,100000.0,0
2021-03-15,737864.0,100000.0,100000.0,0
2021-03-16,737865.0,100000.0,100000.0,0
2021-03-17,737866.0,100000.0,100000.0,0
2021-03-18,737867.0,100000.0,100000.0,0
2021-03-19,737868.0,100000.0,100000.0,0
2021-03-20,737869.0,100000.0,100000.0,0
2021-03-21,737870.0,100000.0,100000.0,0
2021-03-22,737871.0,100000.0,100000.0,0
2021-03-23,737872.0,100000.0,100000.0,0
2021-03-24,737873.0,100000.0,100000.0,0
2021-03-25,737874.0,100000.0,100000.0,0
2021-03-26,737875.0,100000.0,100000.0,0
2021-03-27,737876.0,100000.0,100000.0,0
2021-03-28,737877.0,100000.0,100000.0,0
2021-03-29,737878.0,100000.0,100000.0,0
2021-03-30,737879.0,100000.0,100000.0,0
2021-03-31,737880.0,100000.0,100000.0,0
2021-04-01,737881.0,100000.0,100000.0,0
2021-04-02,737882.0,100000.0,100000.0,0
2021-04-03,737883.0,100000.0,100000.0,0
2021-04-04,737884.0,100000.0,100000.0,0
2021-04-05,737885.0,100000.0,100000.0,0
2021-04-06,737886.0,100000.0,100000.0,0
2021-04-07,737887.0,100000.0,100000.0,0
2021-04-08,737888.0,100000.0,100000.0,0
2021-04-09,737889.0,100000.0,100000.0,0
2021-04-10,737890.0,100000.0,100000.0,0
2021-04-11,737891.0,100000.0,100000.0,0
2021-04-12,737892.0,100000.0,100000.0,0
2021-04-13,737893.0,100000.0,100000.0,0
2021-04-14,737894.0,100000.0,100000.0,0
2021-04-15,737895.0,100000.0,100000.0,0
2021-04-16,737896.0,100000.0,100000.0,0
2021-04-17,737897.0,100000.0,100000.0,0
2021-04-18,737898.0,100000.0,100000.0,0
2021-04-19,737899.0,100000.0,100000.0,0
2021-04-20,737900.0,100000.0,100000.0,0
2021-04-21,737901.0,100000.0,100000.0,0
2021-04-22,737902.0,100000.0,100000.0,0
2021-04-23,737903.0,100000.0,100000.0,0
2021-04-24,737904.0,100000.0,100000.0,0
2021-04-25,737905.0,100000.0,100000.0,0
2021-04-26,737906.0,100000.0,100000.0,0
2021-04-27,737907.0,100000.0,100000.0,0
2021-04-28,737908.0,100000.0,100000.0,0
2021-04-29,737909.0,100000.0,100000.0,0
2021-04-30,737910.0,100000.0,100000.0,0
2021-05-01,737911.0,100000.0,100000.0,0
2021-05-02,737912.0,100000.0,100000.0,0
2021-05-03,737913.0,100000.0,100000.0,0
2021-05-04,737914.0,100000.0,100000.0,0
2021-05-05,737915.0,100000.0,100000.0,0
2021-05-06,737916.0,100000.0,100000.0,0
2021-05-07,737917.0,100000.0,100000.0,0
2021-05-08,737918.0,100000.0,100000.0,0
2021-05-09,737919.0,100000.0,100000.0,0
2021-05-10,737920.0,100000.0,100000.0,0
2021-05-11,737921.0,100000.0,100000.0,0
2021-05-12,737922.0,100000.0,100000.0,0
2021-05-13,737923.0,100000.0,100000.0,0
2021-05-14,737924.0,100000.0,100000.0,0
2021-05-15,737925.0,100000.0,100000.0,0
2021-05-16,737926.0,100000.0,100000.0,0
2021-05-17,737927.0,100000.0,100000.0,0
2021-05-18,737928.0,100000.0,100000.0,0
2021-05-19,737929.0,100000.0,100000.0,0
2021-05-20,737930.0,100000.0,100000.0,0
2021-05-21,737931.0,100000.0,100000.0,0
2021-05-22,737932.0,100000.0,100000.0,0
2021-05-23,737933.0,100000.0,100000.0,0
2021-05-24,737934.0,100000.0,100000.0,0
2021-05-25,737935.0,100000.0,100000.0,0
2021-05-26,737936.0,100000.0,100000.0,0
2021-05-27,737937.0,100000.0,100000.0,0
2021-05-28,737938.0,100000.0,100000.0,0
2021-05-29,737939.0,100000.0,100000.0,0
2021-05-30,737940.0,100000.0,100000.0,0
2021-05-31,737941.0,100000.0,100000.0,0
2021-06-01,737942.0,100000.0,100000.0,0
2021-06-02,737943.0,100000.0,100000.0,0
2021-06-03,737944.0,100000.0,100000.0,0
2021-06-04,737945.0,100000.0,100000.0,0
2021-06-05,737946.0,100000.0,100000.0,0
2021-06-06,737947.0,100000.0,100000.0,0
2021-06-07,737948.0,100000.0,100000.0,0
2021-06-08,737949.0,100000.0,100000.0,0
2021-06-09,737950.0,100000.0,100000.0,0
2021-06-10,737951.0,100000.0,100000.0,0
2021-06-11,737952.0,100000.0,100000.0,0
2021-06-12,737953.0,100000.0,100000.0,0
2021-06-13,737954.0,100000.0,100000.0,0
2021-06-14,737955.0,100000.0,100000.0,0
2021-06-15,737956.0,100000.0,100000.0,0
2021-06-16,737957.0,100000.0,100000.0,0
2021-06-17,737958.0,100000.0,100000.0,0
2021-06-18,737959.0,100000.0,100000.0,0
2021-06-19,737960.0,100000.0,100000.0,0
2021-06-20,737961.0,100000.0,100000.0,0
2021-06-21,737962.0,100000.0,100000.0,0
2021-06-22,737963.0,100000.0,100000.0,0
2021-06-23,737964.0,100000.0,100000.0,0
2021-06-24,737965.0,100000.0,100000.0,0
2021-06-25,737966.0,100000.0,100000.0,0
2021-06-26,737967.0,100000.0,100000.0,0
2021-06-27,737968.0,100000.0,100000.0,0
2021-06-28,737969.0,100000.0,100000.0,0
2021-06-29,737970.0,100000.0,100000.0,0
2021-06-30,737971.0,100000.0,100000.0,0
2021-07-01,737972.0,100000.0,100000.0,0
2021-07-02,737973.0,100000.0,100000.0,0
2021-07-03,737974.0,100000.0,100000.0,0
2021-07-04,737975.0,100000.0,100000.0,0
2021-07-05,737976.0,100000.0,100000.0,0
2021-07-06,737977.0,100000.0,100000.0,0
2021-07-07,737978.0,100000.0,100000.0,0
2021-07-08,737979.0,100000.0,100000.0,0
2021-07-09,737980.0,100000.0,100000.0,0
2021-07-10,737981.0,100000.0,100000.0,0
2021-07-11,737982.0,100000.0,100000.0,0
2021-07-12,737983.0,100000.0,100000.0,0
2021-07-13,737984.0,100000.0,100000.0,0
2021-07-14,737985.0,100000.0,100000.0,0
2021-07-15,737986.0,100000.0,100000.0,0
2021-07-16,737987.0,100000.0,100000.0,0
2021-07-17,737988.0,100000.0,100000.0,0
2021-07-18,737989.0,100000.0,100000.0,0
2021-07-19,737990.0,100000.0,100000.0,0
2021-07-20,737991.0,100000.0,100000.0,0
2021-07-21,737992.0,100000.0,100000.0,0
2021-07-22,737993.0,100000.0,100000.0,0
2021-07-23,737994.0,100000.0,100000.0,0
2021-07-24,737995.0,100000.0,100000.0,0
2021-07-25,737996.0,100000.0,100000.0,0
2021-07-26,737997.0,100000.0,100000.0,0
2021-07-27,737998.0,100000.0,100000.0,0
2021-07-28,737999.0,100000.0,100000.0,0
2021-07-29,738000.0,100000.0,100000.0,0
2021-07-30,738001.0,100000.0,100000.0,0
2021-07-31,738002.0,100000.0,100000.0,0
2021-08-01,738003.0,100000.0,100000.0,0
2021-08-02,738004.0,100000.0,100000.0,0
2021-08-03,738005.0,100000.0,100000.0,0
2021-08-04,738006.0,100000.0,100000.0,0
2021-08-05,738007.0,100000.0,100000.0,0
2021-08-06,738008.0,100000.0,100000.0,0
2021-08-07,738009.0,100000.0,100000.0,0
2021-08-08,738010.0,100000.0,100000.0,0
2021-08-09,738011.0,100000.0,100000.0,0
2021-08-10,738012.0,100000.0,100000.0,0
2021-08-11,738013.0,100000.0,100000.0,0
2021-08-12,738014.0,100000.0,100000.0,0
2021-08-13,738015.0,100000.0,100000.0,0
2021-08-14,738016.0,100000.0,100000.0,0
2021-08-15,738017.0,100000.0,100000.0,0
2021-08-16,738018.0,100000.0,100000.0,0
2021-08-17,738019.0,100000.0,100000.0,0
2021-08-18,738020.0,100000.0,100000.0,0
2021-08-19,738021.0,100000.0,100000.0,0
2021-08-20,738022.0,100000.0,100000.0,0
2021-08-21,738023.0,100000.0,100000.0,0
2021-08-22,738024.0,100000.0,100000.0,0
2021-08-23,738025.0,100000.0,100000.0,0
2021-08-24,738026.0,100000.0,100000.0,0
2021-08-25,738027.0,100000.0,100000.0,0
2021-08-26,738028.0,100000.0,100000.0,0
2021-08-27,738029.0,100000.0,100000.0,0
2021-08-28,738030.0,100000.0,100000.0,0
2021-08-29,738031.0,100000.0,100000.0,0
2021-08-30,738032.0,100000.0,100000.0,0
2021-08-31,738033.0,100000.0,100000.0,0
2021-09-01,738034.0,100000.0,100000.0,0
2021-09-02,738035.0,100000.0,100000.0,0
2021-09-03,738036.0,100000.0,100000.0,0
2021-09-04,738037.0,100000.0,100000.0,0
2021-09-05,738038.0,100000.0,100000.0,0
2021-09-06,738039.0,100000.0,100000.0,0
2021-09-07,738040.0,100000.0,100000.0,0
2021-09-08,738041.0,100000.0,100000.0,0
2021-09-09,738042.0,100000.0,100000.0,0
2021-09-10,738043.0,100000.0,100000.0,0
2021-09-11,738044.0,100000.0,100000.0,0
2021-09-12,738045.0,100000.0,100000.0,0
2021-09-13,738046.0,100000.0,100000.0,0
2021-09-14,738047.0,100000.0,100000.0,0
2021-09-15,738048.0,100000.0,100000.0,0
2021-09-16,738049.0,100000.0,100000.0,0
2021-09-17,738050.0,100000.0,100000.0,0
2021-09-18,738051.0,100000.0,100000.0,0
2021-09-19,738052.0,100000.0,100000.0,0
2021-09-20,738053.0,100000.0,100000.0,0
2021-09-21,738054.0,100000.0,100000.0,0
2021-09-22,738055.0,100000.0,100000.0,0
2021-09-23,738056.0,100000.0,100000.0,0
2021-09-24,738057.0,100000.0,100000.0,0
2021-09-25,738058.0,100000.0,100000.0,0
2021-09-26,738059.0,100000.0,100000.0,0
2021-09-27,738060.0,100000.0,100000.0,0
2021-09-28,738061.0,100000.0,100000.0,0
2021-09-29,738062.0,100000.0,100000.0,0
2021-09-30,738063.0,100000.0,100000.0,0
2021-10-01,738064.0,100000.0,100000.0,0
2021-10-02,738065.0,100000.0,100000.0,0
2021-10-03,738066.0,100000.0,100000.0,0
2021-10-04,738067.0,100000.0,100000.0,0
2021-10-05,738068.0,100000.0,100000.0,0
2021-10-06,738069.0,100000.0,100000.0,0
2021-10-07,738070.0,100000.0,100000.0,0
2021-10-08,738071.0,100000.0,100000.0,0
2021-10-09,738072.0,100000.0,100000.0,0
2021-10-10,738073.0,100000.0,100000.0,0
2021-10-11,738074.0,100000.0,100000.0,0
2021-10-12,738075.0,100000.0,100000.0,0
2021-10-13,738076.0,100000.0,100000.0,0
2021-10-14,738077.0,100000.0,100000.0,0
2021-10-15,738078.0,100000.0,100000.0,0
2021-10-16,738079.0,100000.0,100000.0,0
2021-10-17,738080.0,100000.0,100000.0,0
2021-10-18,738081.0,100000.0,100000.0,0
2021-10-19,738082.0,100000.0,100000.0,0
2021-10-20,738083.0,100000.0,100000.0,0
2021-10-21,738084.0,100000.0,100000.0,0
2021-10-22,738085.0,100000.0,100000.0,0
2021-10-23,738086.0,100000.0,100000.0,0
2021-10-24,738087.0,100000.0,100000.0,0
2021-10-25,738088.0,100000.0,100000.0,0
2021-10-26,738089.0,100000.0,100000.0,0
2021-10-27,738090.0,100000.0,100000.0,0
2021-10-28,738091.0,100000.0,100000.0,0
2021-10-29,738092.0,100000.0,100000.0,0
2021-10-30,738093.0,100000.0,100000.0,0
2021-10-31,738094.0,100000.0,100000.0,0
2021-11-01,738095.0,100000.0,100000.0,0
2021-11-02,738096.0,100000.0,100000.0,0
2021-11-03,738097.0,100000.0,100000.0,0
2021-11-04,738098.0,100000.0,100000.0,0
2021-11-05,738099.0,100000.0,100000.0,0
2021-11-06,738100.0,100000.0,100000.0,0
2021-11-07,738101.0,100000.0,100000.0,0
2021-11-08,738102.0,100000.0,100000.0,0
2021-11-09,738103.0,100000.0,100000.0,0
2021-11-10,738104.0,100000.0,100000.0,0
2021-11-11,738105.0,100000.0,100000.0,0
2021-11-12,738106.0,100000.0,100000.0,0
2021-11-13,738107.0,100000.0,100000.0,0
2021-11-14,738108.0,100000.0,100000.0,0
2021-11-15,738109.0,100000.0,100000.0,0
2021-11-16,738110.0,100000.0,100000.0,0
2021-11-17,738111.0,100000.0,100000.0,0
2021-11-18,738112.0,100000.0,100000.0,0
2021-11-19,738113.0,100000.0,100000.0,0
2021-11-20,738114.0,100000.0,100000.0,0
2021-11-21,738115.0,100000.0,100000.0,0
2021-11-22,738116.0,100000.0,100000.0,0
2021-11-23,738117.0,100000.0,100000.0,0
2021-11-24,738118.0,100000.0,100000.0,0
2021-11-25,738119.0,100000.0,100000.0,0
2021-11-26,738120.0,100000.0,100000.0,0
2021-11-27,738121.0,100000.0,100000.0,0
2021-11-28,738122.0,100000.0,100000.0,0
2021-11-29,738123.0,100000.0,100000.0,0
2021-11-30,738124.0,100000.0,100000.0,0
2021-12-01,738125.0,100000.0,100000.0,0
2021-12-02,738126.0,100000.0,100000.0,0
2021-12-03,738127.0,100000.0,100000.0,0
2021-12-04,738128.0,100000.0,100000.0,0
2021-12-05,738129.0,100000.0,100000.0,0
2021-12-06,738130.0,100000.0,100000.0,0
2021-12-07,738131.0,100000.0,100000.0,0
2021-12-08,738132.0,100000.0,100000.0,0
2021-12-09,738133.0,100000.0,100000.0,0
2021-12-10,738134.0,100000.0,100000.0,0
2021-12-11,738135.0,100000.0,100000.0,0
2021-12-12,738136.0,100000.0,100000.0,0
2021-12-13,738137.0,100000.0,100000.0,0
2021-12-14,738138.0,100000.0,100000.0,0
2021-12-15,738139.0,100000.0,100000.0,0
2021-12-16,738140.0,100000.0,100000.0,0
2021-12-17,738141.0,100000.0,100000.0,0
2021-12-18,738142.0,100000.0,100000.0,0
2021-12-19,738143.0,100000.0,100000.0,0
2021-12-20,738144.0,100000.0,100000.0,0
2021-12-21,738145.0,100000.0,100000.0,0
2021-12-22,738146.0,100000.0,100000.0,0
2021-12-23,738147.0,100000.0,100000.0,0
2021-12-24,738148.0,100000.0,100000.0,0
2021-12-25,738149.0,100000.0,100000.0,0
2021-12-26,738150.0,100000.0,100000.0,0
2021-12-27,738151.0,100000.0,100000.0,0
2021-12-28,738152.0,100000.0,100000.0,0
2021-12-29,738153.0,100000.0,100000.0,0
2021-12-30,738154.0,100000.0,100000.0,0
2021-12-31,738155.0,100000.0,100000.0,0
2022-01-01,738156.0,100000.0,100000.0,0
2022-01-02,738157.0,100000.0,100000.0,0
2022-01-03,738158.0,100000.0,100000.0,0
2022-01-04,738159.0,100000.0,100000.0,0
2022-01-05,738160.0,100000.0,100000.0,0
2022-01-06,738161.0,100000.0,100000.0,0
2022-01-07,738162.0,100000.0,100000.0,0
2022-01-08,738163.0,100000.0,100000.0,0
2022-01-09,738164.0,100000.0,100000.0,0
2022-01-10,738165.0,100000.0,100000.0,0
2022-01-11,738166.0,100000.0,100000.0,0
2022-01-12,738167.0,100000.0,100000.0,0
2022-01-13,738168.0,100000.0,100000.0,0
2022-01-14,738169.0,100000.0,100000.0,0
2022-01-15,738170.0,100000.0,100000.0,0
2022-01-16,738171.0,100000.0,100000.0,0
2022-01-17,738172.0,100000.0,100000.0,0
2022-01-18,738173.0,100000.0,100000.0,0
2022-01-19,738174.0,100000.0,100000.0,0
2022-01-20,738175.0,100000.0,100000.0,0
2022-01-21,738176.0,100000.0,100000.0,0
2022-01-22,738177.0,100000.0,100000.0,0
2022-01-23,738178.0,100000.0,100000.0,0
2022-01-24,738179.0,100000.0,100000.0,0
2022-01-25,738180.0,100000.0,100000.0,0
2022-01-26,738181.0,100000.0,100000.0,0
2022-01-27,738182.0,100000.0,100000.0,0
2022-01-28,738183.0,100000.0,100000.0,0
2022-01-29,738184.0,100000.0,100000.0,0
2022-01-30,738185.0,100000.0,100000.0,0
2022-01-31,738186.0,100000.0,100000.0,0
2022-02-01,738187.0,100000.0,100000.0,0
2022-02-02,738188.0,100000.0,100000.0,0
2022-02-03,738189.0,100000.0,100000.0,0
2022-02-04,738190.0,100000.0,100000.0,0
2022-02-05,738191.0,100000.0,100000.0,0
2022-02-06,738192.0,100000.0,100000.0,0
2022-02-07,738193.0,100000.0,100000.0,0
2022-02-08,738194.0,100000.0,100000.0,0
2022-02-09,738195.0,100000.0,100000.0,0
2022-02-10,738196.0,100000.0,100000.0,0
2022-02-11,738197.0,100000.0,100000.0,0
2022-02-12,738198.0,100000.0,100000.0,0
2022-02-13,738199.0,100000.0,100000.0,0
2022-02-14,738200.0,100000.0,100000.0,0
2022-02-15,738201.0,100000.0,100000.0,0
2022-02-16,738202.0,100000.0,100000.0,0
2022-02-17,738203.0,100000.0,100000.0,0
2022-02-18,738204.0,100000.0,100000.0,0
2022-02-19,738205.0,100000.0,100000.0,0
2022-02-20,738206.0,100000.0,100000.0,0
2022-02-21,738207.0,100000.0,100000.0,0
2022-02-22,738208.0,100000.0,100000.0,0
2022-02-23,738209.0,100000.0,100000.0,0
2022-02-24,738210.0,100000.0,100000.0,0
2022-02-25,738211.0,100000.0,100000.0,0
2022-02-26,738212.0,100000.0,100000.0,0
2022-02-27,738213.0,100000.0,100000.0,0
2022-02-28,738214.0,100000.0,100000.0,0
2022-03-01,738215.0,100000.0,100000.0,0
2022-03-02,738216.0,100000.0,100000.0,0
2022-03-03,738217.0,100000.0,100000.0,0
2022-03-04,738218.0,100000.0,100000.0,0
2022-03-05,738219.0,100000.0,100000.0,0
2022-03-06,738220.0,100000.0,100000.0,0
2022-03-07,738221.0,100000.0,100000.0,0
2022-03-08,738222.0,100000.0,100000.0,0
2022-03-09,738223.0,100000.0,100000.0,0
2022-03-10,738224.0,100000.0,100000.0,0
2022-03-11,738225.0,100000.0,100000.0,0
2022-03-12,738226.0,100000.0,100000.0,0
2022-03-13,738227.0,100000.0,100000.0,0
2022-03-14,738228.0,100000.0,100000.0,0
2022-03-15,738229.0,100000.0,100000.0,0
2022-03-16,738230.0,100000.0,100000.0,0
2022-03-17,738231.0,100000.0,100000.0,0
2022-03-18,738232.0,100000.0,100000.0,0
2022-03-19,738233.0,100000.0,100000.0,0
2022-03-20,738234.0,100000.0,100000.0,0
2022-03-21,738235.0,100000.0,100000.0,0
2022-03-22,738236.0,100000.0,100000.0,0
2022-03-23,738237.0,100000.0,100000.0,0
2022-03-24,738238.0,100000.0,100000.0,0
2022-03-25,738239.0,99980.18194199723,94735.26915487886,5244.912787118372
2022-03-26,738240.0,100052.6470667356,94735.26915487886,5317.377911856744
2022-03-27,738241.0,100307.35707704442,94735.26915487886,5572.087922165558
2022-03-28,738242.0,100398.8323059875,96172.5059490752,4226.3263569123
2022-03-29,738243.0,100484.54015329968,96172.5059490752,4312.034204224477
2022-03-30,738244.0,100465.87438155185,96172.5059490752,4293.3684324766555
2022-03-31,738245.0,100122.43561038218,89321.15577095088,10801.279839431303
2022-04-01,738246.0,100633.75463701051,89321.15577095088,11312.59886605963
2022-04-02,738247.0,100456.68918179414,89321.15577095088,11135.533410843258
2022-04-03,738248.0,100760.13477636066,89321.15577095088,11438.979005409781
2022-04-04,738249.0,100713.72972229977,89321.15577095088,11392.573951348897
2022-04-05,738250.0,100526.1636166326,89321.15577095088,11205.007845681725
2022-04-06,738251.0,99842.90553525083,89321.15577095088,10521.749764299953
2022-04-07,738252.0,100163.47563779575,89321.15577095088,10842.31986684487
2022-04-08,738253.0,99894.86121271482,89321.15577095088,10573.705441763945
2022-04-09,738254.0,100057.73828438274,89321.15577095088,10736.582513431855
2022-04-10,738255.0,99855.72787861114,89321.15577095088,10534.57210766026
2022-04-11,738256.0,99644.27334767014,99644.27334767014,0
2022-04-12,738257.0,99644.27334767014,99644.27334767014,0
2022-04-13,738258.0,99644.27334767014,99644.27334767014,0
2022-04-14,738259.0,99644.27334767014,99644.27334767014,0
2022-04-15,738260.0,99644.27334767014,99644.27334767014,0
2022-04-16,738261.0,99644.27334767014,99644.27334767014,0
2022-04-17,738262.0,99644.27334767014,99644.27334767014,0
2022-04-18,738263.0,99644.27334767014,99644.27334767014,0
2022-04-19,738264.0,99644.27334767014,99644.27334767014,0
2022-04-20,738265.0,99644.27334767014,99644.27334767014,0
2022-04-21,738266.0,99644.27334767014,99644.27334767014,0
2022-04-22,738267.0,99644.27334767014,99644.27334767014,0
2022-04-23,738268.0,99644.27334767014,99644.27334767014,0
2022-04-24,738269.0,99644.27334767014,99644.27334767014,0
2022-04-25,738270.0,99644.27334767014,99644.27334767014,0
2022-04-26,738271.0,99644.27334767014,99644.27334767014,0
2022-04-27,738272.0,99644.27334767014,99644.27334767014,0
2022-04-28,738273.0,99644.27334767014,99644.27334767014,0
2022-04-29,738274.0,99644.27334767014,99644.27334767014,0
2022-04-30,738275.0,99644.27334767014,99644.27334767014,0
2022-05-01,738276.0,99644.27334767014,99644.27334767014,0
2022-05-02,738277.0,99644.27334767014,99644.27334767014,0
2022-05-03,738278.0,99644.27334767014,99644.27334767014,0
2022-05-04,738279.0,99644.27334767014,99644.27334767014,0
2022-05-05,738280.0,99644.27334767014,99644.27334767014,0
2022-05-06,738281.0,99644.27334767014,99644.27334767014,0
2022-05-07,738282.0,99644.27334767014,99644.27334767014,0
2022-05-08,738283.0,99644.27334767014,99644.27334767014,0
2022-05-09,738284.0,99644.27334767014,99644.27334767014,0
2022-05-10,738285.0,99644.27334767014,99644.27334767014,0
2022-05-11,738286.0,99644.27334767014,99644.27334767014,0
2022-05-12,738287.0,99644.27334767014,99644.27334767014,0
2022-05-13,738288.0,99644.27334767014,99644.27334767014,0
2022-05-14,738289.0,99644.27334767014,99644.27334767014,0
2022-05-15,738290.0,99644.27334767014,99644.27334767014,0
2022-05-16,738291.0,99644.27334767014,99644.27334767014,0
2022-05-17,738292.0,99644.27334767014,99644.27334767014,0
2022-05-18,738293.0,99644.27334767014,99644.27334767014,0
2022-05-19,738294.0,99644.27334767014,99644.27334767014,0
2022-05-20,738295.0,99644.27334767014,99644.27334767014,0
2022-05-21,738296.0,99644.27334767014,99644.27334767014,0
2022-05-22,738297.0,99644.27334767014,99644.27334767014,0
2022-05-23,738298.0,99644.27334767014,99644.27334767014,0
2022-05-24,738299.0,99644.27334767014,99644.27334767014,0
2022-05-25,738300.0,99644.27334767014,99644.27334767014,0
2022-05-26,738301.0,99644.27334767014,99644.27334767014,0
2022-05-27,738302.0,99644.27334767014,99644.27334767014,0
2022-05-28,738303.0,99644.27334767014,99644.27334767014,0
2022-05-29,738304.0,99644.27334767014,99644.27334767014,0
2022-05-30,738305.0,99644.27334767014,99644.27334767014,0
2022-05-31,738306.0,99644.27334767014,99644.27334767014,0
2022-06-01,738307.0,99644.27334767014,99644.27334767014,0
2022-06-02,738308.0,99644.27334767014,99644.27334767014,0
2022-06-03,738309.0,99644.27334767014,99644.27334767014,0
2022-06-04,738310.0,99644.27334767014,99644.27334767014,0
2022-06-05,738311.0,99644.27334767014,99644.27334767014,0
2022-06-06,738312.0,99644.27334767014,99644.27334767014,0
2022-06-07,738313.0,99644.27334767014,99644.27334767014,0
2022-06-08,738314.0,99644.27334767014,99644.27334767014,0
2022-06-09,738315.0,99644.27334767014,99644.27334767014,0
2022-06-10,738316.0,99644.27334767014,99644.27334767014,0
2022-06-11,738317.0,99644.27334767014,99644.27334767014,0
2022-06-12,738318.0,99644.27334767014,99644.27334767014,0
2022-06-13,738319.0,99644.27334767014,99644.27334767014,0
2022-06-14,738320.0,99644.27334767014,99644.27334767014,0
2022-06-15,738321.0,99644.27334767014,99644.27334767014,0
2022-06-16,738322.0,99644.27334767014,99644.27334767014,0
2022-06-17,738323.0,99644.27334767014,99644.27334767014,0
2022-06-18,738324.0,99644.27334767014,99644.27334767014,0
2022-06-19,738325.0,99644.27334767014,99644.27334767014,0
2022-06-20,738326.0,99644.27334767014,99644.27334767014,0
2022-06-21,738327.0,99644.27334767014,99644.27334767014,0
2022-06-22,738328.0,99644.27334767014,99644.27334767014,0
2022-06-23,738329.0,99644.27334767014,99644.27334767014,0
2022-06-24,738330.0,99644.27334767014,99644.27334767014,0
2022-06-25,738331.0,99644.27334767014,99644.27334767014,0
2022-06-26,738332.0,99644.27334767014,99644.27334767014,0
2022-06-27,738333.0,99644.27334767014,99644.27334767014,0
2022-06-28,738334.0,99644.27334767014,99644.27334767014,0
2022-06-29,738335.0,99644.27334767014,99644.27334767014,0
2022-06-30,738336.0,99644.27334767014,99644.27334767014,0
2022-07-01,738337.0,99644.27334767014,99644.27334767014,0
2022-07-02,738338.0,99644.27334767014,99644.27334767014,0
2022-07-03,738339.0,99644.27334767014,99644.27334767014,0
2022-07-04,738340.0,99644.27334767014,99644.27334767014,0
2022-07-05,738341.0,99644.27334767014,99644.27334767014,0
2022-07-06,738342.0,99644.27334767014,99644.27334767014,0
2022-07-07,738343.0,99644.27334767014,99644.27334767014,0
2022-07-08,738344.0,99644.27334767014,99644.27334767014,0
2022-07-09,738345.0,99644.27334767014,99644.27334767014,0
2022-07-10,738346.0,99644.27334767014,99644.27334767014,0
2022-07-11,738347.0,99644.27334767014,99644.27334767014,0
2022-07-12,738348.0,99644.27334767014,99644.27334767014,0
2022-07-13,738349.0,99644.27334767014,99644.27334767014,0
2022-07-14,738350.0,99644.27334767014,99644.27334767014,0
2022-07-15,738351.0,99644.27334767014,99644.27334767014,0
2022-07-16,738352.0,99644.27334767014,99644.27334767014,0
2022-07-17,738353.0,99644.27334767014,99644.27334767014,0
2022-07-18,738354.0,99644.27334767014,99644.27334767014,0
2022-07-19,738355.0,99726.16529548998,94533.2853775729,5192.879917917079
2022-07-20,738356.0,99525.10069703005,94533.2853775729,4991.815319457147
2022-07-21,738357.0,99668.16589208807,94533.2853775729,5134.8805145151755
2022-07-22,738358.0,99606.29986179271,94533.2853775729,5073.0144842198115
2022-07-23,738359.0,99544.43383149734,94533.2853775729,5011.1484539244475
2022-07-24,738360.0,99586.96672732542,94533.2853775729,5053.68134975251
2022-07-25,738361.0,99262.17006827475,94533.2853775729,4728.8846907018515
2022-07-26,738362.0,99354.9691137178,94533.2853775729,4821.683736144897
2022-07-27,738363.0,99784.16469889188,94533.2853775729,5250.879321318982
2022-07-28,738364.0,99892.43025190877,94533.2853775729,5359.144874335868
2022-07-29,738365.0,100188.9132347208,95931.7570250211,4257.156209699705
2022-07-30,738366.0,100104.81409978804,95931.7570250211,4173.057074766945
2022-07-31,738367.0,100041.01475604594,95931.7570250211,4109.257731024851
2022-08-01,738368.0,100038.11478587585,95931.7570250211,4106.357760854756
2022-08-02,738369.0,100046.81469638614,95931.7570250211,4115.057671365042
2022-08-03,738370.0,100245.46265303766,95931.7570250211,4313.705628016561
2022-08-04,738371.0,100452.81052019946,95931.7570250211,4521.053495178366
2022-08-05,738372.0,100506.53725988376,97452.86867077355,3053.6685891102106
2022-08-06,738373.0,100499.7706628202,97452.86867077355,3046.9019920466553
2022-08-07,738374.0,100573.23657379595,97452.86867077355,3120.3679030224
2022-08-08,738375.0,100593.53636498662,97452.86867077355,3140.6676942130657
2022-08-09,738376.0,100588.7030813698,97452.86867077355,3135.8344105962406
2022-08-10,738377.0,100631.23597719785,97452.86867077355,3178.3673064243035
2022-08-11,738378.0,100580.96982758287,97452.86867077355,3128.1011568093204
2022-08-12,738379.0,100622.53606668756,97452.86867077355,3169.6673959140176
2022-08-13,738380.0,100587.73642464643,97452.86867077355,3134.8677538728757
2022-08-14,738381.0,100522.97042418097,97452.86867077355,3070.101753407417
2022-08-15,738382.0,100541.3369019249,97452.86867077355,3088.468231151353
2022-08-16,738383.0,100508.47057333049,97452.86867077355,3055.6019025569412
2022-08-17,738384.0,100419.53815478091,97452.86867077355,2966.669484007356
2022-08-18,738385.0,100334.47236312478,97452.86867077355,2881.6036923512315
2022-08-19,738386.0,100150.80758568541,97452.86867077355,2697.9389149118706
2022-08-20,738387.0,100195.27379496022,97452.86867077355,2742.4051241866628
2022-08-21,738388.0,100371.20531861264,97452.86867077355,2918.336647839103
2022-08-22,738389.0,100352.83884086872,97452.86867077355,2899.9701700951673
2022-08-23,738390.0,100346.07224380516,97452.86867077355,2893.203573031612
2022-08-24,738391.0,100318.03919882757,97452.86867077355,2865.170528054025
2022-08-25,738392.0,100364.4387215491,97452.86867077355,2911.5700507755478
2022-08-26,738393.0,100155.64086930224,97452.86867077355,2702.772198528696
2022-08-27,738394.0,100139.20770500504,97452.86867077355,2686.3390342314897
2022-08-28,738395.0,100125.67451087793,97452.86867077355,2672.805840104379
2022-08-29,738396.0,100216.54024287424,97452.86867077355,2763.671572100694
2022-08-30,738397.0,100174.97400376954,97452.86867077355,2722.1053329959973
2022-08-31,738398.0,100151.77424240878,97452.86867077355,2698.9055716352354
2022-09-01,738399.0,100143.0743318985,97452.86867077355,2690.20566112495
2022-09-02,738400.0,100135.34107811158,97452.86867077355,2682.47240733803
2022-09-03,738401.0,100138.24104828168,97452.86867077355,2685.372377508125
2022-09-04,738402.0,100150.80758568541,97452.86867077355,2697.9389149118706
2022-09-05,738403.0,100129.54113777139,97452.86867077355,2676.672466997839
2022-09-06,738404.0,100063.41540583578,100063.41540583578,0
2022-09-07,738405.0,100063.41540583578,100063.41540583578,0
2022-09-08,738406.0,100063.41540583578,100063.41540583578,0
2022-09-09,738407.0,100063.41540583578,100063.41540583578,0
2022-09-10,738408.0,100063.41540583578,100063.41540583578,0
2022-09-11,738409.0,100063.41540583578,100063.41540583578,0
2022-09-12,738410.0,100063.41540583578,100063.41540583578,0
2022-09-13,738411.0,100063.41540583578,100063.41540583578,0
2022-09-14,738412.0,100063.41540583578,100063.41540583578,0
2022-09-15,738413.0,100063.41540583578,100063.41540583578,0
2022-09-16,738414.0,100063.41540583578,100063.41540583578,0
2022-09-17,738415.0,100063.41540583578,100063.41540583578,0
2022-09-18,738416.0,100063.41540583578,100063.41540583578,0
2022-09-19,738417.0,100063.41540583578,100063.41540583578,0
2022-09-20,738418.0,100063.41540583578,100063.41540583578,0
2022-09-21,738419.0,100063.41540583578,100063.41540583578,0
2022-09-22,738420.0,100063.41540583578,100063.41540583578,0
2022-09-23,738421.0,100063.41540583578,100063.41540583578,0
2022-09-24,738422.0,100063.41540583578,100063.41540583578,0
2022-09-25,738423.0,100063.41540583578,100063.41540583578,0
2022-09-26,738424.0,100063.41540583578,100063.41540583578,0
2022-09-27,738425.0,100063.41540583578,100063.41540583578,0
2022-09-28,738426.0,100063.41540583578,100063.41540583578,0
2022-09-29,738427.0,100063.41540583578,100063.41540583578,0
2022-09-30,738428.0,100063.41540583578,100063.41540583578,0
2022-10-01,738429.0,100063.41540583578,100063.41540583578,0
2022-10-02,738430.0,100063.41540583578,100063.41540583578,0
2022-10-03,738431.0,100063.41540583578,100063.41540583578,0
2022-10-04,738432.0,100063.41540583578,100063.41540583578,0
2022-10-05,738433.0,100063.41540583578,100063.41540583578,0
2022-10-06,738434.0,100063.41540583578,100063.41540583578,0
2022-10-07,738435.0,100063.41540583578,100063.41540583578,0
2022-10-08,738436.0,100063.41540583578,100063.41540583578,0
2022-10-09,738437.0,100063.41540583578,100063.41540583578,0
2022-10-10,738438.0,100063.41540583578,100063.41540583578,0
2022-10-11,738439.0,100063.41540583578,100063.41540583578,0
2022-10-12,738440.0,100063.41540583578,100063.41540583578,0
2022-10-13,738441.0,100063.41540583578,100063.41540583578,0
2022-10-14,738442.0,100063.41540583578,100063.41540583578,0
2022-10-15,738443.0,100063.41540583578,100063.41540583578,0
2022-10-16,738444.0,100063.41540583578,100063.41540583578,0
2022-10-17,738445.0,100063.41540583578,100063.41540583578,0
2022-10-18,738446.0,100063.41540583578,100063.41540583578,0
2022-10-19,738447.0,100063.41540583578,100063.41540583578,0
2022-10-20,738448.0,100063.41540583578,100063.41540583578,0
2022-10-21,738449.0,100063.41540583578,100063.41540583578,0
2022-10-22,738450.0,100063.41540583578,100063.41540583578,0
2022-10-23,738451.0,100063.41540583578,100063.41540583578,0
2022-10-24,738452.0,100063.41540583578,100063.41540583578,0
2022-10-25,738453.0,100063.41540583578,100063.41540583578,0
2022-10-26,738454.0,100443.06404945832,94775.11042177505,5667.953627683264
2022-10-27,738455.0,100254.6871984776,94775.11042177505,5479.576776702539
2022-10-28,738456.0,100400.75616496331,94775.11042177505,5625.645743188265
2022-10-29,738457.0,100614.35031952434,96218.30235114056,4396.04796838377
2022-10-30,738458.0,100754.64381055874,88530.77926782407,12223.864542734675
2022-10-31,738459.0,101002.31762210032,90572.56740716625,10429.750214934073
2022-11-01,738460.0,100983.98523118898,90572.56740716625,10411.41782402274
2022-11-02,738461.0,100750.75468772807,90572.56740716625,10178.187280561824
2022-11-03,738462.0,101029.19402746749,85558.63289302315,15470.561134444339
2022-11-04,738463.0,102200.71589926687,89099.13631351039,13101.579585756483
2022-11-05,738464.0,102186.0019405607,89099.13631351039,13086.86562705032
2022-11-06,738465.0,101824.40982095998,89099.13631351039,12725.273507449581
2022-11-07,738466.0,101875.86134028654,90599.38568235234,11276.475657934208
2022-11-08,738467.0,100949.42209372437,96820.7192220758,4128.702871648566
2022-11-09,738468.0,100413.1424257642,100413.1424257642,0
2022-11-10,738469.0,100413.1424257642,100413.1424257642,0
2022-11-11,738470.0,100413.1424257642,100413.1424257642,0
2022-11-12,738471.0,100413.1424257642,100413.1424257642,0
2022-11-13,738472.0,100413.1424257642,100413.1424257642,0
2022-11-14,738473.0,100413.1424257642,100413.1424257642,0
2022-11-15,738474.0,100413.1424257642,100413.1424257642,0
2022-11-16,738475.0,100413.1424257642,100413.1424257642,0
2022-11-17,738476.0,100413.1424257642,100413.1424257642,0
2022-11-18,738477.0,100413.1424257642,100413.1424257642,0
2022-11-19,738478.0,100413.1424257642,100413.1424257642,0
2022-11-20,738479.0,100413.1424257642,100413.1424257642,0
2022-11-21,738480.0,100413.1424257642,100413.1424257642,0
2022-11-22,738481.0,100413.1424257642,100413.1424257642,0
2022-11-23,738482.0,100413.1424257642,100413.1424257642,0
2022-11-24,738483.0,100413.1424257642,100413.1424257642,0
2022-11-25,738484.0,100413.1424257642,100413.1424257642,0
2022-11-26,738485.0,100413.1424257642,100413.1424257642,0
2022-11-27,738486.0,100413.1424257642,100413.1424257642,0
2022-11-28,738487.0,100413.1424257642,100413.1424257642,0
2022-11-29,738488.0,100413.1424257642,100413.1424257642,0
2022-11-30,738489.0,100413.1424257642,100413.1424257642,0
2022-12-01,738490.0,100413.1424257642,100413.1424257642,0
2022-12-02,738491.0,100413.1424257642,100413.1424257642,0
2022-12-03,738492.0,100413.1424257642,100413.1424257642,0
2022-12-04,738493.0,100413.1424257642,100413.1424257642,0
2022-12-05,738494.0,100413.1424257642,100413.1424257642,0
2022-12-06,738495.0,100413.1424257642,100413.1424257642,0
2022-12-07,738496.0,100413.1424257642,100413.1424257642,0
2022-12-08,738497.0,100413.1424257642,100413.1424257642,0
2022-12-09,738498.0,100413.1424257642,100413.1424257642,0
2022-12-10,738499.0,100413.1424257642,100413.1424257642,0
2022-12-11,738500.0,100413.1424257642,100413.1424257642,0
2022-12-12,738501.0,100413.1424257642,100413.1424257642,0
2022-12-13,738502.0,100413.1424257642,100413.1424257642,0
2022-12-14,738503.0,100413.1424257642,100413.1424257642,0
2022-12-15,738504.0,100413.1424257642,100413.1424257642,0
2022-12-16,738505.0,100413.1424257642,100413.1424257642,0
2022-12-17,738506.0,100413.1424257642,100413.1424257642,0
2022-12-18,738507.0,100413.1424257642,100413.1424257642,0
2022-12-19,738508.0,100413.1424257642,100413.1424257642,0
2022-12-20,738509.0,100413.1424257642,100413.1424257642,0
2022-12-21,738510.0,100413.1424257642,100413.1424257642,0
2022-12-22,738511.0,100413.1424257642,100413.1424257642,0
2022-12-23,738512.0,100413.1424257642,100413.1424257642,0
2022-12-24,738513.0,100413.1424257642,100413.1424257642,0
2022-12-25,738514.0,100413.1424257642,100413.1424257642,0
2022-12-26,738515.0,100413.1424257642,100413.1424257642,0
2022-12-27,738516.0,100413.1424257642,100413.1424257642,0
2022-12-28,738517.0,100413.1424257642,100413.1424257642,0
2022-12-29,738518.0,100413.1424257642,100413.1424257642,0
2022-12-30,738519.0,100413.1424257642,100413.1424257642,0
2022-12-31,738520.0,100413.1424257642,100413.1424257642,0
2023-01-01,738521.0,100413.1424257642,100413.1424257642,0
2023-01-02,738522.0,100413.1424257642,100413.1424257642,0
2023-01-03,738523.0,100413.1424257642,100413.1424257642,0
2023-01-04,738524.0,100413.1424257642,100413.1424257642,0
2023-01-05,738525.0,100413.1424257642,100413.1424257642,0
2023-01-06,738526.0,100413.1424257642,100413.1424257642,0
2023-01-07,738527.0,100413.1424257642,100413.1424257642,0
2023-01-08,738528.0,100413.1424257642,100413.1424257642,0
2023-01-09,738529.0,100413.1424257642,100413.1424257642,0
2023-01-10,738530.0,100455.5155459706,85411.07584395306,15044.439702017538
2023-01-11,738531.0,101057.38486234532,87910.4237379217,13146.961124423633
2023-01-12,738532.0,101335.54891206641,87910.4237379217,13425.12517414472
2023-01-13,738533.0,101752.2620963334,85390.45954800706,16361.802548326341
2023-01-14,738534.0,102285.81957617527,86881.54229477899,15404.27728139628
2023-01-15,738535.0,102228.67641185551,86881.54229477899,15347.134117076519
2023-01-16,738536.0,102217.46110356119,86881.54229477899,15335.918808782204
2023-01-17,738537.0,102167.90755852609,86881.54229477899,15286.365263747093
2023-01-18,738538.0,101579.77764187293,86881.54229477899,14698.235347093938
2023-01-19,738539.0,101927.17236164419,86881.54229477899,15045.6300668652
2023-01-20,738540.0,102898.64950928392,86881.54229477899,16017.107214504924
2023-01-21,738541.0,102694.53855479124,88289.92327780287,14404.615276988385
2023-01-22,738542.0,102700.07644789672,88289.92327780287,14410.153170093858
2023-01-23,738543.0,102960.7738354311,88289.92327780287,14670.850557628233
2023-01-24,738544.0,102410.08385348637,88289.92327780287,14120.160575683502
2023-01-25,738545.0,102837.8286588989,88289.92327780287,14547.905381096027
2023-01-26,738546.0,102776.04798876398,88289.92327780287,14486.124710961114
2023-01-27,738547.0,102871.09939377526,88289.92327780287,14581.176115972394
2023-01-28,738548.0,102737.86450785035,88289.92327780287,14447.94123004748
2023-01-29,738549.0,103409.83066782067,89904.59469279934,13505.235975021333
2023-01-30,738550.0,102836.66436338986,89904.59469279934,12932.069670590521
2023-01-31,738551.0,103064.42434370777,89904.59469279934,13159.829650908434
2023-02-01,738552.0,103570.0727379439,89904.59469279934,13665.478045144566
2023-02-02,738553.0,103600.45670826755,91437.96848714545,12162.4882211221
2023-02-03,738554.0,103740.62720966009,91437.96848714545,12302.658722514636
2023-02-04,738555.0,103707.8134553459,91437.96848714545,12269.844968200443
2023-02-05,738556.0,103432.87631969652,91437.96848714545,11994.907832551058
2023-02-06,738557.0,103294.06677515781,91437.96848714545,11856.098288012357
2023-02-07,738558.0,103758.27000027258,91437.96848714545,12320.301513127124
2023-02-08,738559.0,103536.73301308833,91437.96848714545,12098.764525942883
2023-02-09,738560.0,102759.9581030192,94105.91307352655,8654.045029492656
2023-02-10,738561.0,102637.66093375842,99508.00079178704,3129.6601419713897
2023-02-11,738562.0,102669.17883105276,99508.00079178704,3161.1780392657233
2023-02-12,738563.0,102609.8313010411,99508.00079178704,3101.8305092540527
2023-02-13,738564.0,102560.87797120096,99508.00079178704,3052.877179413917
2023-02-14,738565.0,102720.81453513072,99508.00079178704,3212.813743343674
2023-02-15,738566.0,102955.52228093958,99508.00079178704,3447.521489152542
2023-02-16,738567.0,102812.35055599618,99508.00079178704,3304.3497642091324
2023-02-17,738568.0,102864.99215041331,99508.00079178704,3356.9913586262646
2023-02-18,738569.0,102851.24498244449,99508.00079178704,3343.244190657459
2023-02-19,738570.0,102774.79731666675,99508.00079178704,3266.796524879714
2023-02-20,738571.0,102723.49690936854,99508.00079178704,3215.49611758149
2023-02-21,738572.0,102653.08458562587,99508.00079178704,3145.0837938388295
2023-02-22,738573.0,102702.70850902545,99508.00079178704,3194.707717238419
2023-02-23,738574.0,102679.5730312243,99508.00079178704,3171.5722394372588
2023-02-24,738575.0,102577.6428101873,99508.00079178704,3069.6420184002645
2023-02-25,738576.0,102631.29029494361,99508.00079178704,3123.2895031565777
2023-02-26,738577.0,102702.37321224573,99508.00079178704,3194.3724204586915
2023-02-27,738578.0,102662.1375986785,99508.00079178704,3154.136806891457
2023-02-28,738579.0,102653.08458562587,99508.00079178704,3145.0837938388295
2023-03-01,738580.0,102786.5327039572,99508.00079178704,3278.5319121701573
2023-03-02,738581.0,102706.39677360245,99508.00079178704,3198.3959818154153
2023-03-03,738582.0,102455.06576081002,102455.06576081002,0
2023-03-04,738583.0,102455.06576081002,102455.06576081002,0
2023-03-05,738584.0,102455.06576081002,102455.06576081002,0
2023-03-06,738585.0,102455.06576081002,102455.06576081002,0
2023-03-07,738586.0,102455.06576081002,102455.06576081002,0
2023-03-08,738587.0,102455.06576081002,102455.06576081002,0
2023-03-09,738588.0,102455.06576081002,102455.06576081002,0
2023-03-10,738589.0,102455.06576081002,102455.06576081002,0
2023-03-11,738590.0,102455.06576081002,102455.06576081002,0
2023-03-12,738591.0,102455.06576081002,102455.06576081002,0
2023-03-13,738592.0,102455.06576081002,102455.06576081002,0
2023-03-14,738593.0,102455.06576081002,102455.06576081002,0
2023-03-15,738594.0,102455.06576081002,102455.06576081002,0
2023-03-16,738595.0,102455.06576081002,102455.06576081002,0
2023-03-17,738596.0,102455.06576081002,102455.06576081002,0
2023-03-18,738597.0,102455.06576081002,102455.06576081002,0
2023-03-19,738598.0,102455.06576081002,102455.06576081002,0
2023-03-20,738599.0,102455.06576081002,102455.06576081002,0
2023-03-21,738600.0,102455.06576081002,102455.06576081002,0
2023-03-22,738601.0,102455.06576081002,102455.06576081002,0
2023-03-23,738602.0,102455.06576081002,102455.06576081002,0
2023-03-24,738603.0,102455.06576081002,102455.06576081002,0
2023-03-25,738604.0,102455.06576081002,102455.06576081002,0
2023-03-26,738605.0,102455.06576081002,102455.06576081002,0
2023-03-27,738606.0,102455.06576081002,102455.06576081002,0
2023-03-28,738607.0,102455.06576081002,102455.06576081002,0
2023-03-29,738608.0,102455.06576081002,102455.06576081002,0
2023-03-30,738609.0,102455.06576081002,102455.06576081002,0
2023-03-31,738610.0,102455.06576081002,102455.06576081002,0
2023-04-01,738611.0,102455.06576081002,102455.06576081002,0
2023-04-02,738612.0,102455.06576081002,102455.06576081002,0
2023-04-03,738613.0,102455.06576081002,102455.06576081002,0
2023-04-04,738614.0,102455.06576081002,102455.06576081002,0
2023-04-05,738615.0,102455.06576081002,102455.06576081002,0
2023-04-06,738616.0,102455.06576081002,102455.06576081002,0
2023-04-07,738617.0,102455.06576081002,102455.06576081002,0
2023-04-08,738618.0,102455.06576081002,102455.06576081002,0
2023-04-09,738619.0,102455.06576081002,102455.06576081002,0
2023-04-10,738620.0,102455.06576081002,102455.06576081002,0
2023-04-11,738621.0,102455.06576081002,102455.06576081002,0
2023-04-12,738622.0,102455.06576081002,102455.06576081002,0
2023-04-13,738623.0,102455.06576081002,102455.06576081002,0
2023-04-14,738624.0,102623.4716826706,96756.28721980022,5867.18446287038
2023-04-15,738625.0,102775.81336755308,90080.69838862758,12695.114978925507
2023-04-16,738626.0,102852.90189262002,90080.69838862758,12772.203503992434
2023-04-17,738627.0,102493.44327980583,78652.51354756145,23840.92973224437
2023-04-18,738628.0,103085.18609014421,78652.51354756145,24432.672542582768
2023-04-19,738629.0,100469.94867212736,89716.23664035942,10753.71203176794
2023-04-20,738630.0,100078.80739680417,94712.49647630163,5366.310920502537
2023-04-21,738631.0,99898.99968850738,99898.99968850738,0
2023-04-22,738632.0,99898.99968850738,99898.99968850738,0
2023-04-23,738633.0,99898.99968850738,99898.99968850738,0
2023-04-24,738634.0,99898.99968850738,99898.99968850738,0
2023-04-25,738635.0,99898.99968850738,99898.99968850738,0
2023-04-26,738636.0,99898.99968850738,99898.99968850738,0
2023-04-27,738637.0,99898.99968850738,99898.99968850738,0
2023-04-28,738638.0,99898.99968850738,99898.99968850738,0
2023-04-29,738639.0,99898.99968850738,99898.99968850738,0
2023-04-30,738640.0,99898.99968850738,99898.99968850738,0
2023-05-01,738641.0,99898.99968850738,99898.99968850738,0
2023-05-02,738642.0,99898.99968850738,99898.99968850738,0
2023-05-03,738643.0,99898.99968850738,99898.99968850738,0
2023-05-04,738644.0,99898.99968850738,99898.99968850738,0
2023-05-05,738645.0,99898.99968850738,99898.99968850738,0
2023-05-06,738646.0,99898.99968850738,99898.99968850738,0
2023-05-07,738647.0,99898.99968850738,99898.99968850738,0
2023-05-08,738648.0,99898.99968850738,99898.99968850738,0
2023-05-09,738649.0,99898.99968850738,99898.99968850738,0
2023-05-10,738650.0,99898.99968850738,99898.99968850738,0
2023-05-11,738651.0,99898.99968850738,99898.99968850738,0
2023-05-12,738652.0,99898.99968850738,99898.99968850738,0
2023-05-13,738653.0,99898.99968850738,99898.99968850738,0
2023-05-14,738654.0,99898.99968850738,99898.99968850738,0
2023-05-15,738655.0,99898.99968850738,99898.99968850738,0
2023-05-16,738656.0,99898.99968850738,99898.99968850738,0
2023-05-17,738657.0,99898.99968850738,99898.99968850738,0
2023-05-18,738658.0,99708.69651598595,94852.71890914855,4855.977606837401
2023-05-19,738659.0,99782.26379809772,94852.71890914855,4929.54488894917
2023-05-20,738660.0,99815.55702065925,94852.71890914855,4962.8381115107
2023-05-21,738661.0,99802.66932160317,94852.71890914855,4949.950412454624
2023-05-22,738662.0,99730.17601441275,94852.71890914855,4877.457105264195
2023-05-23,738663.0,99776.89392349102,94852.71890914855,4924.1750143424715
2023-05-24,738664.0,99399.50469006484,99399.50469006484,0
2023-05-25,738665.0,99399.50469006484,99399.50469006484,0
2023-05-26,738666.0,99399.50469006484,99399.50469006484,0
2023-05-27,738667.0,99399.50469006484,99399.50469006484,0
2023-05-28,738668.0,99399.50469006484,99399.50469006484,0
2023-05-29,738669.0,99399.50469006484,99399.50469006484,0
2023-05-30,738670.0,99792.70322692762,94173.0660885996,5619.637138328026
2023-05-31,738671.0,99750.59643568944,94173.0660885996,5577.5303470898325
2023-06-01,738672.0,99641.55064299566,94173.0660885996,5468.484554396052
2023-06-02,738673.0,99834.81001816582,94173.0660885996,5661.743929566219
2023-06-03,738674.0,99774.34898459303,94173.0660885996,5601.2828959934295
2023-06-04,738675.0,99958.9710692528,94173.0660885996,5785.9049806531975
2023-06-05,738676.0,99170.19946496145,93674.72337772041,5495.476087241048
2023-06-06,738677.0,99396.92834085942,93674.72337772041,5722.204963139008
2023-06-07,738678.0,99270.60796714484,93674.72337772041,5595.88458942443
2023-06-08,738679.0,99327.83001677624,93674.72337772041,5653.10663905582
2023-06-09,738680.0,99483.3012459634,93674.72337772041,5808.577868242994
2023-06-10,738681.0,98785.84483653397,98785.84483653397,0
2023-06-11,738682.0,98785.84483653397,98785.84483653397,0
2023-06-12,738683.0,98785.84483653397,98785.84483653397,0
2023-06-13,738684.0,98785.84483653397,98785.84483653397,0
2023-06-14,738685.0,98785.84483653397,98785.84483653397,0
2023-06-15,738686.0,98785.84483653397,98785.84483653397,0
2023-06-16,738687.0,98785.84483653397,98785.84483653397,0
2023-06-17,738688.0,98785.84483653397,98785.84483653397,0
2023-06-18,738689.0,98785.84483653397,98785.84483653397,0
2023-06-19,738690.0,98785.84483653397,98785.84483653397,0
2023-06-20,738691.0,98785.84483653397,98785.84483653397,0
2023-06-21,738692.0,98785.84483653397,98785.84483653397,0
2023-06-22,738693.0,98785.84483653397,98785.84483653397,0
2023-06-23,738694.0,98785.84483653397,98785.84483653397,0
2023-06-24,738695.0,98785.84483653397,98785.84483653397,0
2023-06-25,738696.0,98785.84483653397,98785.84483653397,0
2023-06-26,738697.0,98785.84483653397,98785.84483653397,0
2023-06-27,738698.0,98785.84483653397,98785.84483653397,0
2023-06-28,738699.0,98785.84483653397,98785.84483653397,0
2023-06-29,738700.0,98785.84483653397,98785.84483653397,0
2023-06-30,738701.0,98785.84483653397,98785.84483653397,0
2023-07-01,738702.0,98785.84483653397,98785.84483653397,0
2023-07-02,738703.0,98785.84483653397,98785.84483653397,0
2023-07-03,738704.0,98785.84483653397,98785.84483653397,0
2023-07-04,738705.0,98785.84483653397,98785.84483653397,0
2023-07-05,738706.0,98785.84483653397,98785.84483653397,0
2023-07-06,738707.0,98785.84483653397,98785.84483653397,0
2023-07-07,738708.0,98785.84483653397,98785.84483653397,0
2023-07-08,738709.0,98785.84483653397,98785.84483653397,0
2023-07-09,738710.0,98785.84483653397,98785.84483653397,0
2023-07-10,738711.0,98785.84483653397,98785.84483653397,0
2023-07-11,738712.0,98785.84483653397,98785.84483653397,0
2023-07-12,738713.0,98785.84483653397,98785.84483653397,0
2023-07-13,738714.0,98785.84483653397,98785.84483653397,0
2023-07-14,738715.0,98663.20796593069,93762.71339793834,4900.494567992357
2023-07-15,738716.0,98635.0361086844,93762.71339793834,4872.322710746066
2023-07-16,738717.0,98415.99991859449,93762.71339793834,4653.286520656152
2023-07-17,738718.0,98823.78755223456,93762.71339793834,5061.074154296217
2023-07-18,738719.0,98630.1060336663,93762.71339793834,4867.392635727964
2023-07-19,738720.0,98632.92321939093,93762.71339793834,4870.209821452594
2023-07-20,738721.0,99554.68057104405,95138.21372536453,4416.466845679516
2023-07-21,738722.0,99434.24588131615,95138.21372536453,4296.032155951621
2023-07-22,738723.0,99301.13385582743,95138.21372536453,4162.920130462895
2023-07-23,738724.0,99305.88785673774,95138.21372536453,4167.674131373206
2023-07-24,738725.0,99145.30827043387,95138.21372536453,4007.0945450693466
2023-07-25,738726.0,99042.8331397005,95138.21372536453,3904.6194143359626
2023-07-26,738727.0,99227.71095287928,95138.21372536453,4089.4972275147484
2023-07-27,738728.0,99358.18186675117,95138.21372536453,4219.968141386635
2023-07-28,738729.0,99242.50117793359,95138.21372536453,4104.287452569051
2023-07-29,738730.0,99280.53318521607,95138.21372536453,4142.319459851544
2023-07-30,738731.0,99128.93337840948,95138.21372536453,3990.7196530449396
2023-07-31,738732.0,99124.70759982253,95138.21372536453,3986.493874457996
2023-08-01,738733.0,99311.16027690994,89236.58280369025,10074.57747321969
2023-08-02,738734.0,98681.11498802813,89236.58280369025,9444.53218433787
2023-08-03,738735.0,98507.54801395774,89236.58280369025,9270.965210267492
2023-08-04,738736.0,98448.44284174066,92966.34975899819,5482.0930827424745
2023-08-05,738737.0,98372.10887818137,98372.10887818137,0
2023-08-06,738738.0,98372.10887818137,98372.10887818137,0
2023-08-07,738739.0,98372.10887818137,98372.10887818137,0
2023-08-08,738740.0,98372.10887818137,98372.10887818137,0
2023-08-09,738741.0,98372.10887818137,98372.10887818137,0
2023-08-10,738742.0,98372.10887818137,98372.10887818137,0
2023-08-11,738743.0,98372.10887818137,98372.10887818137,0
2023-08-12,738744.0,98372.10887818137,98372.10887818137,0
2023-08-13,738745.0,98372.10887818137,98372.10887818137,0
2023-08-14,738746.0,98372.10887818137,98372.10887818137,0
2023-08-15,738747.0,98372.10887818137,98372.10887818137,0
2023-08-16,738748.0,98372.10887818137,98372.10887818137,0
2023-08-17,738749.0,98372.10887818137,98372.10887818137,0
2023-08-18,738750.0,98372.10887818137,98372.10887818137,0
2023-08-19,738751.0,98372.10887818137,98372.10887818137,0
2023-08-20,738752.0,98372.10887818137,98372.10887818137,0
2023-08-21,738753.0,98372.10887818137,98372.10887818137,0
2023-08-22,738754.0,98372.10887818137,98372.10887818137,0
2023-08-23,738755.0,98372.10887818137,98372.10887818137,0
2023-08-24,738756.0,98372.10887818137,98372.10887818137,0
2023-08-25,738757.0,98372.10887818137,98372.10887818137,0
2023-08-26,738758.0,98372.10887818137,98372.10887818137,0
2023-08-27,738759.0,98372.10887818137,98372.10887818137,0
2023-08-28,738760.0,98372.10887818137,98372.10887818137,0
2023-08-29,738761.0,98372.10887818137,98372.10887818137,0
2023-08-30,738762.0,98372.10887818137,98372.10887818137,0
2023-08-31,738763.0,98372.10887818137,98372.10887818137,0
2023-09-01,738764.0,98372.10887818137,98372.10887818137,0
2023-09-02,738765.0,98372.10887818137,98372.10887818137,0
2023-09-03,738766.0,98372.10887818137,98372.10887818137,0
2023-09-04,738767.0,98372.10887818137,98372.10887818137,0
2023-09-05,738768.0,98372.10887818137,98372.10887818137,0
2023-09-06,738769.0,98372.10887818137,98372.10887818137,0
2023-09-07,738770.0,98372.10887818137,98372.10887818137,0
2023-09-08,738771.0,98372.10887818137,98372.10887818137,0
2023-09-09,738772.0,98372.10887818137,98372.10887818137,0
2023-09-10,738773.0,98372.10887818137,98372.10887818137,0
2023-09-11,738774.0,98372.10887818137,98372.10887818137,0
2023-09-12,738775.0,98372.10887818137,98372.10887818137,0
2023-09-13,738776.0,98372.10887818137,98372.10887818137,0
2023-09-14,738777.0,98372.10887818137,98372.10887818137,0
2023-09-15,738778.0,98372.10887818137,98372.10887818137,0
2023-09-16,738779.0,98372.10887818137,98372.10887818137,0
2023-09-17,738780.0,98372.10887818137,98372.10887818137,0
2023-09-18,738781.0,98372.10887818137,98372.10887818137,0
2023-09-19,738782.0,98589.24131299954,93152.83774716036,5436.403565839185
2023-09-20,738783.0,98636.09316961428,93152.83774716036,5483.255422453925
2023-09-21,738784.0,98444.71524683204,93152.83774716036,5291.87749967168
2023-09-22,738785.0,98678.18043064109,93152.83774716036,5525.342683480726
2023-09-23,738786.0,98858.29353120878,94576.70882099647,4281.5847102123025
2023-09-24,738787.0,98729.0538758859,94576.70882099647,4152.345054889439
2023-09-25,738788.0,99039.94373799897,94576.70882099647,4463.234917002504
2023-09-26,738789.0,98957.75446410701,94576.70882099647,4381.045643110544
2023-09-27,738790.0,99157.03354757179,96121.58910842187,3035.44443914991
2023-09-28,738791.0,99420.63286958405,91133.93579006821,8286.697079515841
2023-09-29,738792.0,99395.42208469161,91133.93579006821,8261.4862946234
2023-09-30,738793.0,99468.79633862159,91133.93579006821,8334.86054855338
2023-10-01,738794.0,100230.05354606481,86826.20725715152,13403.846288913297
2023-10-02,738795.0,99709.02707973009,81287.7675464665,18421.259533263605
2023-10-03,738796.0,99330.89537311865,81287.7675464665,18043.127826652155
2023-10-04,738797.0,99327.06990517926,87693.50102761274,11633.568877566522
2023-10-05,738798.0,99119.22649180997,87693.50102761274,11425.725464197227
2023-10-06,738799.0,99333.64625324756,87693.50102761274,11640.14522563481
2023-10-07,738800.0,99255.43818879063,87693.50102761274,11561.937161177899
2023-10-08,738801.0,99258.92554133401,87693.50102761274,11565.424513721271
2023-10-09,738802.0,98670.90578813833,95781.97266331757,2888.933124820765
2023-10-10,738803.0,98664.15594438875,95781.97266331757,2882.183281071184
2023-10-11,738804.0,98716.5664958561,95781.97266331757,2934.5938325385205
2023-10-12,738805.0,98639.5388671844,95781.97266331757,2857.566203866829
2023-10-13,738806.0,98662.96479549177,95781.97266331757,2880.992132174199
2023-10-14,738807.0,98692.7435179164,95781.97266331757,2910.770854598822
2023-10-15,738808.0,98729.2720840906,95781.97266331757,2947.299420773026
2023-10-16,738809.0,98769.77114658809,95781.97266331757,2987.7984832705138
2023-10-17,738810.0,98688.37597196079,95781.97266331757,2906.4033086432105
2023-10-18,738811.0,98702.6697587246,95781.97266331757,2920.6970954070293
2023-10-19,738812.0,98682.02317784353,95781.97266331757,2900.0505145259576
2023-10-20,738813.0,98787.63838004286,95781.97266331757,3005.6657167252874
2023-10-21,738814.0,99321.27308589211,95781.97266331757,3539.3004225745326
2023-10-22,738815.0,99827.90841674303,95781.97266331757,4045.9357534254527
2023-10-23,738816.0,99981.56662445408,95781.97266331757,4199.5939611365075
2023-10-24,738817.0,99900.17144982678,95781.97266331757,4118.198786509205
2023-10-25,738818.0,100172.547497604,95781.97266331757,4390.5748342864235
2023-10-26,738819.0,100120.93104540132,95781.97266331757,4338.958382083744
2023-10-27,738820.0,100222.97280090969,95781.97266331757,4441.000137592119
2023-10-28,738821.0,100118.94579723968,95781.97266331757,4336.9731339221025
2023-10-29,738822.0,100181.67963914755,95781.97266331757,4399.706975829975
2023-10-30,738823.0,100236.86953804118,95781.97266331757,4454.8968747236095
2023-10-31,738824.0,100289.67713914085,95781.97266331757,4507.704475823274
2023-11-01,738825.0,100402.83628435442,95781.97266331757,4620.863621036842
2023-11-02,738826.0,100152.29796635525,95781.97266331757,4370.32530303768
2023-11-03,738827.0,100332.16144979998,95781.97266331757,4550.188786482404
2023-11-04,738828.0,100346.4552365638,95781.97266331757,4564.482573246222
2023-11-05,738829.0,100638.2867163251,95781.97266331757,4856.314053007528
2023-11-06,738830.0,101231.70570995755,90782.97127675982,10448.734433197726
2023-11-07,738831.0,101090.34625515457,90782.97127675982,10307.374978394739
2023-11-08,738832.0,101931.34559665543,90782.97127675982,11148.374319895604
2023-11-09,738833.0,101989.0735643947,92155.14645197275,9833.927112421954
2023-11-10,738834.0,102393.37943402678,85618.34300623476,16775.03642779201
2023-11-11,738835.0,102692.06945131661,85618.34300623476,17073.72644508184
2023-11-12,738836.0,102475.51255345241,85618.34300623476,16857.16954721765
2023-11-13,738837.0,101549.84170472581,85618.34300623476,15931.498698491054
2023-11-14,738838.0,101100.11691173946,91642.47565332081,9457.64125841865
2023-11-15,738839.0,101758.68350867715,91642.47565332081,10116.207855356326
2023-11-16,738840.0,101207.87812300716,91642.47565332081,9565.402469686353
2023-11-17,738841.0,101104.41958466156,91642.47565332081,9461.943931340753
2023-11-18,738842.0,101234.12317452817,91642.47565332081,9591.64752120736
2023-11-19,738843.0,101768.40045184366,91642.47565332081,10125.924798522843
2023-11-20,738844.0,101557.83416456229,91642.47565332081,9915.358511241477
2023-11-21,738845.0,100853.20436484167,91642.47565332081,9210.728711520864
2023-11-22,738846.0,101453.71150909939,91642.47565332081,9811.235855778581
2023-11-23,738847.0,101602.05654379175,91642.47565332081,9959.580890470948
2023-11-24,738848.0,101623.35824476216,91642.47565332081,9980.882591441346
2023-11-25,738849.0,101821.07641303857,91642.47565332081,10178.600759717758
2023-11-26,738850.0,101748.17080848858,91642.47565332081,10105.695155167767
2023-11-27,738851.0,101412.71429974385,91642.47565332081,9770.238646423037
2023-11-28,738852.0,101634.46119200654,91642.47565332081,9991.98553868572
2023-11-29,738853.0,101584.47981731074,91642.47565332081,9942.004163989926
2023-11-30,738854.0,101482.72856877612,91642.47565332081,9840.252915455303
2023-12-01,738855.0,101804.54641084635,91642.47565332081,10162.070757525536
2023-12-02,738856.0,102347.78985944614,91642.47565332081,10705.314206125335
2023-12-03,738857.0,102204.25819315703,91642.47565332081,10561.782539836211
2023-12-04,738858.0,102388.48301584821,93138.9490335014,9249.533982346808
2023-12-05,738859.0,102787.35092546814,80419.13487113925,22368.216054328896
2023-12-06,738860.0,102641.6323786221,81838.62858545086,20803.003793171243
2023-12-07,738861.0,103356.88283678531,81838.62858545086,21518.254251334452
2023-12-08,738862.0,104754.69335854982,81838.62858545086,22916.06477309896
2023-12-09,738863.0,104558.80906623224,83845.95527284783,20712.853793384398
2023-12-10,738864.0,104914.97775527783,83845.95527284783,21069.02248243
2023-12-11,738865.0,103050.31189503364,89448.91268625547,13601.399208778159
2023-12-12,738866.0,103184.55731284681,89448.91268625547,13735.644626591344
2023-12-13,738867.0,104088.31592472107,89448.91268625547,14639.403238465597
2023-12-14,738868.0,104129.88932865535,89448.91268625547,14680.976642399874
2023-12-15,738869.0,103355.17954243746,89448.91268625547,13906.266856181992
2023-12-16,738870.0,103603.74861615828,89448.91268625547,14154.835929902809
2023-12-17,738871.0,103145.35540187926,89448.91268625547,13696.442715623796
2023-12-18,738872.0,103080.58814633463,93095.08534174808,9985.502804586547
2023-12-19,738873.0,102786.16111895091,93095.08534174808,9691.07577720283
2023-12-20,738874.0,102944.3780791475,93095.08534174808,9849.292737399417
2023-12-21,738875.0,103372.40759133644,93095.08534174808,10277.322249588355
2023-12-22,738876.0,103494.9566155778,93095.08534174808,10399.871273829722
2023-12-23,738877.0,103383.70323790779,93095.08534174808,10288.617896159702
2023-12-24,738878.0,103118.44052081829,93095.08534174808,10023.35517907021
2023-12-25,738879.0,103372.71782154977,93095.08534174808,10277.632479801681
2023-12-26,738880.0,103157.61932714251,93095.08534174808,10062.533985394435
2023-12-27,738881.0,104187.64509135914,87634.22770577227,16553.417385586876
2023-12-28,738882.0,103958.34256011568,89124.98584756168,14833.356712554
2023-12-29,738883.0,103668.07017941246,89124.98584756168,14543.084331850787
2023-12-30,738884.0,103643.28129952759,89124.98584756168,14518.295451965907
2023-12-31,738885.0,103493.88520419701,89124.98584756168,14368.899356635327
2024-01-01,738886.0,103907.18363529019,89124.98584756168,14782.19778772851
2024-01-02,738887.0,103764.70517016454,89124.98584756168,14639.719322602861
2024-01-03,738888.0,102758.66287465027,98418.34814049982,4340.314734150459
2024-01-04,738889.0,102867.23946236334,98418.34814049982,4448.8913218635325
2024-01-05,738890.0,102782.02745681637,98418.34814049982,4363.679316316564
2024-01-06,738891.0,102644.58873819224,98418.34814049982,4226.24059769242
2024-01-07,738892.0,102574.49499169392,98418.34814049982,4156.146851194106
2024-01-08,738893.0,102592.36202511506,98418.34814049982,4174.013884615245
2024-01-09,738894.0,102556.62795827279,98418.34814049982,4138.279817772968
2024-01-10,738895.0,102621.22415602613,98418.34814049982,4202.876015526315
2024-01-11,738896.0,102654.20944849592,98418.34814049982,4235.86130799611
2024-01-12,738897.0,102494.78053489192,98418.34814049982,4076.4323943921036
2024-01-13,738898.0,102571.74621732144,98418.34814049982,4153.398076821623
2024-01-14,738899.0,102534.63776329292,98418.34814049982,4116.289622793105
2024-01-15,738900.0,102782.02745681637,98418.34814049982,4363.679316316564
2024-01-16,738901.0,102750.41655153282,98418.34814049982,4332.06841103301
2024-01-17,738902.0,102670.70209473082,98418.34814049982,4252.353954231006
2024-01-18,738903.0,102720.18003343552,98418.34814049982,4301.831892935699
2024-01-19,738904.0,102743.54461560163,98418.34814049982,4325.196475101803
2024-01-20,738905.0,102777.90429525766,98418.34814049982,4359.556154757839
2024-01-21,738906.0,102797.14571586503,98418.34814049982,4378.79757536522
2024-01-22,738907.0,102622.59854321237,98418.34814049982,4204.250402712556
2024-01-23,738908.0,102525.01705298923,98418.34814049982,4106.668912489415
2024-01-24,738909.0,102446.67698337347,98418.34814049982,4028.3288428736532
2024-01-25,738910.0,102432.93311151105,98418.34814049982,4014.584971011239
2024-01-26,738911.0,102571.74621732144,98418.34814049982,4153.398076821623
2024-01-27,738912.0,102618.47538165365,98418.34814049982,4200.127241153833
2024-01-28,738913.0,102614.35222009492,98418.34814049982,4196.004079595108
2024-01-29,738914.0,102688.56912815197,98418.34814049982,4270.220987652146
2024-01-30,738915.0,102645.96312537848,98418.34814049982,4227.614984878662
2024-01-31,738916.0,102548.38163515534,98418.34814049982,4130.0334946555195
2024-02-01,738917.0,102544.25847359661,98418.34814049982,4125.910333096795
2024-02-02,738918.0,102560.7511198315,98418.34814049982,4142.402979331692
2024-02-03,738919.0,102537.3865376654,98418.34814049982,4119.038397165587
2024-02-04,738920.0,102606.10589697747,98418.34814049982,4187.757756477659
2024-02-05,738921.0,102558.00234545903,98418.34814049982,4139.654204959209
2024-02-06,738922.0,102578.61815325265,98418.34814049982,4160.270012752831
2024-02-07,738923.0,102641.83996381976,98418.34814049982,4223.491823319937
2024-02-08,738924.0,102805.39203898248,98418.34814049982,4387.043898482668
2024-02-09,738925.0,102871.36262392208,98418.34814049982,4453.0144834222565
2024-02-10,738926.0,102827.7087892511,92317.72295565426,10509.985833596838
2024-02-11,738927.0,102846.4734629072,92317.72295565426,10528.75050725294
2024-02-12,738928.0,103084.19065454429,92317.72295565426,10766.467698890032
2024-02-13,738929.0,102898.7011915056,92317.72295565426,10580.978235851344
2024-02-14,738930.0,103216.5720126105,92317.72295565426,10898.849056956245
2024-02-15,738931.0,103986.7829470276,95585.2271868715,8401.555760156098
2024-02-16,738932.0,103998.25292967989,95585.2271868715,8413.025742808386
2024-02-17,738933.0,104150.65969311606,97360.66889981239,6789.990793303679
2024-02-18,738934.0,104072.33807213596,97360.66889981239,6711.669172323578
2024-02-19,738935.0,104107.6070705211,97360.66889981239,6746.9381707087105
2024-02-20,738936.0,104071.43840085855,97360.66889981239,6710.769501046157
2024-02-21,738937.0,104219.90065156703,97360.66889981239,6859.231751754643
2024-02-22,738938.0,104236.85667372368,97360.66889981239,6876.187773911303
2024-02-23,738939.0,106021.95997341923,97360.66889981239,8661.291073606848
2024-02-24,738940.0,106014.19564411274,97360.66889981239,8653.526744300361
2024-02-25,738941.0,106021.08805972207,97360.66889981239,8660.419159909685
2024-02-26,738942.0,105900.2310146939,97360.66889981239,8539.562114881512
2024-02-27,738943.0,106070.01275326505,90665.45752827014,15404.555224994909
2024-02-28,738944.0,106613.1792389196,92466.66336368961,14146.515875229985
2024-02-29,738945.0,106496.19209117675,92466.66336368961,14029.528727487133
2024-03-01,738946.0,106918.88289595142,92466.66336368961,14452.219532261799
2024-03-02,738947.0,107410.06066928309,92466.66336368961,14943.397305593478
2024-03-03,738948.0,107561.22092821934,92466.66336368961,15094.557564529727
2024-03-04,738949.0,107689.77629800001,92466.66336368961,15223.11293431039
2024-03-05,738950.0,107788.47353975942,94397.78122294098,13390.692316818438
2024-03-06,738951.0,109408.47994080593,94397.78122294098,15010.698717864958
2024-03-07,738952.0,109632.28073141529,94397.78122294098,15234.49950847431
2024-03-08,738953.0,109616.0931495619,94397.78122294098,15218.311926620925
2024-03-09,738954.0,109479.73954731369,94397.78122294098,15081.958324372717
2024-03-10,738955.0,109846.02328062129,94397.78122294098,15448.242057680312
2024-03-11,738956.0,110081.5924762313,94397.78122294098,15683.811253290314
2024-03-12,738957.0,109953.83681015122,94397.78122294098,15556.055587210238
2024-03-13,738958.0,110907.20814881929,94397.78122294098,16509.426925878317
2024-03-14,738959.0,110399.22773661769,94397.78122294098,16001.446513676707
2024-03-15,738960.0,109975.59645072749,98194.72844074716,11780.868009980339
2024-03-16,738961.0,108984.8388053665,98194.72844074716,10790.110364619333
2024-03-17,738962.0,109121.75287828807,98194.72844074716,10927.024437540902
2024-03-18,738963.0,108722.81470839426,98194.72844074716,10528.086267647099
2024-03-19,738964.0,107682.20939587156,103030.36689950638,4651.842496365185
2024-03-20,738965.0,108132.09213483459,103030.36689950638,5101.725235328216
2024-03-21,738966.0,108104.60439110977,103030.36689950638,5074.237491603387
2024-03-22,738967.0,108104.60439110977,103030.36689950638,5074.237491603387
2024-03-23,738968.0,108087.1954867507,103030.36689950638,5056.828587244328
2024-03-24,738969.0,108231.96427036815,103030.36689950638,5201.597370861761
2024-03-25,738970.0,108408.8020883312,103030.36689950638,5378.435188824826
2024-03-26,738971.0,108348.32905213659,103030.36689950638,5317.962152630202
2024-03-27,738972.0,108292.43730656276,103030.36689950638,5262.070407056383
2024-03-28,738973.0,108375.8167958614,103030.36689950638,5345.44989635503
2024-03-29,738974.0,108642.44790999225,103030.36689950638,5612.08101048587
2024-03-30,738975.0,108534.32945134125,103030.36689950638,5503.962551834878
2024-03-31,738976.0,108589.30493879091,103030.36689950638,5558.938039284534
2024-04-01,738977.0,108306.18117842518,103030.36689950638,5275.814278918798
2024-04-02,738978.0,108082.6141961299,103030.36689950638,5052.247296623524
2024-04-03,738979.0,108175.15626667016,103030.36689950638,5144.789367163781
2024-04-04,738980.0,108395.0582164688,103030.36689950638,5364.691316962411
2024-04-05,738981.0,108324.5063409084,103030.36689950638,5294.139441402017
2024-04-06,738982.0,108394.14195834463,103030.36689950638,5363.77505883825
2024-04-07,738983.0,108380.39808648221,103030.36689950638,5350.031186975835
2024-04-08,738984.0,108403.30453958624,103030.36689950638,5372.937640079859
2024-04-09,738985.0,108349.24531026074,103030.36689950638,5318.878410754363
2024-04-10,738986.0,108616.79268251575,103030.36689950638,5586.425783009363
2024-04-11,738987.0,108570.06351818354,103030.36689950638,5539.696618677154
2024-04-12,738988.0,108487.60028700905,103030.36689950638,5457.233387502668
2024-04-13,738989.0,107847.1039459389,107847.1039459389,0
2024-04-14,738990.0,107847.1039459389,107847.1039459389,0
2024-04-15,738991.0,107847.1039459389,107847.1039459389,0
2024-04-16,738992.0,107847.1039459389,107847.1039459389,0
2024-04-17,738993.0,107847.1039459389,107847.1039459389,0
2024-04-18,738994.0,107847.1039459389,107847.1039459389,0
2024-04-19,738995.0,107847.1039459389,107847.1039459389,0
2024-04-20,738996.0,107847.1039459389,107847.1039459389,0
2024-04-21,738997.0,107847.1039459389,107847.1039459389,0
2024-04-22,738998.0,107847.1039459389,107847.1039459389,0
2024-04-23,738999.0,107847.1039459389,107847.1039459389,0
2024-04-24,739000.0,107847.1039459389,107847.1039459389,0
2024-04-25,739001.0,107847.1039459389,107847.1039459389,0
2024-04-26,739002.0,107847.1039459389,107847.1039459389,0
2024-04-27,739003.0,107847.1039459389,107847.1039459389,0
2024-04-28,739004.0,107847.1039459389,107847.1039459389,0
2024-04-29,739005.0,107847.1039459389,107847.1039459389,0
2024-04-30,739006.0,107847.1039459389,107847.1039459389,0
2024-05-01,739007.0,107847.1039459389,107847.1039459389,0
2024-05-02,739008.0,107847.1039459389,107847.1039459389,0
2024-05-03,739009.0,107847.1039459389,107847.1039459389,0
2024-05-04,739010.0,107847.1039459389,107847.1039459389,0
2024-05-05,739011.0,107847.1039459389,107847.1039459389,0
2024-05-06,739012.0,107847.1039459389,107847.1039459389,0
2024-05-07,739013.0,107847.1039459389,107847.1039459389,0
2024-05-08,739014.0,107847.1039459389,107847.1039459389,0
2024-05-09,739015.0,107847.1039459389,107847.1039459389,0
2024-05-10,739016.0,107847.1039459389,107847.1039459389,0
2024-05-11,739017.0,107847.1039459389,107847.1039459389,0
2024-05-12,739018.0,107847.1039459389,107847.1039459389,0
2024-05-13,739019.0,107847.1039459389,107847.1039459389,0
2024-05-14,739020.0,107847.1039459389,107847.1039459389,0
2024-05-15,739021.0,107847.1039459389,107847.1039459389,0
2024-05-16,739022.0,107847.1039459389,107847.1039459389,0
2024-05-17,739023.0,107847.1039459389,107847.1039459389,0
2024-05-18,739024.0,107847.1039459389,107847.1039459389,0
2024-05-19,739025.0,107847.1039459389,107847.1039459389,0
2024-05-20,739026.0,107847.1039459389,107847.1039459389,0
2024-05-21,739027.0,107847.1039459389,107847.1039459389,0
2024-05-22,739028.0,107847.1039459389,107847.1039459389,0
2024-05-23,739029.0,107847.1039459389,107847.1039459389,0
2024-05-24,739030.0,107847.1039459389,107847.1039459389,0
2024-05-25,739031.0,107847.1039459389,107847.1039459389,0
2024-05-26,739032.0,107847.1039459389,107847.1039459389,0
2024-05-27,739033.0,107847.1039459389,107847.1039459389,0
2024-05-28,739034.0,107847.1039459389,107847.1039459389,0
2024-05-29,739035.0,107847.1039459389,107847.1039459389,0
2024-05-30,739036.0,107847.1039459389,107847.1039459389,0
2024-05-31,739037.0,107847.1039459389,107847.1039459389,0
2024-06-01,739038.0,107847.1039459389,107847.1039459389,0
2024-06-02,739039.0,107847.1039459389,107847.1039459389,0
2024-06-03,739040.0,107847.1039459389,107847.1039459389,0
2024-06-04,739041.0,107847.1039459389,107847.1039459389,0
2024-06-05,739042.0,107983.57532697612,100301.50561965414,7682.06970732198
2024-06-06,739043.0,108119.891389327,100301.50561965414,7818.385769672857
2024-06-07,739044.0,107820.87551062185,100301.50561965414,7519.369890967708
2024-06-08,739045.0,107806.58431053668,100301.50561965414,7505.078690882536
2024-06-09,739046.0,107699.94997143962,100301.50561965414,7398.444351785479
2024-06-10,739047.0,107307.86842620921,107307.86842620921,0
2024-06-11,739048.0,107307.86842620921,107307.86842620921,0
2024-06-12,739049.0,107307.86842620921,107307.86842620921,0
2024-06-13,739050.0,107307.86842620921,107307.86842620921,0
2024-06-14,739051.0,107307.86842620921,107307.86842620921,0
2024-06-15,739052.0,107307.86842620921,107307.86842620921,0
2024-06-16,739053.0,107307.86842620921,107307.86842620921,0
2024-06-17,739054.0,107307.86842620921,107307.86842620921,0
2024-06-18,739055.0,107307.86842620921,107307.86842620921,0
2024-06-19,739056.0,107307.86842620921,107307.86842620921,0
2024-06-20,739057.0,107307.86842620921,107307.86842620921,0
2024-06-21,739058.0,107307.86842620921,107307.86842620921,0
2024-06-22,739059.0,107307.86842620921,107307.86842620921,0
2024-06-23,739060.0,107307.86842620921,107307.86842620921,0
2024-06-24,739061.0,107307.86842620921,107307.86842620921,0
2024-06-25,739062.0,107307.86842620921,107307.86842620921,0
2024-06-26,739063.0,107307.86842620921,107307.86842620921,0
2024-06-27,739064.0,107307.86842620921,107307.86842620921,0
2024-06-28,739065.0,107307.86842620921,107307.86842620921,0
2024-06-29,739066.0,107307.86842620921,107307.86842620921,0
2024-06-30,739067.0,107307.86842620921,107307.86842620921,0
2024-07-01,739068.0,107307.86842620921,107307.86842620921,0
2024-07-02,739069.0,107307.86842620921,107307.86842620921,0
2024-07-03,739070.0,107307.86842620921,107307.86842620921,0
2024-07-04,739071.0,107307.86842620921,107307.86842620921,0
2024-07-05,739072.0,107307.86842620921,107307.86842620921,0
2024-07-06,739073.0,107307.86842620921,107307.86842620921,0
2024-07-07,739074.0,107307.86842620921,107307.86842620921,0
2024-07-08,739075.0,107307.86842620921,107307.86842620921,0
2024-07-09,739076.0,107307.86842620921,107307.86842620921,0
2024-07-10,739077.0,107307.86842620921,107307.86842620921,0
2024-07-11,739078.0,107307.86842620921,107307.86842620921,0
2024-07-12,739079.0,107307.86842620921,107307.86842620921,0
2024-07-13,739080.0,107307.86842620921,107307.86842620921,0
2024-07-14,739081.0,107307.86842620921,107307.86842620921,0
2024-07-15,739082.0,107307.86842620921,107307.86842620921,0
2024-07-16,739083.0,107307.86842620921,107307.86842620921,0
2024-07-17,739084.0,107307.86842620921,107307.86842620921,0
2024-07-18,739085.0,107307.86842620921,107307.86842620921,0
2024-07-19,739086.0,107307.86842620921,107307.86842620921,0
2024-07-20,739087.0,107307.86842620921,107307.86842620921,0
2024-07-21,739088.0,107307.86842620921,107307.86842620921,0
2024-07-22,739089.0,107307.86842620921,107307.86842620921,0
2024-07-23,739090.0,107307.86842620921,107307.86842620921,0
2024-07-24,739091.0,107307.86842620921,107307.86842620921,0
2024-07-25,739092.0,107307.86842620921,107307.86842620921,0
2024-07-26,739093.0,107307.86842620921,107307.86842620921,0
2024-07-27,739094.0,107307.86842620921,107307.86842620921,0
2024-07-28,739095.0,107307.86842620921,107307.86842620921,0
2024-07-29,739096.0,107307.86842620921,107307.86842620921,0
2024-07-30,739097.0,107307.86842620921,107307.86842620921,0
2024-07-31,739098.0,107307.86842620921,107307.86842620921,0
2024-08-01,739099.0,107307.86842620921,107307.86842620921,0
2024-08-02,739100.0,107307.86842620921,107307.86842620921,0
2024-08-03,739101.0,107307.86842620921,107307.86842620921,0
2024-08-04,739102.0,107307.86842620921,107307.86842620921,0
2024-08-05,739103.0,107307.86842620921,107307.86842620921,0
2024-08-06,739104.0,107307.86842620921,107307.86842620921,0
2024-08-07,739105.0,107307.86842620921,107307.86842620921,0
2024-08-08,739106.0,107307.86842620921,107307.86842620921,0
2024-08-09,739107.0,107307.86842620921,107307.86842620921,0
2024-08-10,739108.0,107307.86842620921,107307.86842620921,0
2024-08-11,739109.0,107307.86842620921,107307.86842620921,0
2024-08-12,739110.0,107307.86842620921,107307.86842620921,0
2024-08-13,739111.0,107307.86842620921,107307.86842620921,0
2024-08-14,739112.0,107307.86842620921,107307.86842620921,0
2024-08-15,739113.0,107307.86842620921,107307.86842620921,0
2024-08-16,739114.0,107307.86842620921,107307.86842620921,0
2024-08-17,739115.0,107307.86842620921,107307.86842620921,0
2024-08-18,739116.0,107307.86842620921,107307.86842620921,0
2024-08-19,739117.0,107307.86842620921,107307.86842620921,0
2024-08-20,739118.0,107307.86842620921,107307.86842620921,0
2024-08-21,739119.0,107307.86842620921,107307.86842620921,0
2024-08-22,739120.0,107307.86842620921,107307.86842620921,0
2024-08-23,739121.0,107307.86842620921,107307.86842620921,0
2024-08-24,739122.0,107307.86842620921,107307.86842620921,0
2024-08-25,739123.0,107307.86842620921,107307.86842620921,0
2024-08-26,739124.0,107307.86842620921,107307.86842620921,0
2024-08-27,739125.0,107307.86842620921,107307.86842620921,0
2024-08-28,739126.0,107307.86842620921,107307.86842620921,0
2024-08-29,739127.0,107307.86842620921,107307.86842620921,0
2024-08-30,739128.0,107307.86842620921,107307.86842620921,0
2024-08-31,739129.0,107307.86842620921,107307.86842620921,0
2024-09-01,739130.0,107307.86842620921,107307.86842620921,0
2024-09-02,739131.0,107307.86842620921,107307.86842620921,0
2024-09-03,739132.0,107307.86842620921,107307.86842620921,0
2024-09-04,739133.0,107307.86842620921,107307.86842620921,0
2024-09-05,739134.0,107307.86842620921,107307.86842620921,0
2024-09-06,739135.0,107307.86842620921,107307.86842620921,0
2024-09-07,739136.0,107307.86842620921,107307.86842620921,0
2024-09-08,739137.0,107307.86842620921,107307.86842620921,0
2024-09-09,739138.0,107307.86842620921,107307.86842620921,0
2024-09-10,739139.0,107307.86842620921,107307.86842620921,0
2024-09-11,739140.0,107307.86842620921,107307.86842620921,0
2024-09-12,739141.0,107307.86842620921,107307.86842620921,0
2024-09-13,739142.0,107307.86842620921,107307.86842620921,0
2024-09-14,739143.0,107307.86842620921,107307.86842620921,0
2024-09-15,739144.0,107307.86842620921,107307.86842620921,0
2024-09-16,739145.0,107307.86842620921,107307.86842620921,0
2024-09-17,739146.0,107307.86842620921,107307.86842620921,0
2024-09-18,739147.0,107307.86842620921,107307.86842620921,0
2024-09-19,739148.0,107307.86842620921,107307.86842620921,0
2024-09-20,739149.0,107307.86842620921,107307.86842620921,0
2024-09-21,739150.0,107307.86842620921,107307.86842620921,0
2024-09-22,739151.0,107307.86842620921,107307.86842620921,0
2024-09-23,739152.0,107307.86842620921,107307.86842620921,0
2024-09-24,739153.0,107317.00750587574,100354.81953529305,6962.187970582686
2024-09-25,739154.0,106997.55270263935,94662.00814070606,12335.544561933286
2024-09-26,739155.0,107400.45392880874,94662.00814070606,12738.445788102672
2024-09-27,739156.0,107835.54854134581,83644.55712636374,24190.991414982072
2024-09-28,739157.0,107875.6138253937,85108.89374323336,22766.72008216033
2024-09-29,739158.0,107610.62104973842,85108.89374323336,22501.72730650505
2024-09-30,739159.0,105902.73892241616,78996.46101354051,26906.277908875654
2024-10-01,739160.0,104893.22560148346,104893.22560148346,0
2024-10-02,739161.0,104893.22560148346,104893.22560148346,0
2024-10-03,739162.0,104893.22560148346,104893.22560148346,0
2024-10-04,739163.0,104893.22560148346,104893.22560148346,0
2024-10-05,739164.0,104893.22560148346,104893.22560148346,0
2024-10-06,739165.0,104893.22560148346,104893.22560148346,0
2024-10-07,739166.0,104893.22560148346,104893.22560148346,0
2024-10-08,739167.0,104893.22560148346,104893.22560148346,0
2024-10-09,739168.0,104893.22560148346,104893.22560148346,0
2024-10-10,739169.0,104893.22560148346,104893.22560148346,0
2024-10-11,739170.0,104893.22560148346,104893.22560148346,0
2024-10-12,739171.0,104893.22560148346,104893.22560148346,0
2024-10-13,739172.0,104893.22560148346,104893.22560148346,0
2024-10-14,739173.0,104893.22560148346,104893.22560148346,0
2024-10-15,739174.0,104663.47364907684,99326.56080343075,5336.912845646095
2024-10-16,739175.0,104827.47801901636,99326.56080343075,5500.9172155856
2024-10-17,739176.0,104889.16773614955,99326.56080343075,5562.606932718808
2024-10-18,739177.0,104853.05668221792,99326.56080343075,5526.495878787175
2024-10-19,739178.0,104792.87159233187,99326.56080343075,5466.310788901117
2024-10-20,739179.0,104892.17699064386,99326.56080343075,5565.616187213111
2024-10-21,739180.0,104797.38547407332,99326.56080343075,5470.824670642572
2024-10-22,739181.0,104702.59395750279,99326.56080343075,5376.033154072032
2024-10-23,739182.0,104564.16825076485,99326.56080343075,5237.607447334101
2024-10-24,739183.0,104862.08444570084,99326.56080343075,5535.523642270083
2024-10-25,739184.0,104056.31845062018,98803.66473081456,5252.653719805616
2024-10-26,739185.0,104039.76755090151,98803.66473081456,5236.10282008695
2024-10-27,739186.0,104102.96189528187,98803.66473081456,5299.297164467309
2024-10-28,739187.0,104300.06806465871,98803.66473081456,5496.403333844146
2024-10-29,739188.0,104613.0305320662,98803.66473081456,5809.365801251642
2024-10-30,739189.0,104354.23464555616,98803.66473081456,5550.569914741596
2024-10-31,739190.0,104203.77192084101,98803.66473081456,5400.107190026454
2024-11-01,739191.0,104063.84158685594,98803.66473081456,5260.176856041373
2024-11-02,739192.0,104125.53130398915,98803.66473081456,5321.8665731745805
2024-11-03,739193.0,103845.86340085985,103845.86340085985,0
2024-11-04,739194.0,103845.86340085985,103845.86340085985,0
2024-11-05,739195.0,103845.86340085985,103845.86340085985,0
2024-11-06,739196.0,103845.86340085985,103845.86340085985,0
2024-11-07,739197.0,103845.86340085985,103845.86340085985,0
2024-11-08,739198.0,103845.86340085985,103845.86340085985,0
2024-11-09,739199.0,103845.86340085985,103845.86340085985,0
2024-11-10,739200.0,103938.37227418761,98473.28922693928,5465.083047248331
2024-11-11,739201.0,104261.79182377455,98473.28922693928,5788.50259683527
2024-11-12,739202.0,104119.0434379245,99942.21335398467,4176.830083939829
2024-11-13,739203.0,104046.11179727022,99942.21335398467,4103.898443285549
2024-11-14,739204.0,103880.85673438938,99942.21335398467,3938.6433804047188
2024-11-15,739205.0,103921.01806687539,99942.21335398467,3978.804712890718
2024-11-16,739206.0,103976.20609862755,99942.21335398467,4033.9927446428787
2024-11-17,739207.0,103902.9783019466,99942.21335398467,3960.7649479619313
2024-11-18,739208.0,104072.68858157644,99942.21335398467,4130.47522759177
2024-11-19,739209.0,103943.46154315725,99942.21335398467,4001.2481891725697
2024-11-20,739210.0,103895.2138635083,99942.21335398467,3953.000509523631
2024-11-21,739211.0,104263.27142291189,99942.21335398467,4321.05806892722
2024-11-22,739212.0,104227.17901670533,99942.21335398467,4284.965662720662
2024-11-23,739213.0,104312.33031254692,99942.21335398467,4370.116958562249
2024-11-24,739214.0,104270.21177501511,99942.21335398467,4327.998421030443
2024-11-25,739215.0,104338.82983875922,99942.21335398467,4396.616484774556
2024-11-26,739216.0,104223.25173026473,99942.21335398467,4281.038376280062
2024-11-27,739217.0,104646.3041761857,99942.21335398467,4704.090822201029
2024-11-28,739218.0,104550.38825259218,99942.21335398467,4608.174898607504
2024-11-29,739219.0,104567.66831293081,99942.21335398467,4625.454958946141
2024-11-30,739220.0,104718.1878443025,101538.93143743822,3179.2564068642846
2024-12-01,739221.0,104721.63012159799,101538.93143743822,3182.698684159761
2024-12-02,739222.0,104666.5279321724,101538.93143743822,3127.59649473417
2024-12-03,739223.0,104641.71091556086,101538.93143743822,3102.7794781226444
2024-12-04,739224.0,104833.38824656009,101538.93143743822,3294.4568091218684
2024-12-05,739225.0,104788.23518278402,101538.93143743822,3249.3037453457955
2024-12-06,739226.0,104971.65448196717,101538.93143743822,3432.7230445289397
2024-12-07,739227.0,104969.37966031305,101538.93143743822,3430.448222874822
2024-12-08,739228.0,104976.18695681008,101538.93143743822,3437.2555193718613
2024-12-09,739229.0,104725.39859973443,101538.93143743822,3186.4671622962046
2024-12-10,739230.0,104653.50565123165,101538.93143743822,3114.574213793428
2024-12-11,739231.0,104828.24629119852,101538.93143743822,3289.3148537602965
2024-12-12,739232.0,104870.99576983062,101538.93143743822,3332.0643323923955
2024-12-13,739233.0,104892.61945189373,101538.93143743822,3353.6880144554993
2024-12-14,739234.0,104861.27841846284,101538.93143743822,3322.346981024617
2024-12-15,739235.0,104937.50640445742,101538.93143743822,3398.574967019203
2024-12-16,739236.0,104960.81259612131,101538.93143743822,3421.881158683088
2024-12-17,739237.0,104880.78179505965,101538.93143743822,3341.8503576214302
2024-12-18,739238.0,104652.26093749638,101538.93143743822,3113.329500058156
2024-12-19,739239.0,104464.50507844663,104464.50507844663,0
2024-12-20,739240.0,104464.50507844663,104464.50507844663,0
2024-12-21,739241.0,104464.50507844663,104464.50507844663,0
2024-12-22,739242.0,104464.50507844663,104464.50507844663,0
2024-12-23,739243.0,104464.50507844663,104464.50507844663,0
2024-12-24,739244.0,104464.50507844663,104464.50507844663,0
2024-12-25,739245.0,104464.50507844663,104464.50507844663,0
2024-12-26,739246.0,104464.50507844663,104464.50507844663,0
2024-12-27,739247.0,104464.50507844663,104464.50507844663,0
2024-12-28,739248.0,104464.50507844663,104464.50507844663,0
2024-12-29,739249.0,104464.50507844663,104464.50507844663,0
2024-12-30,739250.0,104464.50507844663,104464.50507844663,0
2024-12-31,739251.0,104464.50507844663,104464.50507844663,0
2025-01-01,739252.0,104464.50507844663,104464.50507844663,0
2025-01-02,739253.0,104464.50507844663,104464.50507844663,0
2025-01-03,739254.0,104464.50507844663,104464.50507844663,0
2025-01-04,739255.0,104464.50507844663,104464.50507844663,0
2025-01-05,739256.0,104464.50507844663,104464.50507844663,0
2025-01-06,739257.0,104464.50507844663,104464.50507844663,0
2025-01-07,739258.0,104464.50507844663,104464.50507844663,0
2025-01-08,739259.0,104464.50507844663,104464.50507844663,0
2025-01-09,739260.0,104464.50507844663,104464.50507844663,0
2025-01-10,739261.0,104464.50507844663,104464.50507844663,0
2025-01-11,739262.0,104464.50507844663,104464.50507844663,0
2025-01-12,739263.0,104464.50507844663,104464.50507844663,0
2025-01-13,739264.0,104464.50507844663,104464.50507844663,0
2025-01-14,739265.0,104464.50507844663,104464.50507844663,0
2025-01-15,739266.0,104464.50507844663,104464.50507844663,0
2025-01-16,739267.0,104464.50507844663,104464.50507844663,0
2025-01-17,739268.0,104464.50507844663,104464.50507844663,0
2025-01-18,739269.0,104464.50507844663,104464.50507844663,0
2025-01-19,739270.0,104464.50507844663,104464.50507844663,0
2025-01-20,739271.0,104464.50507844663,104464.50507844663,0
2025-01-21,739272.0,104464.50507844663,104464.50507844663,0
2025-01-22,739273.0,104464.50507844663,104464.50507844663,0
2025-01-23,739274.0,104464.50507844663,104464.50507844663,0
2025-01-24,739275.0,104464.50507844663,104464.50507844663,0
2025-01-25,739276.0,104464.50507844663,104464.50507844663,0
2025-01-26,739277.0,104464.50507844663,104464.50507844663,0
2025-01-27,739278.0,104464.50507844663,104464.50507844663,0
2025-01-28,739279.0,104464.50507844663,104464.50507844663,0
2025-01-29,739280.0,104464.50507844663,104464.50507844663,0
2025-01-30,739281.0,104464.50507844663,104464.50507844663,0
2025-01-31,739282.0,104464.50507844663,104464.50507844663,0
2025-02-01,739283.0,104464.50507844663,104464.50507844663,0
2025-02-02,739284.0,104464.50507844663,104464.50507844663,0
2025-02-03,739285.0,104464.50507844663,104464.50507844663,0
2025-02-04,739286.0,104464.50507844663,104464.50507844663,0
2025-02-05,739287.0,104464.50507844663,104464.50507844663,0
2025-02-06,739288.0,104464.50507844663,104464.50507844663,0
2025-02-07,739289.0,104464.50507844663,104464.50507844663,0
2025-02-08,739290.0,104464.50507844663,104464.50507844663,0
2025-02-09,739291.0,104464.50507844663,104464.50507844663,0
2025-02-10,739292.0,104464.50507844663,104464.50507844663,0
2025-02-11,739293.0,104464.50507844663,104464.50507844663,0
2025-02-12,739294.0,104464.50507844663,104464.50507844663,0
2025-02-13,739295.0,104464.50507844663,104464.50507844663,0
2025-02-14,739296.0,104464.50507844663,104464.50507844663,0
2025-02-15,739297.0,104464.50507844663,104464.50507844663,0
2025-02-16,739298.0,104464.50507844663,104464.50507844663,0
2025-02-17,739299.0,104464.50507844663,104464.50507844663,0
2025-02-18,739300.0,104464.50507844663,104464.50507844663,0
2025-02-19,739301.0,104464.50507844663,104464.50507844663,0
2025-02-20,739302.0,104464.50507844663,104464.50507844663,0
2025-02-21,739303.0,104464.50507844663,104464.50507844663,0
2025-02-22,739304.0,104464.50507844663,104464.50507844663,0
2025-02-23,739305.0,104464.50507844663,104464.50507844663,0
2025-02-24,739306.0,104464.50507844663,104464.50507844663,0
2025-02-25,739307.0,104464.50507844663,104464.50507844663,0
2025-02-26,739308.0,104464.50507844663,104464.50507844663,0
2025-02-27,739309.0,104464.50507844663,104464.50507844663,0
2025-02-28,739310.0,104464.50507844663,104464.50507844663,0
2025-03-01,739311.0,104464.50507844663,104464.50507844663,0
2025-03-02,739312.0,104464.50507844663,104464.50507844663,0
2025-03-03,739313.0,104464.50507844663,104464.50507844663,0
2025-03-04,739314.0,104464.50507844663,104464.50507844663,0
2025-03-05,739315.0,104464.50507844663,104464.50507844663,0
2025-03-06,739316.0,104464.50507844663,104464.50507844663,0
2025-03-07,739317.0,104464.50507844663,104464.50507844663,0
2025-03-08,739318.0,104464.50507844663,104464.50507844663,0
2025-03-09,739319.0,104464.50507844663,104464.50507844663,0
2025-03-10,739320.0,104464.50507844663,104464.50507844663,0
2025-03-11,739321.0,104464.50507844663,104464.50507844663,0
2025-03-12,739322.0,104464.50507844663,104464.50507844663,0
2025-03-13,739323.0,104464.50507844663,104464.50507844663,0
2025-03-14,739324.0,104464.50507844663,104464.50507844663,0
2025-03-15,739325.0,104464.50507844663,104464.50507844663,0
2025-03-16,739326.0,104464.50507844663,104464.50507844663,0
2025-03-17,739327.0,104464.50507844663,104464.50507844663,0
2025-03-18,739328.0,104464.50507844663,104464.50507844663,0
2025-03-19,739329.0,104464.50507844663,104464.50507844663,0
2025-03-20,739330.0,104464.50507844663,104464.50507844663,0
2025-03-21,739331.0,104464.50507844663,104464.50507844663,0
2025-03-22,739332.0,104464.50507844663,104464.50507844663,0
2025-03-23,739333.0,104464.50507844663,104464.50507844663,0
2025-03-24,739334.0,104464.50507844663,104464.50507844663,0
2025-03-25,739335.0,104464.50507844663,104464.50507844663,0
2025-03-26,739336.0,104464.50507844663,104464.50507844663,0
2025-03-27,739337.0,104464.50507844663,104464.50507844663,0
2025-03-28,739338.0,104464.50507844663,104464.50507844663,0
2025-03-29,739339.0,104464.50507844663,104464.50507844663,0
2025-03-30,739340.0,104464.50507844663,104464.50507844663,0
2025-03-31,739341.0,104464.50507844663,104464.50507844663,0
2025-04-01,739342.0,104464.50507844663,104464.50507844663,0
2025-04-02,739343.0,104464.50507844663,104464.50507844663,0
2025-04-03,739344.0,104464.50507844663,104464.50507844663,0
2025-04-04,739345.0,104464.50507844663,104464.50507844663,0
2025-04-05,739346.0,104464.50507844663,104464.50507844663,0
2025-04-06,739347.0,104464.50507844663,104464.50507844663,0
2025-04-07,739348.0,104464.50507844663,104464.50507844663,0
2025-04-08,739349.0,104464.50507844663,104464.50507844663,0
2025-04-09,739350.0,104464.50507844663,104464.50507844663,0
2025-04-10,739351.0,104464.50507844663,104464.50507844663,0
2025-04-11,739352.0,104464.50507844663,104464.50507844663,0
2025-04-12,739353.0,104464.50507844663,104464.50507844663,0
2025-04-13,739354.0,104464.50507844663,104464.50507844663,0
2025-04-14,739355.0,104464.50507844663,104464.50507844663,0
2025-04-15,739356.0,104464.50507844663,104464.50507844663,0
2025-04-16,739357.0,104464.50507844663,104464.50507844663,0
2025-04-17,739358.0,104464.50507844663,104464.50507844663,0
2025-04-18,739359.0,104464.50507844663,104464.50507844663,0
2025-04-19,739360.0,104464.50507844663,104464.50507844663,0
2025-04-20,739361.0,104464.50507844663,104464.50507844663,0
2025-04-21,739362.0,104464.50507844663,104464.50507844663,0
2025-04-22,739363.0,104464.50507844663,104464.50507844663,0
2025-04-23,739364.0,104464.50507844663,104464.50507844663,0
2025-04-24,739365.0,104464.50507844663,104464.50507844663,0
2025-04-25,739366.0,104464.50507844663,104464.50507844663,0
2025-04-26,739367.0,104464.50507844663,104464.50507844663,0
2025-04-27,739368.0,104464.50507844663,104464.50507844663,0
2025-04-28,739369.0,104464.50507844663,104464.50507844663,0
2025-04-29,739370.0,104464.50507844663,104464.50507844663,0
2025-04-30,739371.0,104464.50507844663,104464.50507844663,0
2025-05-01,739372.0,104464.50507844663,104464.50507844663,0
2025-05-02,739373.0,104464.50507844663,104464.50507844663,0
2025-05-03,739374.0,104464.50507844663,104464.50507844663,0
2025-05-04,739375.0,104464.50507844663,104464.50507844663,0
2025-05-05,739376.0,104464.50507844663,104464.50507844663,0
2025-05-06,739377.0,104464.50507844663,104464.50507844663,0
2025-05-07,739378.0,104464.50507844663,104464.50507844663,0
2025-05-08,739379.0,104464.50507844663,104464.50507844663,0
2025-05-09,739380.0,104741.7516607796,98868.08713443208,5873.664526347526
2025-05-10,739381.0,104915.46635999037,98868.08713443208,6047.379225558289
2025-05-11,739382.0,104809.27960739352,100393.57773513634,4415.701872257182
2025-05-12,739383.0,104835.54078256775,100393.57773513634,4441.963047431412
2025-05-13,739384.0,105078.52039364581,100393.57773513634,4684.942658509482
2025-05-14,739385.0,104897.2417960839,100393.57773513634,4503.6640609475635
2025-05-15,739386.0,104706.52957248852,100393.57773513634,4312.951837352185
2025-05-16,739387.0,104661.65610811314,100393.57773513634,4268.078372976802
2025-05-17,739388.0,104624.43152971083,100393.57773513634,4230.853794574495
2025-05-18,739389.0,104812.08419891699,100393.57773513634,4418.506463780644
2025-05-19,739390.0,104499.2771053701,104499.2771053701,0
2025-05-20,739391.0,104499.2771053701,104499.2771053701,0
2025-05-21,739392.0,104499.2771053701,104499.2771053701,0
2025-05-22,739393.0,104499.2771053701,104499.2771053701,0
2025-05-23,739394.0,104499.2771053701,104499.2771053701,0
2025-05-24,739395.0,104499.2771053701,104499.2771053701,0
2025-05-25,739396.0,104499.2771053701,104499.2771053701,0
2025-05-26,739397.0,104499.2771053701,104499.2771053701,0
2025-05-27,739398.0,104499.2771053701,104499.2771053701,0
2025-05-28,739399.0,104499.2771053701,104499.2771053701,0
2025-05-29,739400.0,104499.2771053701,104499.2771053701,0
2025-05-30,739401.0,104499.2771053701,104499.2771053701,0
2025-05-31,739402.0,104499.2771053701,104499.2771053701,0
2025-06-01,739403.0,104499.2771053701,104499.2771053701,0
2025-06-02,739404.0,104499.2771053701,104499.2771053701,0
2025-06-03,739405.0,104499.2771053701,104499.2771053701,0
2025-06-04,739406.0,104499.2771053701,104499.2771053701,0
2025-06-05,739407.0,104499.2771053701,104499.2771053701,0
2025-06-06,739408.0,104499.2771053701,104499.2771053701,0
2025-06-07,739409.0,104499.2771053701,104499.2771053701,0
2025-06-08,739410.0,104499.2771053701,104499.2771053701,0
2025-06-09,739411.0,104499.2771053701,104499.2771053701,0
2025-06-10,739412.0,104499.2771053701,104499.2771053701,0
2025-06-11,739413.0,104411.7593804151,99317.68750658415,5094.071873830955
2025-06-12,739414.0,104174.73775441099,99317.68750658415,4857.050247826849
2025-06-13,739415.0,103976.78071984326,103976.78071984326,0
2025-06-14,739416.0,103976.78071984326,103976.78071984326,0
2025-06-15,739417.0,103976.78071984326,103976.78071984326,0
2025-06-16,739418.0,103976.78071984326,103976.78071984326,0
2025-06-17,739419.0,103976.78071984326,103976.78071984326,0
2025-06-18,739420.0,103976.78071984326,103976.78071984326,0
2025-06-19,739421.0,103976.78071984326,103976.78071984326,0
2025-06-20,739422.0,103976.78071984326,103976.78071984326,0
2025-06-21,739423.0,103976.78071984326,103976.78071984326,0
2025-06-22,739424.0,103976.78071984326,103976.78071984326,0
2025-06-23,739425.0,103976.78071984326,103976.78071984326,0
2025-06-24,739426.0,103976.78071984326,103976.78071984326,0
2025-06-25,739427.0,103976.78071984326,103976.78071984326,0
2025-06-26,739428.0,103976.78071984326,103976.78071984326,0
2025-06-27,739429.0,103976.78071984326,103976.78071984326,0
2025-06-28,739430.0,103976.78071984326,103976.78071984326,0
2025-06-29,739431.0,103976.78071984326,103976.78071984326,0
2025-06-30,739432.0,103976.78071984326,103976.78071984326,0
2025-07-01,739433.0,103976.78071984326,103976.78071984326,0
2025-07-02,739434.0,103976.78071984326,103976.78071984326,0
2025-07-03,739435.0,103976.78071984326,103976.78071984326,0
2025-07-04,739436.0,103976.78071984326,103976.78071984326,0
2025-07-05,739437.0,103976.78071984326,103976.78071984326,0
2025-07-06,739438.0,103976.78071984326,103976.78071984326,0
2025-07-07,739439.0,103976.78071984326,103976.78071984326,0
2025-07-08,739440.0,103976.78071984326,103976.78071984326,0
2025-07-09,739441.0,103976.78071984326,103976.78071984326,0
2025-07-10,739442.0,104729.53080492216,91744.51508566787,12985.015719254294
2025-07-11,739443.0,105210.7601436584,96920.38249009752,8290.377653560881
2025-07-12,739444.0,104881.80473829294,90399.70035801985,14482.104380273082
2025-07-13,739445.0,105077.11942583743,90399.70035801985,14677.419067817584
2025-07-14,739446.0,105267.87611194317,90399.70035801985,14868.175753923317
2025-07-15,739447.0,105216.25989259547,96394.3966071711,8821.863285424362
2025-07-16,739448.0,105681.66353834944,98092.97379079732,7588.689747552122
2025-07-17,739449.0,106452.20429265534,92563.82852502991,13888.375767625432
2025-07-18,739450.0,106609.22541692664,88586.49761000313,18022.727806923496
2025-07-19,739451.0,107153.50787625882,79609.77859891889,27543.729277339942
2025-07-20,739452.0,107995.48570823153,81238.59631870137,26756.889389530155
2025-07-21,739453.0,108379.95099645562,79609.68358985079,28770.267406604842
2025-07-22,739454.0,108939.76251919025,79609.68358985079,29330.07892933946
2025-07-23,739455.0,107500.55704734457,79609.68358985079,27890.873457493777
2025-07-24,739456.0,107147.37401522283,84577.73419475151,22569.639820471315
2025-07-25,739457.0,107431.42194354745,84577.73419475151,22853.68774879594
2025-07-26,739458.0,107511.17717018562,84577.73419475151,22933.44297543411
2025-07-27,739459.0,108235.21604330324,87079.62731781817,21155.58872548507
2025-07-28,739460.0,107594.84904098703,87079.62731781817,20515.221723168856
2025-07-29,739461.0,107426.56473935729,87079.62731781817,20346.937421539114
2025-07-30,739462.0,107116.12931077095,91142.54515100141,15973.584159769536
2025-07-31,739463.0,106717.85239561617,91142.54515100141,15575.307244614756
2025-08-01,739464.0,106177.77116193289,93919.33435925301,12258.436802679877
2025-08-02,739465.0,105833.79276951241,101309.98897361572,4523.80379589669
2025-08-03,739466.0,105924.6472522007,101309.98897361572,4614.658278584982
2025-08-04,739467.0,106031.65773823383,101309.98897361572,4721.668764618115
2025-08-05,739468.0,105948.72768304168,101309.98897361572,4638.738709425963
2025-08-06,739469.0,106037.30926792101,101309.98897361572,4727.320294305285
2025-08-07,739470.0,106154.7627979413,101309.98897361572,4844.773824325578
2025-08-08,739471.0,106184.43332879894,101309.98897361572,4874.4443551832155
2025-08-09,739472.0,106545.89452150662,95970.75829486779,10575.136226638839
2025-08-10,739473.0,106584.06438903499,95970.75829486779,10613.306094167205
2025-08-11,739474.0,106534.59586205464,95970.75829486779,10563.837567186853
2025-08-12,739475.0,107128.28606401784,97434.33567900589,9693.950385011945
2025-08-13,739476.0,107382.16786313847,97434.33567900589,9947.832184132576
2025-08-14,739477.0,107133.54166214494,97434.33567900589,9699.205983139047
2025-08-15,739478.0,106948.95222471545,97434.33567900589,9514.616545709569
2025-08-16,739479.0,106998.47018773582,97434.33567900589,9564.13450872993
2025-08-17,739480.0,107151.09934209546,97434.33567900589,9716.763663089569
2025-08-18,739481.0,106940.58102675129,97434.33567900589,9506.24534774539
2025-08-19,739482.0,106563.16805853257,97434.33567900589,9128.832379526675
2025-08-20,739483.0,107099.21236013788,97434.33567900589,9664.87668113199
2025-08-21,739484.0,106807.01754202138,97434.33567900589,9372.681863015492
2025-08-22,739485.0,107772.72207689205,99028.68365495904,8744.038421933015
2025-08-23,739486.0,107615.45386197594,99028.68365495904,8586.770207016909
2025-08-24,739487.0,107592.59888297242,99028.68365495904,8563.91522801339
2025-08-25,739488.0,107095.4390613176,99028.68365495904,8066.755406358559
2025-08-26,739489.0,107394.49875538259,99028.68365495904,8365.815100423555
2025-08-27,739490.0,107279.68926929453,99028.68365495904,8251.005614335489
2025-08-28,739491.0,107395.03733652012,99028.68365495904,8366.353681561091
2025-08-29,739492.0,107225.96195577228,99028.68365495904,8197.278300813241
2025-08-30,739493.0,107233.11196834096,99028.68365495904,8204.42831338193
2025-08-31,739494.0,107218.44933131752,99028.68365495904,8189.7656763584755
2025-09-01,739495.0,107093.48153904521,99028.68365495904,8064.797884086182
2025-09-02,739496.0,107139.05836368664,99028.68365495904,8110.374708727597
2025-09-03,739497.0,107239.69422490969,99028.68365495904,8211.010569950653
2025-09-04,739498.0,107069.61407045883,99028.68365495904,8040.93041549979
2025-09-05,739499.0,107116.1898256499,99028.68365495904,8087.506170690863
2025-09-06,739500.0,107159.15951674161,99028.68365495904,8130.475861782568
2025-09-07,739501.0,107299.0878741932,99028.68365495904,8270.404219234164
2025-09-08,739502.0,107287.10595709652,99028.68365495904,8258.422302137475
2025-09-09,739503.0,107301.43626205463,99028.68365495904,8272.752607095596
2025-09-10,739504.0,107412.05753988546,99028.68365495904,8383.373884926414
2025-09-11,739505.0,107540.17877322157,99028.68365495904,8511.495118262541
2025-09-12,739506.0,107844.01883780358,99028.68365495904,8815.33518284454
2025-09-13,739507.0,107868.21733866012,99028.68365495904,8839.53368370108
2025-09-14,739508.0,107536.1212431913,92880.7151549395,14655.4060882518
2025-09-15,739509.0,107148.3237125937,98489.76912487806,8658.554587715646
2025-09-16,739510.0,107354.3534959148,98489.76912487806,8864.584371036728
2025-09-17,739511.0,107624.60003374398,98489.76912487806,9134.830908865912
2025-09-18,739512.0,107567.77291195182,98489.76912487806,9078.003787073758
2025-09-19,739513.0,107507.37032288962,98489.76912487806,9017.601198011564
2025-09-20,739514.0,107881.7899566875,98489.76912487806,9392.020831809443
2025-09-21,739515.0,107882.9663505794,98489.76912487806,9393.197225701333
2025-09-22,739516.0,107475.09506062152,101375.74307541495,6099.351985206571
2025-09-23,739517.0,107616.87474016484,101375.74307541495,6241.131664749897
2025-09-24,739518.0,107632.29358746354,101375.74307541495,6256.550512048586
2025-09-25,739519.0,107186.37560921181,101375.74307541495,5810.632533796854
2025-09-26,739520.0,107277.90581827574,101375.74307541495,5902.162742860785
2025-09-27,739521.0,107324.89951621796,101375.74307541495,5949.156440803005
2025-09-28,739522.0,107475.77078699716,101375.74307541495,6100.027711582211
2025-09-29,739523.0,107701.70911514289,101375.74307541495,6325.966039727943
2025-09-30,739524.0,107570.98677629186,101375.74307541495,6195.243700876906
2025-10-01,739525.0,107681.49875354422,101375.74307541495,6305.755678129263
2025-10-02,739526.0,108072.92861405118,101375.74307541495,6697.185538636226
2025-10-03,739527.0,108682.1880861962,101375.74307541495,7306.445010781244
2025-10-04,739528.0,108444.76240966459,101375.74307541495,7069.019334249635
2025-10-05,739529.0,108546.91995172722,101375.74307541495,7171.176876312265
2025-10-06,739530.0,108889.75894285864,101375.74307541495,7514.015867443677
2025-10-07,739531.0,109388.81358610385,101375.74307541495,8013.0705106889
2025-10-08,739532.0,109407.05819824613,101375.74307541495,8031.3151228311735
2025-10-09,739533.0,109087.31676322749,101375.74307541495,7711.573687812538
2025-10-10,739534.0,106428.11039482149,106428.11039482149,0
2025-10-11,739535.0,106428.11039482149,106428.11039482149,0
2025-10-12,739536.0,106428.11039482149,106428.11039482149,0
2025-10-13,739537.0,106428.11039482149,106428.11039482149,0
2025-10-14,739538.0,106428.11039482149,106428.11039482149,0
2025-10-15,739539.0,106428.11039482149,106428.11039482149,0
2025-10-16,739540.0,106428.11039482149,106428.11039482149,0
2025-10-17,739541.0,106428.11039482149,106428.11039482149,0
2025-10-18,739542.0,106428.11039482149,106428.11039482149,0
2025-10-19,739543.0,106428.11039482149,106428.11039482149,0
2025-10-20,739544.0,106428.11039482149,106428.11039482149,0
2025-10-21,739545.0,106428.11039482149,106428.11039482149,0
2025-10-22,739546.0,106428.11039482149,106428.11039482149,0
2025-10-23,739547.0,106428.11039482149,106428.11039482149,0
2025-10-24,739548.0,106428.11039482149,106428.11039482149,0
2025-10-25,739549.0,106428.11039482149,106428.11039482149,0
2025-10-26,739550.0,106428.11039482149,106428.11039482149,0
2025-10-27,739551.0,106428.11039482149,106428.11039482149,0
2025-10-28,739552.0,106428.11039482149,106428.11039482149,0
2025-10-29,739553.0,106428.11039482149,106428.11039482149,0
2025-10-30,739554.0,106428.11039482149,106428.11039482149,0
2025-10-31,739555.0,106428.11039482149,106428.11039482149,0
2025-11-01,739556.0,106428.11039482149,106428.11039482149,0
2025-11-02,739557.0,106428.11039482149,106428.11039482149,0
2025-11-03,739558.0,106428.11039482149,106428.11039482149,0
2025-11-04,739559.0,106428.11039482149,106428.11039482149,0
2025-11-05,739560.0,106428.11039482149,106428.11039482149,0
2025-11-06,739561.0,106428.11039482149,106428.11039482149,0
2025-11-07,739562.0,106428.11039482149,106428.11039482149,0
2025-11-08,739563.0,106428.11039482149,106428.11039482149,0
2025-11-09,739564.0,106428.11039482149,106428.11039482149,0
2025-11-10,739565.0,106428.11039482149,106428.11039482149,0
2025-11-11,739566.0,106428.11039482149,106428.11039482149,0
2025-11-12,739567.0,106428.11039482149,106428.11039482149,0
2025-11-13,739568.0,106428.11039482149,106428.11039482149,0
2025-11-14,739569.0,106428.11039482149,106428.11039482149,0
2025-11-15,739570.0,106428.11039482149,106428.11039482149,0
2025-11-16,739571.0,106428.11039482149,106428.11039482149,0
2025-11-17,739572.0,106428.11039482149,106428.11039482149,0
2025-11-18,739573.0,106428.11039482149,106428.11039482149,0
2025-11-19,739574.0,106428.11039482149,106428.11039482149,0
2025-11-20,739575.0,106428.11039482149,106428.11039482149,0
2025-11-21,739576.0,106428.11039482149,106428.11039482149,0
2025-11-22,739577.0,106428.11039482149,106428.11039482149,0
2025-11-23,739578.0,106428.11039482149,106428.11039482149,0
2025-11-24,739579.0,106428.11039482149,106428.11039482149,0
2025-11-25,739580.0,106428.11039482149,106428.11039482149,0
2025-11-26,739581.0,106428.11039482149,106428.11039482149,0
2025-11-27,739582.0,106428.11039482149,106428.11039482149,0
2025-11-28,739583.0,106428.11039482149,106428.11039482149,0
2025-11-29,739584.0,106428.11039482149,106428.11039482149,0
2025-11-30,739585.0,106428.11039482149,106428.11039482149,0
2025-12-01,739586.0,106428.11039482149,106428.11039482149,0
2025-12-02,739587.0,106428.11039482149,106428.11039482149,0
2025-12-03,739588.0,106428.11039482149,106428.11039482149,0
2025-12-04,739589.0,106428.11039482149,106428.11039482149,0
2025-12-05,739590.0,106428.11039482149,106428.11039482149,0
2025-12-06,739591.0,106428.11039482149,106428.11039482149,0
2025-12-07,739592.0,106428.11039482149,106428.11039482149,0
2025-12-08,739593.0,106428.11039482149,106428.11039482149,0
2025-12-09,739594.0,106428.11039482149,106428.11039482149,0
2025-12-10,739595.0,106428.11039482149,106428.11039482149,0
2025-12-11,739596.0,106428.11039482149,106428.11039482149,0
2025-12-12,739597.0,106428.11039482149,106428.11039482149,0
2025-12-13,739598.0,106428.11039482149,106428.11039482149,0
2025-12-14,739599.0,106428.11039482149,106428.11039482149,0
2025-12-15,739600.0,106428.11039482149,106428.11039482149,0
2025-12-16,739601.0,106428.11039482149,106428.11039482149,0
2025-12-17,739602.0,106428.11039482149,106428.11039482149,0
2025-12-18,739603.0,106428.11039482149,106428.11039482149,0
2025-12-19,739604.0,106428.11039482149,106428.11039482149,0
2025-12-20,739605.0,106428.11039482149,106428.11039482149,0
2025-12-21,739606.0,106428.11039482149,106428.11039482149,0
2025-12-22,739607.0,106428.11039482149,106428.11039482149,0
2025-12-23,739608.0,106428.11039482149,106428.11039482149,0
2025-12-24,739609.0,106428.11039482149,106428.11039482149,0
2025-12-25,739610.0,106428.11039482149,106428.11039482149,0
2025-12-26,739611.0,106428.11039482149,106428.11039482149,0
2025-12-27,739612.0,106428.11039482149,106428.11039482149,0
2025-12-28,739613.0,106428.11039482149,106428.11039482149,0
2025-12-29,739614.0,106428.11039482149,106428.11039482149,0
2025-12-30,739615.0,106428.11039482149,106428.11039482149,0
2025-12-31,739616.0,106428.11039482149,106428.11039482149,0
2026-01-01,739617.0,106428.11039482149,106428.11039482149,0.0
